"classification_plain","classification_text","huntbellPath","id","leadHead","leadHeadCode","lengthOfLead","name","notation","numberOfHunts","stage","symmetry","title"
"true","Bob","1 2 3 4 5 6 7 8 9 10 11 12 13 13 12 11 10 9 8 7 6 5 4 3 2 1","id4518",,"p","26","Plain","A.1.A.1.A.1.A.1.A.1.A.1.A,12A","1","13","palindromic","Plain Bob Sextuples"
"true","Bob","1 2 3 4 5 6 7 8 9 10 11 12 13 13 12 11 10 9 8 7 6 5 4 3 2 1","id4519",,"a","26","Grandsire","3,1.A.1.A.1.A.1.A.1.A.1.A.1","2","13","palindromic","Grandsire Sextuples"
,,,"id21768","241638507T9AE",,"6","Erin","A.3.1.3.1.3","0","13","palindromic","Erin Sextuples"
,,,"id21769","6348201T5A7E9",,"12","Stedman","3.1.A.3.1.3.1.3.A.1.3.1","0","13","palindromic","Stedman Sextuples"
