"id","stage","name","title","notation","leadHead","leadHeadCode","lengthOfLead","symmetry","numberOfHunts","huntbellPath","classification_text","classification_little","classification_differential","classification_plain"
"id4518","13","Plain","Plain Bob Sextuples","A.1.A.1.A.1.A.1.A.1.A.1.A,12A",,"p","26","palindromic","1","1 2 3 4 5 6 7 8 9 10 11 12 13 13 12 11 10 9 8 7 6 5 4 3 2 1","Bob",,,"true"
"id4519","13","Grandsire","Grandsire Sextuples","3,1.A.1.A.1.A.1.A.1.A.1.A.1",,"a","26","palindromic","2","1 2 3 4 5 6 7 8 9 10 11 12 13 13 12 11 10 9 8 7 6 5 4 3 2 1","Bob",,,"true"
"id21768","13","Erin","Erin Sextuples","A.3.1.3.1.3","241638507T9AE",,"6","palindromic","0",,,,,
"id21769","13","Stedman","Stedman Sextuples","3.1.A.3.1.3.1.3.A.1.3.1","6348201T5A7E9",,"12","palindromic","0",,,,,
