[
  {
    "id": "id4534",
    "stage": "18",
    "title": "Little Bob Eighteen",
    "notation": "-1G-14,12"
  },
  {
    "id": "id14749",
    "stage": "18",
    "name": "York",
    "title": "York Surprise Eighteen",
    "notation": "-3G-14-12-3G.14-14.3G.14-14.3G.14-14.3G.14-14.3G.14-14.3G.14-14.3G.14-14.3G,12"
  },
  {
    "id": "id14750",
    "stage": "18",
    "name": "Feering",
    "title": "Feering Surprise Eighteen",
    "notation": "-3G-14-12-3G.14-14.3G.14-14.3G.14-14.3G.14-14.3G.14-14.3G.14-14.3G.14-34.FG,12"
  },
  {
    "id": "id14751",
    "stage": "18",
    "name": "Newgate",
    "title": "Newgate Surprise Eighteen",
    "notation": "3G-3G.14-12-3G.14-14.5G.16-16.7G.14.58.14.9G.14-14.9G.14-14.9G.14-14.9G.14-14.9G,12"
  }
]
