"name","notation","stage","title"
"Plain","-1D-1D-1D-1D-1D-1D-1D-1D,12","16","Plain Bob Sixteen"
"Birmingham","-1D-3D.12.5D.14.5D.14.5D.14.5D.14.5D.14.5D,1D","16","Birmingham Bob Sixteen"
"Bastow","-12,1D","16","Bastow Little Bob Sixteen"
,"-1D-14,12","16","Little Bob Sixteen"
"Grandsire","3D,1D-1D-1D-1D-1D-1D-1D-1D-","16","Grandsire Sixteen"
"Superlative","-3B-14-5D-36-147B-58-369D-70-18EB-9T-30AD-EB-1T-AD-3B-CD,12","16","Superlative Surprise Sixteen"
"York","-3D-14-12-3D.14-14.3D.14-14.3D.14-14.3D.14-14.3D.14-14.3D.14-14.3D,12","16","York Surprise Sixteen"
"Feering","-3D-14-12-3D.14-14.3D.14-14.3D.14-14.3D.14-14.3D.14-14.3D.14-34.CD,12","16","Feering Surprise Sixteen"
"Phobos Moon","-3D-14-12.5D.16-34-5D-16-167D-16-7D-16-7D-16-7D-16-7D,1D","16","Phobos Moon Surprise Sixteen"
"Cambridge","-3D-14-125D-36-147D-58-169D-70-18ED-9T-10AD-EB-1T-AD-1B-CD,12","16","Cambridge Surprise Sixteen"
"Yorkshire","-3D-14-5D-16-127D-38-149D-50-16ED-7T-18AD-9B-10-ED-1T-CD,12","16","Yorkshire Surprise Sixteen"
"Lincolnshire","-3D-14-5D-16-7D-18-9D-10-ED-1T-AD-1B-1T-AD-EB-CD,12","16","Lincolnshire Surprise Sixteen"
"Sawley","-5D-14-56-36-14-3D-14-3D-14-3D-14-3D-14-3D-14-3D,12","16","Sawley Surprise Sixteen"
"Ealing","-5D-14-56-36-14-5D-14-5D-14-5D-14-5D-14-5D-14-5D,12","16","Ealing Surprise Sixteen"
"Leatherhead","-5D-14-56-36.14-14.5D.14-14.5D.14-14.5D.14-14.5D.14-14.5D.14-14.5D,12","16","Leatherhead Surprise Sixteen"
"Bristol","-5D-14.5D-5D.36.14-7D.58.16-9D.70.18-ED.9T.10-AD.EB.1T-1T.AD-1T-1D,1D","16","Bristol Surprise Sixteen"
"Wembley","-5D-16-12-36-14-3D-16-3D-16-3D-16-3D-16-3D-16-3D,12","16","Wembley Surprise Sixteen"
"Strathclyde","36-56.14.5D-5D.36-14-3D.16-16.3D.16-16.3D.16-16.3D.16-16.3D.16-16.3D,1D","16","Strathclyde Surprise Sixteen"
"Londinium","3D-3D.14-12-3D.14-14.5D.16-16.5D.16-18.9D.18-18.9D.18-18.9D.18-18.9D,12","16","Londinium Surprise Sixteen"
"Newgate","3D-3D.14-12-3D.14-14.5D.16-16.7D.14.58.14.9D.14-14.9D.14-14.9D.14-14.9D,12","16","Newgate Surprise Sixteen"
"Parkhurst","3D-3D.14-12-3D.14-14.5D.16-16.7D.14.58.14.9D.14.58.14.9D.14.58.14.9D.14-14.9D,12","16","Parkhurst Surprise Sixteen"
"Leicestershire","3D-5D.14-5D-3D.14-14.5D.14-14.5D.14-14.5D.14-14.5D.14-14.5D.14-14.5D,12","16","Leicestershire Surprise Sixteen"
"Fulham","56-56.14-5D-36.14-14.5D-14-3D-34-3D-34-3D-34-3D-34-1D,1D","16","Fulham Surprise Sixteen"
"Littleport","-5D-14.5D-5D.36.14-14.5D-14-18,1D","16","Littleport Little Surprise Sixteen"
"Glasgow","36-56.14.5D-5D.36-14-3D.16-16.38,1D","16","Glasgow Little Surprise Sixteen"
"Bristol","-5D-14.5D-5D.36.14-7D.58.16-16.7D-16-10,1D","16","Bristol Little Surprise Sixteen"
"Clyde","36-56.14.5D-5D.36-14-3D.16-16.3D.16-16.30,1D","16","Clyde Little Surprise Sixteen"
"Melbourne","3D-3D.14.56-56.1D.34-14.5D.16-16.7D.16-16.7D.16-16.7D.16-16.7D.16-16.7D,12","16","Melbourne Delight Sixteen"
"Kent","34-34.1D-12-1D-12-1D-12-1D-12-1D-12-1D-12-1D-12-1D,1D","16","Kent Treble Bob Sixteen"
"Gonville","34-34.12,1D","16","Gonville Little Treble Bob Sixteen"
"Palgravia","-5D-14.5D-5D.36.147D.58.16.7D.18.9D.18.9D.18.9D.18.9D,1D","16","Palgravia Alliance Sixteen"
"Cantuara","3D-3D.14-12-3D.14-14.5D.16-16.7D.58.9D.18.9D.18.9D.18-18.9D,12","16","Cantuara Alliance Sixteen"
"Cantuar No.1","3D-3D.14-12-3D.14-14.5D.16-16.7D.58-18.9D.18-18.9D.18-18.9D.18-18-18.9D,12","16","Cantuar No.1 Alliance Sixteen"
"Deimos Moon","34-5D.16-56-36.7D.34-1D-70.18.3T.10.3T,1D","16","Deimos Moon Little Alliance Sixteen"
"Fleet Place","34-12,1D","16","Fleet Place Little Alliance Sixteen"
"Chaldene","36-56.14.5D.34.5D.14-1D,1D","16","Chaldene Little Alliance Sixteen"
"Io","-5D-14.5D-5D.14-5D-34,1D","16","Io Little Alliance Sixteen"
"Callisto Megale","-34.5D.16.7D.18-18-78.16.7D.16.78.16.7D-78-7D.16.78.16.7D.16.78,1D","16","Callisto Megale Little Alliance Sixteen"
"Prospero","-5D-14.5D-12.3D-36.14.5D,1D","16","Prospero Little Treble Place Sixteen"
"Ariel","-5D-14.5D-12.3D.14-12.5D.14-369D.70.18-18.9T.18.ET.18.ED,1D","16","Ariel Little Treble Place Sixteen"
"Crayford","-1D-14,1D","16","Crayford Differential Little Bob Sixteen"
"Glazgow","36-56.14.5D-5D.36-14-36,1D","16","Glazgow Differential Little Surprise Sixteen"
"Leda","-3D.14-12,1D","16","Leda Differential Little Alliance Sixteen"
"Slinkety","36.1D.36.1D.56.1D,1B","16","Slinkety Differential Little Treble Place Sixteen"
"Europa","-1D-145D-1478.3690.12,1D","16","Europa Differential Little Treble Place Sixteen"
"Big Slink","-1456-3D-1456-1D-1456-1D,1D","16","Big Slink Differential Little Treble Place Sixteen"
"London Link","5T.1D.5T.1D.70.3B-3B.70.1D.5T.1D.5T.1D","16","London Link Differential Little Hybrid Sixteen"
