"id","stage","name","title","notation"
"id4529","16","Plain","Plain Bob Sixteen","-1D-1D-1D-1D-1D-1D-1D-1D,12"
"id4530","16","Birmingham","Birmingham Bob Sixteen","-1D-3D.12.5D.14.5D.14.5D.14.5D.14.5D.14.5D,1D"
"id4531","16","Bastow","Bastow Little Bob Sixteen","-12,1D"
"id4532","16",,"Little Bob Sixteen","-1D-14,12"
"id4533","16","Grandsire","Grandsire Sixteen","3D,1D-1D-1D-1D-1D-1D-1D-1D-"
"id14727","16","Superlative","Superlative Surprise Sixteen","-3B-14-5D-36-147B-58-369D-70-18EB-9T-30AD-EB-1T-AD-3B-CD,12"
"id14728","16","York","York Surprise Sixteen","-3D-14-12-3D.14-14.3D.14-14.3D.14-14.3D.14-14.3D.14-14.3D.14-14.3D,12"
"id14729","16","Feering","Feering Surprise Sixteen","-3D-14-12-3D.14-14.3D.14-14.3D.14-14.3D.14-14.3D.14-14.3D.14-34.CD,12"
"id14730","16","Phobos Moon","Phobos Moon Surprise Sixteen","-3D-14-12.5D.16-34-5D-16-167D-16-7D-16-7D-16-7D-16-7D,1D"
"id14731","16","Cambridge","Cambridge Surprise Sixteen","-3D-14-125D-36-147D-58-169D-70-18ED-9T-10AD-EB-1T-AD-1B-CD,12"
"id14732","16","Yorkshire","Yorkshire Surprise Sixteen","-3D-14-5D-16-127D-38-149D-50-16ED-7T-18AD-9B-10-ED-1T-CD,12"
"id14733","16","Lincolnshire","Lincolnshire Surprise Sixteen","-3D-14-5D-16-7D-18-9D-10-ED-1T-AD-1B-1T-AD-EB-CD,12"
"id14734","16","Sawley","Sawley Surprise Sixteen","-5D-14-56-36-14-3D-14-3D-14-3D-14-3D-14-3D-14-3D,12"
"id14735","16","Ealing","Ealing Surprise Sixteen","-5D-14-56-36-14-5D-14-5D-14-5D-14-5D-14-5D-14-5D,12"
"id14736","16","Leatherhead","Leatherhead Surprise Sixteen","-5D-14-56-36.14-14.5D.14-14.5D.14-14.5D.14-14.5D.14-14.5D.14-14.5D,12"
"id14737","16","Bristol","Bristol Surprise Sixteen","-5D-14.5D-5D.36.14-7D.58.16-9D.70.18-ED.9T.10-AD.EB.1T-1T.AD-1T-1D,1D"
"id14738","16","Wembley","Wembley Surprise Sixteen","-5D-16-12-36-14-3D-16-3D-16-3D-16-3D-16-3D-16-3D,12"
"id14739","16","Strathclyde","Strathclyde Surprise Sixteen","36-56.14.5D-5D.36-14-3D.16-16.3D.16-16.3D.16-16.3D.16-16.3D.16-16.3D,1D"
"id14740","16","Londinium","Londinium Surprise Sixteen","3D-3D.14-12-3D.14-14.5D.16-16.5D.16-18.9D.18-18.9D.18-18.9D.18-18.9D,12"
"id14741","16","Newgate","Newgate Surprise Sixteen","3D-3D.14-12-3D.14-14.5D.16-16.7D.14.58.14.9D.14-14.9D.14-14.9D.14-14.9D,12"
"id14742","16","Parkhurst","Parkhurst Surprise Sixteen","3D-3D.14-12-3D.14-14.5D.16-16.7D.14.58.14.9D.14.58.14.9D.14.58.14.9D.14-14.9D,12"
"id14743","16","Leicestershire","Leicestershire Surprise Sixteen","3D-5D.14-5D-3D.14-14.5D.14-14.5D.14-14.5D.14-14.5D.14-14.5D.14-14.5D,12"
"id14744","16","Fulham","Fulham Surprise Sixteen","56-56.14-5D-36.14-14.5D-14-3D-34-3D-34-3D-34-3D-34-1D,1D"
"id14745","16","Littleport","Littleport Little Surprise Sixteen","-5D-14.5D-5D.36.14-14.5D-14-18,1D"
"id14746","16","Glasgow","Glasgow Little Surprise Sixteen","36-56.14.5D-5D.36-14-3D.16-16.38,1D"
"id14747","16","Bristol","Bristol Little Surprise Sixteen","-5D-14.5D-5D.36.14-7D.58.16-16.7D-16-10,1D"
"id14748","16","Clyde","Clyde Little Surprise Sixteen","36-56.14.5D-5D.36-14-3D.16-16.3D.16-16.30,1D"
"id18350","16","Melbourne","Melbourne Delight Sixteen","3D-3D.14.56-56.1D.34-14.5D.16-16.7D.16-16.7D.16-16.7D.16-16.7D.16-16.7D,12"
"id19180","16","Kent","Kent Treble Bob Sixteen","34-34.1D-12-1D-12-1D-12-1D-12-1D-12-1D-12-1D-12-1D,1D"
"id19181","16","Gonville","Gonville Little Treble Bob Sixteen","34-34.12,1D"
"id20558","16","Palgravia","Palgravia Alliance Sixteen","-5D-14.5D-5D.36.147D.58.16.7D.18.9D.18.9D.18.9D.18.9D,1D"
"id20559","16","Cantuara","Cantuara Alliance Sixteen","3D-3D.14-12-3D.14-14.5D.16-16.7D.58.9D.18.9D.18.9D.18-18.9D,12"
"id20560","16","Cantuar No.1","Cantuar No.1 Alliance Sixteen","3D-3D.14-12-3D.14-14.5D.16-16.7D.58-18.9D.18-18.9D.18-18.9D.18-18-18.9D,12"
"id20561","16","Deimos Moon","Deimos Moon Little Alliance Sixteen","34-5D.16-56-36.7D.34-1D-70.18.3T.10.3T,1D"
"id20562","16","Fleet Place","Fleet Place Little Alliance Sixteen","34-12,1D"
"id20563","16","Chaldene","Chaldene Little Alliance Sixteen","36-56.14.5D.34.5D.14-1D,1D"
"id20564","16","Io","Io Little Alliance Sixteen","-5D-14.5D-5D.14-5D-34,1D"
"id20565","16","Callisto Megale","Callisto Megale Little Alliance Sixteen","-34.5D.16.7D.18-18-78.16.7D.16.78.16.7D-78-7D.16.78.16.7D.16.78,1D"
"id21324","16","Prospero","Prospero Little Treble Place Sixteen","-5D-14.5D-12.3D-36.14.5D,1D"
"id21325","16","Ariel","Ariel Little Treble Place Sixteen","-5D-14.5D-12.3D.14-12.5D.14-369D.70.18-18.9T.18.ET.18.ED,1D"
"id22140","16","Crayford","Crayford Differential Little Bob Sixteen","-1D-14,1D"
"id22141","16","Glazgow","Glazgow Differential Little Surprise Sixteen","36-56.14.5D-5D.36-14-36,1D"
"id22142","16","Leda","Leda Differential Little Alliance Sixteen","-3D.14-12,1D"
"id22143","16","Slinkety","Slinkety Differential Little Treble Place Sixteen","36.1D.36.1D.56.1D,1B"
"id22144","16","Europa","Europa Differential Little Treble Place Sixteen","-1D-145D-1478.3690.12,1D"
"id22145","16","Big Slink","Big Slink Differential Little Treble Place Sixteen","-1456-3D-1456-1D-1456-1D,1D"
"id22146","16","London Link","London Link Differential Little Hybrid Sixteen","5T.1D.5T.1D.70.3B-3B.70.1D.5T.1D.5T.1D"
