[
  {
    "id": "id4520",
    "stage": "14",
    "name": "Plain",
    "title": "Plain Bob Fourteen",
    "notation": "-1B-1B-1B-1B-1B-1B-1B,12"
  },
  {
    "id": "id4521",
    "stage": "14",
    "name": "Bastow",
    "title": "Bastow Little Bob Fourteen",
    "notation": "-12,1B"
  },
  {
    "id": "id4522",
    "stage": "14",
    "name": "Kent",
    "title": "Kent Little Bob Fourteen",
    "notation": "34.12,1B"
  },
  {
    "id": "id4523",
    "stage": "14",
    "title": "Little Bob Fourteen",
    "notation": "-1B-14,12"
  },
  {
    "id": "id4524",
    "stage": "14",
    "name": "Crayford",
    "title": "Crayford Little Bob Fourteen",
    "notation": "-1B-14,1B"
  },
  {
    "id": "id4525",
    "stage": "14",
    "name": "Gainsborough",
    "title": "Gainsborough Little Bob Fourteen",
    "notation": "-1B-1B-16,12"
  },
  {
    "id": "id4526",
    "stage": "14",
    "name": "Grandsire",
    "title": "Grandsire Fourteen",
    "notation": "3B,1B-1B-1B-1B-1B-1B-1B-"
  },
  {
    "id": "id14688",
    "stage": "14",
    "name": "York",
    "title": "York Surprise Fourteen",
    "notation": "-3B-14-12-3B.14-14.3B.14-14.3B.14-14.3B.14-14.3B.14-14.3B,12"
  },
  {
    "id": "id14689",
    "stage": "14",
    "name": "Aerilon",
    "title": "Aerilon Surprise Fourteen",
    "notation": "-3B-14-12.5B.36-34-145B-34-7B-16-7B.16-16.7B.16-16.7B,1B"
  },
  {
    "id": "id14690",
    "stage": "14",
    "name": "Starbuck",
    "title": "Starbuck Surprise Fourteen",
    "notation": "-3B-14-1256-16-14-5B-14-5B-14-5B-14-5B-34-5B,12"
  },
  {
    "id": "id14691",
    "stage": "14",
    "name": "Winchester",
    "title": "Winchester Surprise Fourteen",
    "notation": "-3B-14-125B-36-127B-38-149B-50-16EB-7T-18-9B-1T-AB,12"
  },
  {
    "id": "id14692",
    "stage": "14",
    "name": "Cambridge",
    "title": "Cambridge Surprise Fourteen",
    "notation": "-3B-14-125B-36-147B-58-169B-70-18EB-9T-10-EB-1T-AB,12"
  },
  {
    "id": "id14693",
    "stage": "14",
    "name": "St Swithun",
    "title": "St Swithun Surprise Fourteen",
    "notation": "-3B-14-56-16-14-5B-14-5B-14-5B-12-5B-14-5B,12"
  },
  {
    "id": "id14694",
    "stage": "14",
    "name": "Vermuyden",
    "title": "Vermuyden Surprise Fourteen",
    "notation": "-3B-14-56-36-14-5B-14-5B-14-5B-14-5B-14-5B,12"
  },
  {
    "id": "id14695",
    "stage": "14",
    "name": "Libran",
    "title": "Libran Surprise Fourteen",
    "notation": "-3B-14-5B-16-127B-38-14-5B-16-9B-78-9B-78-9B,1B"
  },
  {
    "id": "id14696",
    "stage": "14",
    "name": "Yorkshire",
    "title": "Yorkshire Surprise Fourteen",
    "notation": "-3B-14-5B-16-127B-38-149B-50-16EB-7T-18-9B-10-AB,12"
  },
  {
    "id": "id14697",
    "stage": "14",
    "name": "Woodstock",
    "title": "Woodstock Surprise Fourteen",
    "notation": "-3B-14-5B-16-127B-38-149B-50-16EB-7T-18-9B-10-AB,1B"
  },
  {
    "id": "id14698",
    "stage": "14",
    "name": "Albanian",
    "title": "Albanian Surprise Fourteen",
    "notation": "-3B-14-5B-16-7B-18-129B-30-14EB-5T-16-7B-18-AB,12"
  },
  {
    "id": "id14699",
    "stage": "14",
    "name": "Lincolnshire",
    "title": "Lincolnshire Surprise Fourteen",
    "notation": "-3B-14-5B-16-7B-18-9B-10-EB-1T-10-EB-9T-AB,12"
  },
  {
    "id": "id14700",
    "stage": "14",
    "name": "Cornish",
    "title": "Cornish Surprise Fourteen",
    "notation": "-56-14-56-3B-14-5B-14-5B-14-5B-14-5B-12-5B,1B"
  },
  {
    "id": "id14701",
    "stage": "14",
    "name": "Zalinky",
    "title": "Zalinky Surprise Fourteen",
    "notation": "-5T-14.5T-12.3T.14-12.5B.16-16.7B.58-18.9B-18-EB-90-EB,1B"
  },
  {
    "id": "id14702",
    "stage": "14",
    "name": "Tintwistle",
    "title": "Tintwistle Surprise Fourteen",
    "notation": "-5B-14-56-16-14-5B-14-5B-14-5B-14-5B-14-5B,12"
  },
  {
    "id": "id14703",
    "stage": "14",
    "name": "Leatherhead",
    "title": "Leatherhead Surprise Fourteen",
    "notation": "-5B-14-56-36.14-14.5B.14-14.5B.14-14.5B.14-14.5B.14-14.5B,12"
  },
  {
    "id": "id14704",
    "stage": "14",
    "name": "Oberon",
    "title": "Oberon Surprise Fourteen",
    "notation": "-5B-14.5B-12.3B.14-12.5B.14-36.7B.18-18.9B-18-EB.10-1T.AB,1B"
  },
  {
    "id": "id14705",
    "stage": "14",
    "name": "Ariella",
    "title": "Ariella Surprise Fourteen",
    "notation": "-5B-14.5B-12.3B.14-12.5B.14-369B.70.18-18.9B.18-18.EB-90-EB,1B"
  },
  {
    "id": "id14706",
    "stage": "14",
    "name": "Leonis",
    "title": "Leonis Surprise Fourteen",
    "notation": "-5B-14.5B-12.3B.14-12.5B.16-16.7B.58-18.9B-18-9B-78-9B,1B"
  },
  {
    "id": "id14707",
    "stage": "14",
    "name": "Worcester",
    "title": "Worcester Surprise Fourteen",
    "notation": "-5B-14.5B-5B.36.14-14.5B-14-7B-78-7B-78-7B-78-1B,1B"
  },
  {
    "id": "id14708",
    "stage": "14",
    "name": "Bristow",
    "title": "Bristow Surprise Fourteen",
    "notation": "-5B-14.5B-5B.36.14-7B.58.16-9B.70.18-18EB.9T-18-7B-78-1B,1B"
  },
  {
    "id": "id14709",
    "stage": "14",
    "name": "Tauron",
    "title": "Tauron Surprise Fourteen",
    "notation": "-5B-14.5B-5B.36.14-7B.58.16-9B.70.18-EB.9T-18-EB.18.9T-1B,1B"
  },
  {
    "id": "id14710",
    "stage": "14",
    "name": "Canceron",
    "title": "Canceron Surprise Fourteen",
    "notation": "-5B-14.5B-5B.36.14-7B.58.16-9B.70.18-EB.9T-90.18.90EB-90-1B,1B"
  },
  {
    "id": "id14711",
    "stage": "14",
    "name": "Agathon",
    "title": "Agathon Surprise Fourteen",
    "notation": "-5B-14.5B-5B.36.14-7B.58.16-9B.70.18-EB.9T.1270-10.EB-10-AB,1B"
  },
  {
    "id": "id14712",
    "stage": "14",
    "name": "Horsleydown",
    "title": "Horsleydown Surprise Fourteen",
    "notation": "-5B-14.5B-5B.36.14-7B.58.16-9B.70.18-EB.9T.10-10.EB-10-1B,12"
  },
  {
    "id": "id14713",
    "stage": "14",
    "name": "Bristol",
    "title": "Bristol Surprise Fourteen",
    "notation": "-5B-14.5B-5B.36.14-7B.58.16-9B.70.18-EB.9T.10-10.EB-10-1B,1B"
  },
  {
    "id": "id14714",
    "stage": "14",
    "name": "Aquarion",
    "title": "Aquarion Surprise Fourteen",
    "notation": "-5B-14.5B-5B.36.14-7B.58.16-9B.70.18-EB.9T.10-10.EB-10.7T.1B,1B"
  },
  {
    "id": "id14715",
    "stage": "14",
    "name": "Pudsey",
    "title": "Pudsey Surprise Fourteen",
    "notation": "-5B-16-127B-38-149B-50-16EB-7T-18-9B-10-EB-1T-AB,12"
  },
  {
    "id": "id14716",
    "stage": "14",
    "name": "Athena",
    "title": "Athena Surprise Fourteen",
    "notation": "-5B-16-56-36-34-3B-14-7B-16-7B-16-7B-16-7B,1B"
  },
  {
    "id": "id14717",
    "stage": "14",
    "name": "Gemenon",
    "title": "Gemenon Surprise Fourteen",
    "notation": "-5B-16-5B-16-34-3B-14-345B-14-5B-14-5B-14-5B,1B"
  },
  {
    "id": "id14718",
    "stage": "14",
    "name": "Picon",
    "title": "Picon Surprise Fourteen",
    "notation": "34-5B.16-56-36.7B.12-5B-16-7B-78.16.7B-78.16.7B-78-1B,1B"
  },
  {
    "id": "id14719",
    "stage": "14",
    "name": "Zarek",
    "title": "Zarek Surprise Fourteen",
    "notation": "36-56.14.5B-5B.36-12-3B-1456-5B-1456-145B-56-145B-1456-5B,1B"
  },
  {
    "id": "id14720",
    "stage": "14",
    "name": "Newgate",
    "title": "Newgate Surprise Fourteen",
    "notation": "3B-3B.14-12-3B.14-14.5B.16-16.7B.14.58.14.9B.14-14.9B.14-14.9B,12"
  },
  {
    "id": "id14721",
    "stage": "14",
    "name": "London No.3",
    "title": "London No.3 Surprise Fourteen",
    "notation": "3B-3B.14-12-3B.14-14.5B.16-16.7B.14.58.14.9B.14.58.14.9B.14.58.14.9B,12"
  },
  {
    "id": "id14722",
    "stage": "14",
    "name": "Leicestershire",
    "title": "Leicestershire Surprise Fourteen",
    "notation": "3B-5B.14-5B-3B.14-14.5B.14-14.5B.14-14.5B.14-14.5B.14-14.5B,12"
  },
  {
    "id": "id14723",
    "stage": "14",
    "name": "Fulham",
    "title": "Fulham Surprise Fourteen",
    "notation": "56-56.14-5B-36.14-14.5B-14-3B-34-3B-34-3B-34-1B,1B"
  },
  {
    "id": "id14724",
    "stage": "14",
    "name": "Littleport",
    "title": "Littleport Little Surprise Fourteen",
    "notation": "-5B-14.5B-5B.36.14-14.5B-14-18,1B"
  },
  {
    "id": "id14725",
    "stage": "14",
    "name": "Bristol",
    "title": "Bristol Little Surprise Fourteen",
    "notation": "-5B-14.5B-5B.36.14-7B.58.16-16.7B-16-10,1B"
  },
  {
    "id": "id14726",
    "stage": "14",
    "name": "Bristol12",
    "title": "Bristol12 Little Surprise Fourteen",
    "notation": "-5B-14.5B-5B.36.14-7B.58.16-9B.70.18-18.9B-18-1T,1B"
  },
  {
    "id": "id18349",
    "stage": "14",
    "name": "Yellowstone",
    "title": "Yellowstone Delight Fourteen",
    "notation": "-3B-14-12-3B.14-34.1B.34-34.1B.34-34.1B.34-34.1B.34-34.1B,12"
  },
  {
    "id": "id19177",
    "stage": "14",
    "name": "Oxford",
    "title": "Oxford Treble Bob Fourteen",
    "notation": "-34-1B-12-1B-12-1B-12-1B-12-1B-12-1B-12-1B,1B"
  },
  {
    "id": "id19178",
    "stage": "14",
    "name": "Kent",
    "title": "Kent Treble Bob Fourteen",
    "notation": "34-34.1B-12-1B-12-1B-12-1B-12-1B-12-1B-12-1B,1B"
  },
  {
    "id": "id19179",
    "stage": "14",
    "name": "Gonville",
    "title": "Gonville Little Treble Bob Fourteen",
    "notation": "34-34.12,1B"
  },
  {
    "id": "id20552",
    "stage": "14",
    "name": "Old Milverton",
    "title": "Old Milverton Alliance Fourteen",
    "notation": "-5B-14.5B-5B.36.147B.58.16.7B-1T-EB-1B,1B"
  },
  {
    "id": "id20553",
    "stage": "14",
    "name": "Maypole",
    "title": "Maypole Alliance Fourteen",
    "notation": "-5B-14.5B-5B.36.147B.58.169B.70.18EB.9T.10-10.EB-10-1B,1B"
  },
  {
    "id": "id20554",
    "stage": "14",
    "name": "Cranesthorpe",
    "title": "Cranesthorpe Alliance Fourteen",
    "notation": "-5B-14.5B-5B.36.147B.58.16.70-9B.10-10.EB.10-10-10.EB,1B"
  },
  {
    "id": "id20555",
    "stage": "14",
    "name": "Akenfield",
    "title": "Akenfield Alliance Fourteen",
    "notation": "-5B-14.5B-5B.36.147B.58.169B.70.18.9B.10-10.EB.10-10-10.EB,1B"
  },
  {
    "id": "id20556",
    "stage": "14",
    "name": "Julie McDonnell",
    "title": "Julie McDonnell Little Alliance Fourteen",
    "notation": "-1B-56-14,12"
  },
  {
    "id": "id20557",
    "stage": "14",
    "name": "Linx",
    "title": "Linx Little Alliance Fourteen",
    "notation": "-1B-14.36.5B.16.5B.36,1B"
  }
]
