[
  {
    "id": "id4518",
    "name": "Plain",
    "title": "Plain Bob Sextuples",
    "notation": "A.1.A.1.A.1.A.1.A.1.A.1.A,12A",
    "lengthOfLead": "26",
    "numberOfHunts": "1",
    "huntbellPath": "1 2 3 4 5 6 7 8 9 10 11 12 13 13 12 11 10 9 8 7 6 5 4 3 2 1",
    "leadHeadCode": "p",
    "stage": "13",
    "symmetry": "palindromic",
    "classification_text": "Bob",
    "classification_plain": "true"
  },
  {
    "id": "id4519",
    "name": "Grandsire",
    "title": "Grandsire Sextuples",
    "notation": "3,1.A.1.A.1.A.1.A.1.A.1.A.1",
    "lengthOfLead": "26",
    "numberOfHunts": "2",
    "huntbellPath": "1 2 3 4 5 6 7 8 9 10 11 12 13 13 12 11 10 9 8 7 6 5 4 3 2 1",
    "leadHeadCode": "a",
    "stage": "13",
    "symmetry": "palindromic",
    "classification_text": "Bob",
    "classification_plain": "true"
  },
  {
    "id": "id21768",
    "name": "Erin",
    "title": "Erin Sextuples",
    "notation": "A.3.1.3.1.3",
    "lengthOfLead": "6",
    "numberOfHunts": "0",
    "leadHead": "241638507T9AE",
    "stage": "13",
    "symmetry": "palindromic"
  },
  {
    "id": "id21769",
    "name": "Stedman",
    "title": "Stedman Sextuples",
    "notation": "3.1.A.3.1.3.1.3.A.1.3.1",
    "lengthOfLead": "12",
    "numberOfHunts": "0",
    "leadHead": "6348201T5A7E9",
    "stage": "13",
    "symmetry": "palindromic"
  }
]
