[
  {
    "name": "Plain",
    "title": "Plain Bob Sixteen",
    "notation": "-1D-1D-1D-1D-1D-1D-1D-1D,12",
    "stage": "16"
  },
  {
    "name": "Birmingham",
    "title": "Birmingham Bob Sixteen",
    "notation": "-1D-3D.12.5D.14.5D.14.5D.14.5D.14.5D.14.5D,1D",
    "stage": "16"
  },
  {
    "name": "Bastow",
    "title": "Bastow Little Bob Sixteen",
    "notation": "-12,1D",
    "stage": "16"
  },
  {
    "title": "Little Bob Sixteen",
    "notation": "-1D-14,12",
    "stage": "16"
  },
  {
    "name": "Grandsire",
    "title": "Grandsire Sixteen",
    "notation": "3D,1D-1D-1D-1D-1D-1D-1D-1D-",
    "stage": "16"
  },
  {
    "name": "Superlative",
    "title": "Superlative Surprise Sixteen",
    "notation": "-3B-14-5D-36-147B-58-369D-70-18EB-9T-30AD-EB-1T-AD-3B-CD,12",
    "stage": "16"
  },
  {
    "name": "York",
    "title": "York Surprise Sixteen",
    "notation": "-3D-14-12-3D.14-14.3D.14-14.3D.14-14.3D.14-14.3D.14-14.3D.14-14.3D,12",
    "stage": "16"
  },
  {
    "name": "Feering",
    "title": "Feering Surprise Sixteen",
    "notation": "-3D-14-12-3D.14-14.3D.14-14.3D.14-14.3D.14-14.3D.14-14.3D.14-34.CD,12",
    "stage": "16"
  },
  {
    "name": "Phobos Moon",
    "title": "Phobos Moon Surprise Sixteen",
    "notation": "-3D-14-12.5D.16-34-5D-16-167D-16-7D-16-7D-16-7D-16-7D,1D",
    "stage": "16"
  },
  {
    "name": "Cambridge",
    "title": "Cambridge Surprise Sixteen",
    "notation": "-3D-14-125D-36-147D-58-169D-70-18ED-9T-10AD-EB-1T-AD-1B-CD,12",
    "stage": "16"
  },
  {
    "name": "Yorkshire",
    "title": "Yorkshire Surprise Sixteen",
    "notation": "-3D-14-5D-16-127D-38-149D-50-16ED-7T-18AD-9B-10-ED-1T-CD,12",
    "stage": "16"
  },
  {
    "name": "Lincolnshire",
    "title": "Lincolnshire Surprise Sixteen",
    "notation": "-3D-14-5D-16-7D-18-9D-10-ED-1T-AD-1B-1T-AD-EB-CD,12",
    "stage": "16"
  },
  {
    "name": "Sawley",
    "title": "Sawley Surprise Sixteen",
    "notation": "-5D-14-56-36-14-3D-14-3D-14-3D-14-3D-14-3D-14-3D,12",
    "stage": "16"
  },
  {
    "name": "Ealing",
    "title": "Ealing Surprise Sixteen",
    "notation": "-5D-14-56-36-14-5D-14-5D-14-5D-14-5D-14-5D-14-5D,12",
    "stage": "16"
  },
  {
    "name": "Leatherhead",
    "title": "Leatherhead Surprise Sixteen",
    "notation": "-5D-14-56-36.14-14.5D.14-14.5D.14-14.5D.14-14.5D.14-14.5D.14-14.5D,12",
    "stage": "16"
  },
  {
    "name": "Bristol",
    "title": "Bristol Surprise Sixteen",
    "notation": "-5D-14.5D-5D.36.14-7D.58.16-9D.70.18-ED.9T.10-AD.EB.1T-1T.AD-1T-1D,1D",
    "stage": "16"
  },
  {
    "name": "Wembley",
    "title": "Wembley Surprise Sixteen",
    "notation": "-5D-16-12-36-14-3D-16-3D-16-3D-16-3D-16-3D-16-3D,12",
    "stage": "16"
  },
  {
    "name": "Strathclyde",
    "title": "Strathclyde Surprise Sixteen",
    "notation": "36-56.14.5D-5D.36-14-3D.16-16.3D.16-16.3D.16-16.3D.16-16.3D.16-16.3D,1D",
    "stage": "16"
  },
  {
    "name": "Londinium",
    "title": "Londinium Surprise Sixteen",
    "notation": "3D-3D.14-12-3D.14-14.5D.16-16.5D.16-18.9D.18-18.9D.18-18.9D.18-18.9D,12",
    "stage": "16"
  },
  {
    "name": "Newgate",
    "title": "Newgate Surprise Sixteen",
    "notation": "3D-3D.14-12-3D.14-14.5D.16-16.7D.14.58.14.9D.14-14.9D.14-14.9D.14-14.9D,12",
    "stage": "16"
  },
  {
    "name": "Parkhurst",
    "title": "Parkhurst Surprise Sixteen",
    "notation": "3D-3D.14-12-3D.14-14.5D.16-16.7D.14.58.14.9D.14.58.14.9D.14.58.14.9D.14-14.9D,12",
    "stage": "16"
  },
  {
    "name": "Leicestershire",
    "title": "Leicestershire Surprise Sixteen",
    "notation": "3D-5D.14-5D-3D.14-14.5D.14-14.5D.14-14.5D.14-14.5D.14-14.5D.14-14.5D,12",
    "stage": "16"
  },
  {
    "name": "Fulham",
    "title": "Fulham Surprise Sixteen",
    "notation": "56-56.14-5D-36.14-14.5D-14-3D-34-3D-34-3D-34-3D-34-1D,1D",
    "stage": "16"
  },
  {
    "name": "Littleport",
    "title": "Littleport Little Surprise Sixteen",
    "notation": "-5D-14.5D-5D.36.14-14.5D-14-18,1D",
    "stage": "16"
  },
  {
    "name": "Glasgow",
    "title": "Glasgow Little Surprise Sixteen",
    "notation": "36-56.14.5D-5D.36-14-3D.16-16.38,1D",
    "stage": "16"
  },
  {
    "name": "Bristol",
    "title": "Bristol Little Surprise Sixteen",
    "notation": "-5D-14.5D-5D.36.14-7D.58.16-16.7D-16-10,1D",
    "stage": "16"
  },
  {
    "name": "Clyde",
    "title": "Clyde Little Surprise Sixteen",
    "notation": "36-56.14.5D-5D.36-14-3D.16-16.3D.16-16.30,1D",
    "stage": "16"
  },
  {
    "name": "Melbourne",
    "title": "Melbourne Delight Sixteen",
    "notation": "3D-3D.14.56-56.1D.34-14.5D.16-16.7D.16-16.7D.16-16.7D.16-16.7D.16-16.7D,12",
    "stage": "16"
  },
  {
    "name": "Kent",
    "title": "Kent Treble Bob Sixteen",
    "notation": "34-34.1D-12-1D-12-1D-12-1D-12-1D-12-1D-12-1D-12-1D,1D",
    "stage": "16"
  },
  {
    "name": "Gonville",
    "title": "Gonville Little Treble Bob Sixteen",
    "notation": "34-34.12,1D",
    "stage": "16"
  },
  {
    "name": "Palgravia",
    "title": "Palgravia Alliance Sixteen",
    "notation": "-5D-14.5D-5D.36.147D.58.16.7D.18.9D.18.9D.18.9D.18.9D,1D",
    "stage": "16"
  },
  {
    "name": "Cantuara",
    "title": "Cantuara Alliance Sixteen",
    "notation": "3D-3D.14-12-3D.14-14.5D.16-16.7D.58.9D.18.9D.18.9D.18-18.9D,12",
    "stage": "16"
  },
  {
    "name": "Cantuar No.1",
    "title": "Cantuar No.1 Alliance Sixteen",
    "notation": "3D-3D.14-12-3D.14-14.5D.16-16.7D.58-18.9D.18-18.9D.18-18.9D.18-18-18.9D,12",
    "stage": "16"
  },
  {
    "name": "Deimos Moon",
    "title": "Deimos Moon Little Alliance Sixteen",
    "notation": "34-5D.16-56-36.7D.34-1D-70.18.3T.10.3T,1D",
    "stage": "16"
  },
  {
    "name": "Fleet Place",
    "title": "Fleet Place Little Alliance Sixteen",
    "notation": "34-12,1D",
    "stage": "16"
  },
  {
    "name": "Chaldene",
    "title": "Chaldene Little Alliance Sixteen",
    "notation": "36-56.14.5D.34.5D.14-1D,1D",
    "stage": "16"
  },
  {
    "name": "Io",
    "title": "Io Little Alliance Sixteen",
    "notation": "-5D-14.5D-5D.14-5D-34,1D",
    "stage": "16"
  },
  {
    "name": "Callisto Megale",
    "title": "Callisto Megale Little Alliance Sixteen",
    "notation": "-34.5D.16.7D.18-18-78.16.7D.16.78.16.7D-78-7D.16.78.16.7D.16.78,1D",
    "stage": "16"
  },
  {
    "name": "Prospero",
    "title": "Prospero Little Treble Place Sixteen",
    "notation": "-5D-14.5D-12.3D-36.14.5D,1D",
    "stage": "16"
  },
  {
    "name": "Ariel",
    "title": "Ariel Little Treble Place Sixteen",
    "notation": "-5D-14.5D-12.3D.14-12.5D.14-369D.70.18-18.9T.18.ET.18.ED,1D",
    "stage": "16"
  },
  {
    "name": "Crayford",
    "title": "Crayford Differential Little Bob Sixteen",
    "notation": "-1D-14,1D",
    "stage": "16"
  },
  {
    "name": "Glazgow",
    "title": "Glazgow Differential Little Surprise Sixteen",
    "notation": "36-56.14.5D-5D.36-14-36,1D",
    "stage": "16"
  },
  {
    "name": "Leda",
    "title": "Leda Differential Little Alliance Sixteen",
    "notation": "-3D.14-12,1D",
    "stage": "16"
  },
  {
    "name": "Slinkety",
    "title": "Slinkety Differential Little Treble Place Sixteen",
    "notation": "36.1D.36.1D.56.1D,1B",
    "stage": "16"
  },
  {
    "name": "Europa",
    "title": "Europa Differential Little Treble Place Sixteen",
    "notation": "-1D-145D-1478.3690.12,1D",
    "stage": "16"
  },
  {
    "name": "Big Slink",
    "title": "Big Slink Differential Little Treble Place Sixteen",
    "notation": "-1456-3D-1456-1D-1456-1D,1D",
    "stage": "16"
  },
  {
    "name": "London Link",
    "title": "London Link Differential Little Hybrid Sixteen",
    "notation": "5T.1D.5T.1D.70.3B-3B.70.1D.5T.1D.5T.1D",
    "stage": "16"
  }
]
