[
  {
    "id": "id4518",
    "stage": "13",
    "name": "Plain",
    "title": "Plain Bob Sextuples",
    "notation": "A.1.A.1.A.1.A.1.A.1.A.1.A,12A"
  },
  {
    "id": "id4519",
    "stage": "13",
    "name": "Grandsire",
    "title": "Grandsire Sextuples",
    "notation": "3,1.A.1.A.1.A.1.A.1.A.1.A.1"
  },
  {
    "id": "id21768",
    "stage": "13",
    "name": "Erin",
    "title": "Erin Sextuples",
    "notation": "A.3.1.3.1.3"
  },
  {
    "id": "id21769",
    "stage": "13",
    "name": "Stedman",
    "title": "Stedman Sextuples",
    "notation": "3.1.A.3.1.3.1.3.A.1.3.1"
  }
]
