[
  {
    "name": "Plain",
    "title": "Plain Bob Sextuples",
    "notation": "A.1.A.1.A.1.A.1.A.1.A.1.A,12A",
    "stage": "13"
  },
  {
    "name": "Grandsire",
    "title": "Grandsire Sextuples",
    "notation": "3,1.A.1.A.1.A.1.A.1.A.1.A.1",
    "stage": "13"
  },
  {
    "name": "Erin",
    "title": "Erin Sextuples",
    "notation": "A.3.1.3.1.3",
    "stage": "13"
  },
  {
    "name": "Stedman",
    "title": "Stedman Sextuples",
    "notation": "3.1.A.3.1.3.1.3.A.1.3.1",
    "stage": "13"
  }
]
