[
  {
    "id": "id4535",
    "stage": "20",
    "title": "Little Bob Twenty",
    "notation": "-1J-14,12"
  },
  {
    "id": "id14752",
    "stage": "20",
    "name": "York",
    "title": "York Surprise Twenty",
    "notation": "-3J-14-12-3J.14-14.3J.14-14.3J.14-14.3J.14-14.3J.14-14.3J.14-14.3J.14-14.3J.14-14.3J,12"
  },
  {
    "id": "id14753",
    "stage": "20",
    "name": "Feering",
    "title": "Feering Surprise Twenty",
    "notation": "-3J-14-12-3J.14-14.3J.14-14.3J.14-14.3J.14-14.3J.14-14.3J.14-14.3J.14-14.3J.14-34.HJ,12"
  },
  {
    "id": "id14754",
    "stage": "20",
    "name": "Newgate",
    "title": "Newgate Surprise Twenty",
    "notation": "3J-3J.14-12-3J.14-14.5J.16-16.7J.14.58.14.9J.14-14.9J.14-14.9J.14-14.9J.14-14.9J.14-14.9J,12"
  }
]
