[
  {
    "id": "id4002",
    "stage": "9",
    "name": "Waterloo",
    "title": "Waterloo Bob Caters",
    "notation": "3.1.5.3.7.5.9.7.9,129",
    "leadHeadCode": "p",
    "lengthOfLead": "18",
    "symmetry": "palindromic",
    "numberOfHunts": "1",
    "huntbellPath": "1 2 3 4 5 6 7 8 9 9 8 7 6 5 4 3 2 1",
    "classification_text": "Bob",
    "classification_plain": "true"
  },
  {
    "id": "id4003",
    "stage": "9",
    "name": "New",
    "title": "New Bob Caters",
    "notation": "3.1.9.3.9.3.9.3.9,129",
    "leadHeadCode": "p",
    "lengthOfLead": "18",
    "symmetry": "palindromic",
    "numberOfHunts": "1",
    "huntbellPath": "1 2 3 4 5 6 7 8 9 9 8 7 6 5 4 3 2 1",
    "classification_text": "Bob",
    "classification_plain": "true"
  },
  {
    "id": "id4004",
    "stage": "9",
    "name": "Jura",
    "title": "Jura Bob Caters",
    "notation": "3.149.5.1.7.145.9.147.9,129",
    "leadHeadCode": "p1",
    "lengthOfLead": "18",
    "symmetry": "palindromic",
    "numberOfHunts": "1",
    "huntbellPath": "1 2 3 4 5 6 7 8 9 9 8 7 6 5 4 3 2 1",
    "classification_text": "Bob",
    "classification_plain": "true"
  },
  {
    "id": "id4005",
    "stage": "9",
    "name": "Shipway",
    "title": "Shipway Place Caters",
    "notation": "3.149.5.169.7.189.9.1.9,129",
    "leadHeadCode": "q",
    "lengthOfLead": "18",
    "symmetry": "palindromic",
    "numberOfHunts": "1",
    "huntbellPath": "1 2 3 4 5 6 7 8 9 9 8 7 6 5 4 3 2 1",
    "classification_text": "Place",
    "classification_plain": "true"
  },
  {
    "id": "id4006",
    "stage": "9",
    "name": "Chilcompton",
    "title": "Chilcompton Bob Caters",
    "notation": "345.1.5.1.7.145.9.347.9,129",
    "leadHeadCode": "p",
    "lengthOfLead": "18",
    "symmetry": "palindromic",
    "numberOfHunts": "1",
    "huntbellPath": "1 2 3 4 5 6 7 8 9 9 8 7 6 5 4 3 2 1",
    "classification_text": "Bob",
    "classification_plain": "true"
  },
  {
    "id": "id4007",
    "stage": "9",
    "name": "Awbridge",
    "title": "Awbridge Bob Caters",
    "notation": "345.1.5.3.147.5.9.147.9,129",
    "leadHeadCode": "p",
    "lengthOfLead": "18",
    "symmetry": "palindromic",
    "numberOfHunts": "1",
    "huntbellPath": "1 2 3 4 5 6 7 8 9 9 8 7 6 5 4 3 2 1",
    "classification_text": "Bob",
    "classification_plain": "true"
  },
  {
    "id": "id4008",
    "stage": "9",
    "name": "He Dog",
    "title": "He Dog Place Caters",
    "notation": "3456789.1.9.1.9.1.9.1.9,129",
    "leadHeadCode": "q",
    "lengthOfLead": "18",
    "symmetry": "palindromic",
    "numberOfHunts": "1",
    "huntbellPath": "1 2 3 4 5 6 7 8 9 9 8 7 6 5 4 3 2 1",
    "classification_text": "Place",
    "classification_plain": "true"
  },
  {
    "id": "id4009",
    "stage": "9",
    "name": "American Horse",
    "title": "American Horse Bob Caters",
    "notation": "34569.1.9.1.9.1.9.1.9,129",
    "leadHead": "142637958",
    "lengthOfLead": "18",
    "symmetry": "palindromic",
    "numberOfHunts": "1",
    "huntbellPath": "1 2 3 4 5 6 7 8 9 9 8 7 6 5 4 3 2 1",
    "classification_text": "Bob",
    "classification_plain": "true"
  },
  {
    "id": "id4010",
    "stage": "9",
    "name": "They-Fear-Even-His-Horses",
    "title": "They-Fear-Even-His-Horses Bob Caters",
    "notation": "34789.1.9.1.9.1.9.1.9,129",
    "leadHead": "142583697",
    "lengthOfLead": "18",
    "symmetry": "palindromic",
    "numberOfHunts": "1",
    "huntbellPath": "1 2 3 4 5 6 7 8 9 9 8 7 6 5 4 3 2 1",
    "classification_text": "Bob",
    "classification_plain": "true"
  },
  {
    "id": "id4011",
    "stage": "9",
    "name": "Canterbury Pleasure",
    "title": "Canterbury Pleasure Bob Caters",
    "notation": "349.1.9.1.9.1.9.1.9,129",
    "leadHead": "142573968",
    "lengthOfLead": "18",
    "symmetry": "palindromic",
    "numberOfHunts": "1",
    "huntbellPath": "1 2 3 4 5 6 7 8 9 9 8 7 6 5 4 3 2 1",
    "classification_text": "Bob",
    "classification_plain": "true"
  },
  {
    "id": "id4012",
    "stage": "9",
    "name": "Evercreech",
    "title": "Evercreech Bob Caters",
    "notation": "349.1.9.123.9.3.569.347.9,129",
    "leadHeadCode": "p",
    "lengthOfLead": "18",
    "symmetry": "palindromic",
    "numberOfHunts": "1",
    "huntbellPath": "1 2 3 4 5 6 7 8 9 9 8 7 6 5 4 3 2 1",
    "classification_text": "Bob",
    "classification_plain": "true"
  },
  {
    "id": "id4013",
    "stage": "9",
    "name": "St Agatha",
    "title": "St Agatha Bob Caters",
    "notation": "349.1.9.3.129.3.9.3.9,129",
    "leadHead": "136248597",
    "lengthOfLead": "18",
    "symmetry": "palindromic",
    "numberOfHunts": "1",
    "huntbellPath": "1 2 3 4 5 6 7 8 9 9 8 7 6 5 4 3 2 1",
    "classification_text": "Bob",
    "classification_plain": "true"
  },
  {
    "id": "id4014",
    "stage": "9",
    "name": "St Nicholas",
    "title": "St Nicholas Bob Caters",
    "notation": "349.1.9.3.9.3.9.3.9,129",
    "leadHead": "136248597",
    "lengthOfLead": "18",
    "symmetry": "palindromic",
    "numberOfHunts": "1",
    "huntbellPath": "1 2 3 4 5 6 7 8 9 9 8 7 6 5 4 3 2 1",
    "classification_text": "Bob",
    "classification_plain": "true"
  },
  {
    "id": "id4015",
    "stage": "9",
    "name": "Orgreave",
    "title": "Orgreave Bob Caters",
    "notation": "5.1.5.3.9.3.9.1.9,129",
    "leadHeadCode": "q1",
    "lengthOfLead": "18",
    "symmetry": "palindromic",
    "numberOfHunts": "1",
    "huntbellPath": "1 2 3 4 5 6 7 8 9 9 8 7 6 5 4 3 2 1",
    "classification_text": "Bob",
    "classification_plain": "true"
  },
  {
    "id": "id4016",
    "stage": "9",
    "name": "Big Ben",
    "title": "Big Ben Bob Caters",
    "notation": "5.1.9.1.9.1.9.1.9,125",
    "leadHead": "137294856",
    "lengthOfLead": "18",
    "symmetry": "palindromic",
    "numberOfHunts": "1",
    "huntbellPath": "1 2 3 4 5 6 7 8 9 9 8 7 6 5 4 3 2 1",
    "classification_text": "Bob",
    "classification_plain": "true"
  },
  {
    "id": "id4017",
    "stage": "9",
    "name": "Sitting Bull",
    "title": "Sitting Bull Bob Caters",
    "notation": "56789.1.9.1.9.1.9.1.9,129",
    "leadHead": "136248597",
    "lengthOfLead": "18",
    "symmetry": "palindromic",
    "numberOfHunts": "1",
    "huntbellPath": "1 2 3 4 5 6 7 8 9 9 8 7 6 5 4 3 2 1",
    "classification_text": "Bob",
    "classification_plain": "true"
  },
  {
    "id": "id4018",
    "stage": "9",
    "name": "Hunslet",
    "title": "Hunslet Bob Caters",
    "notation": "569.1.9.1.9.1.9.1.9,129",
    "leadHead": "136247958",
    "lengthOfLead": "18",
    "symmetry": "palindromic",
    "numberOfHunts": "1",
    "huntbellPath": "1 2 3 4 5 6 7 8 9 9 8 7 6 5 4 3 2 1",
    "classification_text": "Bob",
    "classification_plain": "true"
  },
  {
    "id": "id4019",
    "stage": "9",
    "name": "Middlesex",
    "title": "Middlesex Bob Caters",
    "notation": "7.1.9.1.9.1.9.1.9,127",
    "leadHead": "135294867",
    "lengthOfLead": "18",
    "symmetry": "palindromic",
    "numberOfHunts": "1",
    "huntbellPath": "1 2 3 4 5 6 7 8 9 9 8 7 6 5 4 3 2 1",
    "classification_text": "Bob",
    "classification_plain": "true"
  },
  {
    "id": "id4020",
    "stage": "9",
    "name": "Mythering",
    "title": "Mythering Bob Caters",
    "notation": "789.1.129.123.9.3.9.3.9,129",
    "leadHead": "142637958",
    "lengthOfLead": "18",
    "symmetry": "palindromic",
    "numberOfHunts": "1",
    "huntbellPath": "1 2 3 4 5 6 7 8 9 9 8 7 6 5 4 3 2 1",
    "classification_text": "Bob",
    "classification_plain": "true"
  },
  {
    "id": "id4021",
    "stage": "9",
    "name": "Nempnett",
    "title": "Nempnett Bob Caters",
    "notation": "789.1.9.1.9.1.9.1.9,129",
    "leadHead": "135284697",
    "lengthOfLead": "18",
    "symmetry": "palindromic",
    "numberOfHunts": "1",
    "huntbellPath": "1 2 3 4 5 6 7 8 9 9 8 7 6 5 4 3 2 1",
    "classification_text": "Bob",
    "classification_plain": "true"
  },
  {
    "id": "id4022",
    "stage": "9",
    "name": "Plain",
    "title": "Plain Bob Caters",
    "notation": "9.1.9.1.9.1.9.1.9,129",
    "leadHeadCode": "p",
    "lengthOfLead": "18",
    "symmetry": "palindromic",
    "numberOfHunts": "1",
    "huntbellPath": "1 2 3 4 5 6 7 8 9 9 8 7 6 5 4 3 2 1",
    "classification_text": "Bob",
    "classification_plain": "true"
  },
  {
    "id": "id4023",
    "stage": "9",
    "name": "No Morrells",
    "title": "No Morrells Bob Caters",
    "notation": "9.1.9.1.9.145.9.145.9,129",
    "leadHeadCode": "q1",
    "lengthOfLead": "18",
    "symmetry": "palindromic",
    "numberOfHunts": "1",
    "huntbellPath": "1 2 3 4 5 6 7 8 9 9 8 7 6 5 4 3 2 1",
    "classification_text": "Bob",
    "classification_plain": "true"
  },
  {
    "id": "id4024",
    "stage": "9",
    "name": "St Martin's",
    "title": "St Martin's Bob Caters",
    "notation": "9.1.9.123.9.123.9.123.9,129",
    "leadHeadCode": "q",
    "lengthOfLead": "18",
    "symmetry": "palindromic",
    "numberOfHunts": "1",
    "huntbellPath": "1 2 3 4 5 6 7 8 9 9 8 7 6 5 4 3 2 1",
    "classification_text": "Bob",
    "classification_plain": "true"
  },
  {
    "id": "id4025",
    "stage": "9",
    "name": "St Thomas the Apostle",
    "title": "St Thomas the Apostle Bob Caters",
    "notation": "9.1.9.123.9.123.9.3.9,129",
    "leadHeadCode": "q",
    "lengthOfLead": "18",
    "symmetry": "palindromic",
    "numberOfHunts": "1",
    "huntbellPath": "1 2 3 4 5 6 7 8 9 9 8 7 6 5 4 3 2 1",
    "classification_text": "Bob",
    "classification_plain": "true"
  },
  {
    "id": "id4026",
    "stage": "9",
    "name": "St Mary's Cheltenham",
    "title": "St Mary's Cheltenham Bob Caters",
    "notation": "9.1.9.3.129.123.9.3.9,129",
    "leadHeadCode": "q",
    "lengthOfLead": "18",
    "symmetry": "palindromic",
    "numberOfHunts": "1",
    "huntbellPath": "1 2 3 4 5 6 7 8 9 9 8 7 6 5 4 3 2 1",
    "classification_text": "Bob",
    "classification_plain": "true"
  },
  {
    "id": "id4027",
    "stage": "9",
    "name": "Pebworth",
    "title": "Pebworth Bob Caters",
    "notation": "9.1.9.3.129.3.129.3.9,129",
    "leadHeadCode": "q",
    "lengthOfLead": "18",
    "symmetry": "palindromic",
    "numberOfHunts": "1",
    "huntbellPath": "1 2 3 4 5 6 7 8 9 9 8 7 6 5 4 3 2 1",
    "classification_text": "Bob",
    "classification_plain": "true"
  },
  {
    "id": "id4028",
    "stage": "9",
    "name": "Julie McDonnell New",
    "title": "Julie McDonnell New Bob Caters",
    "notation": "9.1.9.3.9.123.9.123.9,127",
    "leadHead": "142638975",
    "lengthOfLead": "18",
    "symmetry": "palindromic",
    "numberOfHunts": "1",
    "huntbellPath": "1 2 3 4 5 6 7 8 9 9 8 7 6 5 4 3 2 1",
    "classification_text": "Bob",
    "classification_plain": "true"
  },
  {
    "id": "id4029",
    "stage": "9",
    "name": "St Simon's",
    "title": "St Simon's Bob Caters",
    "notation": "9.1.9.3.9.3.9.3.9,129",
    "leadHeadCode": "q",
    "lengthOfLead": "18",
    "symmetry": "palindromic",
    "numberOfHunts": "1",
    "huntbellPath": "1 2 3 4 5 6 7 8 9 9 8 7 6 5 4 3 2 1",
    "classification_text": "Bob",
    "classification_plain": "true"
  },
  {
    "id": "id4030",
    "stage": "9",
    "name": "Stanwell",
    "title": "Stanwell Little Bob Caters",
    "notation": "3.1.3,129",
    "leadHeadCode": "p",
    "lengthOfLead": "6",
    "symmetry": "palindromic",
    "numberOfHunts": "1",
    "huntbellPath": "1 2 3 3 2 1",
    "classification_text": "Bob",
    "classification_little": "true",
    "classification_plain": "true"
  },
  {
    "id": "id4031",
    "stage": "9",
    "name": "Ashford",
    "title": "Ashford Little Bob Caters",
    "notation": "9.1.3,129",
    "leadHeadCode": "q",
    "lengthOfLead": "6",
    "symmetry": "palindromic",
    "numberOfHunts": "1",
    "huntbellPath": "1 2 3 3 2 1",
    "classification_text": "Bob",
    "classification_little": "true",
    "classification_plain": "true"
  },
  {
    "id": "id4032",
    "stage": "9",
    "name": "Octopod",
    "title": "Octopod Little Bob Caters",
    "notation": "345.1.5.3.5,129",
    "leadHeadCode": "p",
    "lengthOfLead": "10",
    "symmetry": "palindromic",
    "numberOfHunts": "1",
    "huntbellPath": "1 2 3 4 5 5 4 3 2 1",
    "classification_text": "Bob",
    "classification_little": "true",
    "classification_plain": "true"
  },
  {
    "id": "id4033",
    "stage": "9",
    "name": "Century",
    "title": "Century Little Bob Caters",
    "notation": "5.1.5.1.5,129",
    "leadHeadCode": "p",
    "lengthOfLead": "10",
    "symmetry": "palindromic",
    "numberOfHunts": "1",
    "huntbellPath": "1 2 3 4 5 5 4 3 2 1",
    "classification_text": "Bob",
    "classification_little": "true",
    "classification_plain": "true"
  },
  {
    "id": "id4034",
    "stage": "9",
    "name": "Strike Back",
    "title": "Strike Back Little Bob Caters",
    "notation": "5.167.5.167.5,129",
    "leadHeadCode": "p",
    "lengthOfLead": "10",
    "symmetry": "palindromic",
    "numberOfHunts": "1",
    "huntbellPath": "1 2 3 4 5 5 4 3 2 1",
    "classification_text": "Bob",
    "classification_little": "true",
    "classification_plain": "true"
  },
  {
    "id": "id4035",
    "stage": "9",
    "name": "Twerton",
    "title": "Twerton Little Bob Caters",
    "notation": "9.1.9.1.5,129",
    "leadHeadCode": "q1",
    "lengthOfLead": "10",
    "symmetry": "palindromic",
    "numberOfHunts": "1",
    "huntbellPath": "1 2 3 4 5 5 4 3 2 1",
    "classification_text": "Bob",
    "classification_little": "true",
    "classification_plain": "true"
  },
  {
    "id": "id4036",
    "stage": "9",
    "name": "New Music Wells 78-18",
    "title": "New Music Wells 78-18 Little Bob Caters",
    "notation": "9.1.9.1.9.1.7,129",
    "leadHeadCode": "p1",
    "lengthOfLead": "14",
    "symmetry": "palindromic",
    "numberOfHunts": "1",
    "huntbellPath": "1 2 3 4 5 6 7 7 6 5 4 3 2 1",
    "classification_text": "Bob",
    "classification_little": "true",
    "classification_plain": "true"
  },
  {
    "id": "id4037",
    "stage": "9",
    "name": "Little Little Little Penultimus",
    "title": "Little Little Little Penultimus Little Place Caters",
    "notation": "9.1.9.1.9.1.9.189,1",
    "leadHeadCode": "r",
    "lengthOfLead": "16",
    "symmetry": "palindromic",
    "numberOfHunts": "1",
    "huntbellPath": "1 2 3 4 5 6 7 8 8 7 6 5 4 3 2 1",
    "classification_text": "Place",
    "classification_little": "true",
    "classification_plain": "true"
  },
  {
    "id": "id4038",
    "stage": "9",
    "name": "Wrington",
    "title": "Wrington Bob Caters",
    "notation": "3,1.5.1.7.1.349.1.349.5",
    "leadHeadCode": "a",
    "lengthOfLead": "18",
    "symmetry": "palindromic",
    "numberOfHunts": "2",
    "huntbellPath": "1 2 3 4 5 6 7 8 9 9 8 7 6 5 4 3 2 1",
    "classification_text": "Bob",
    "classification_plain": "true"
  },
  {
    "id": "id4039",
    "stage": "9",
    "name": "Beretun",
    "title": "Beretun Bob Caters",
    "notation": "3,1.5.1.7.1.349.1.9.5",
    "leadHeadCode": "a",
    "lengthOfLead": "18",
    "symmetry": "palindromic",
    "numberOfHunts": "2",
    "huntbellPath": "1 2 3 4 5 6 7 8 9 9 8 7 6 5 4 3 2 1",
    "classification_text": "Bob",
    "classification_plain": "true"
  },
  {
    "id": "id4040",
    "stage": "9",
    "name": "Single Oxford",
    "title": "Single Oxford Bob Caters",
    "notation": "3,1.5.1.7.1.9.1.9.1",
    "leadHeadCode": "c",
    "lengthOfLead": "18",
    "symmetry": "palindromic",
    "numberOfHunts": "2",
    "huntbellPath": "1 2 3 4 5 6 7 8 9 9 8 7 6 5 4 3 2 1",
    "classification_text": "Bob",
    "classification_plain": "true"
  },
  {
    "id": "id4041",
    "stage": "9",
    "name": "Cheltenham",
    "title": "Cheltenham Bob Caters",
    "notation": "3,1.5.1.7.3.149.5.149.7",
    "leadHeadCode": "f",
    "lengthOfLead": "18",
    "symmetry": "palindromic",
    "numberOfHunts": "2",
    "huntbellPath": "1 2 3 4 5 6 7 8 9 9 8 7 6 5 4 3 2 1",
    "classification_text": "Bob",
    "classification_plain": "true"
  },
  {
    "id": "id4042",
    "stage": "9",
    "name": "Hereward",
    "title": "Hereward Bob Caters",
    "notation": "3,1.5.1.7.3.9.5.9.1",
    "leadHeadCode": "e",
    "lengthOfLead": "18",
    "symmetry": "palindromic",
    "numberOfHunts": "2",
    "huntbellPath": "1 2 3 4 5 6 7 8 9 9 8 7 6 5 4 3 2 1",
    "classification_text": "Bob",
    "classification_plain": "true"
  },
  {
    "id": "id4043",
    "stage": "9",
    "name": "Double Oxford",
    "title": "Double Oxford Bob Caters",
    "notation": "3,1.5.1.7.3.9.5.9.7",
    "leadHeadCode": "f",
    "lengthOfLead": "18",
    "symmetry": "palindromic double rotational",
    "numberOfHunts": "2",
    "huntbellPath": "1 2 3 4 5 6 7 8 9 9 8 7 6 5 4 3 2 1",
    "classification_text": "Bob",
    "classification_plain": "true"
  },
  {
    "id": "id4044",
    "stage": "9",
    "name": "Bebington",
    "title": "Bebington Bob Caters",
    "notation": "3,1.5.1.9.3.129.3.149.7",
    "leadHeadCode": "d",
    "lengthOfLead": "18",
    "symmetry": "palindromic",
    "numberOfHunts": "2",
    "huntbellPath": "1 2 3 4 5 6 7 8 9 9 8 7 6 5 4 3 2 1",
    "classification_text": "Bob",
    "classification_plain": "true"
  },
  {
    "id": "id4045",
    "stage": "9",
    "name": "Colville",
    "title": "Colville Bob Caters",
    "notation": "3,1.5.1.9.3.149.5.149.5",
    "leadHeadCode": "f",
    "lengthOfLead": "18",
    "symmetry": "palindromic",
    "numberOfHunts": "2",
    "huntbellPath": "1 2 3 4 5 6 7 8 9 9 8 7 6 5 4 3 2 1",
    "classification_text": "Bob",
    "classification_plain": "true"
  },
  {
    "id": "id4046",
    "stage": "9",
    "name": "Daresbury",
    "title": "Daresbury Bob Caters",
    "notation": "3,1.5.1.9.3.9.1.569.7",
    "leadHeadCode": "d",
    "lengthOfLead": "18",
    "symmetry": "palindromic",
    "numberOfHunts": "2",
    "huntbellPath": "1 2 3 4 5 6 7 8 9 9 8 7 6 5 4 3 2 1",
    "classification_text": "Bob",
    "classification_plain": "true"
  },
  {
    "id": "id4047",
    "stage": "9",
    "name": "Winchester",
    "title": "Winchester Bob Caters",
    "notation": "3,1.5.1.9.3.9.1.9.1",
    "leadHeadCode": "c",
    "lengthOfLead": "18",
    "symmetry": "palindromic",
    "numberOfHunts": "2",
    "huntbellPath": "1 2 3 4 5 6 7 8 9 9 8 7 6 5 4 3 2 1",
    "classification_text": "Bob",
    "classification_plain": "true"
  },
  {
    "id": "id4048",
    "stage": "9",
    "name": "Marlborough",
    "title": "Marlborough Bob Caters",
    "notation": "3,1.5.1.9.3.9.1.9.7",
    "leadHeadCode": "d",
    "lengthOfLead": "18",
    "symmetry": "palindromic",
    "numberOfHunts": "2",
    "huntbellPath": "1 2 3 4 5 6 7 8 9 9 8 7 6 5 4 3 2 1",
    "classification_text": "Bob",
    "classification_plain": "true"
  },
  {
    "id": "id4049",
    "stage": "9",
    "name": "Accrington",
    "title": "Accrington Bob Caters",
    "notation": "3,1.5.1.9.3.9.145.369.7",
    "leadHeadCode": "d",
    "lengthOfLead": "18",
    "symmetry": "palindromic",
    "numberOfHunts": "2",
    "huntbellPath": "1 2 3 4 5 6 7 8 9 9 8 7 6 5 4 3 2 1",
    "classification_text": "Bob",
    "classification_plain": "true"
  },
  {
    "id": "id4050",
    "stage": "9",
    "name": "Cholmondeley",
    "title": "Cholmondeley Bob Caters",
    "notation": "3,1.5.1.9.3.9.3.169.3",
    "leadHeadCode": "e",
    "lengthOfLead": "18",
    "symmetry": "palindromic",
    "numberOfHunts": "2",
    "huntbellPath": "1 2 3 4 5 6 7 8 9 9 8 7 6 5 4 3 2 1",
    "classification_text": "Bob",
    "classification_plain": "true"
  },
  {
    "id": "id4051",
    "stage": "9",
    "name": "Single Mancroft",
    "title": "Single Mancroft Bob Caters",
    "notation": "3,1.5.169.7.1.9.1.9.1",
    "leadHeadCode": "d",
    "lengthOfLead": "18",
    "symmetry": "palindromic",
    "numberOfHunts": "2",
    "huntbellPath": "1 2 3 4 5 6 7 8 9 9 8 7 6 5 4 3 2 1",
    "classification_text": "Bob",
    "classification_plain": "true"
  },
  {
    "id": "id4052",
    "stage": "9",
    "name": "Newbury",
    "title": "Newbury Bob Caters",
    "notation": "3,1.5.169.7.1.9.3.569.1",
    "leadHeadCode": "b",
    "lengthOfLead": "18",
    "symmetry": "palindromic",
    "numberOfHunts": "2",
    "huntbellPath": "1 2 3 4 5 6 7 8 9 9 8 7 6 5 4 3 2 1",
    "classification_text": "Bob",
    "classification_plain": "true"
  },
  {
    "id": "id4053",
    "stage": "9",
    "name": "Double Mancroft",
    "title": "Double Mancroft Bob Caters",
    "notation": "3,1.5.169.7.3.149.5.9.7",
    "leadHeadCode": "a",
    "lengthOfLead": "18",
    "symmetry": "palindromic double rotational",
    "numberOfHunts": "2",
    "huntbellPath": "1 2 3 4 5 6 7 8 9 9 8 7 6 5 4 3 2 1",
    "classification_text": "Bob",
    "classification_plain": "true"
  },
  {
    "id": "id4054",
    "stage": "9",
    "name": "Llandaff",
    "title": "Llandaff Bob Caters",
    "notation": "3,1.7.1.7.3.129.3.149.5",
    "leadHeadCode": "a",
    "lengthOfLead": "18",
    "symmetry": "palindromic",
    "numberOfHunts": "2",
    "huntbellPath": "1 2 3 4 5 6 7 8 9 9 8 7 6 5 4 3 2 1",
    "classification_text": "Bob",
    "classification_plain": "true"
  },
  {
    "id": "id4055",
    "stage": "9",
    "name": "Gadebridge",
    "title": "Gadebridge Bob Caters",
    "notation": "3,1.7.1.7.3.9.1.349.5",
    "leadHeadCode": "a",
    "lengthOfLead": "18",
    "symmetry": "palindromic",
    "numberOfHunts": "2",
    "huntbellPath": "1 2 3 4 5 6 7 8 9 9 8 7 6 5 4 3 2 1",
    "classification_text": "Bob",
    "classification_plain": "true"
  },
  {
    "id": "id4056",
    "stage": "9",
    "name": "Longney",
    "title": "Longney Bob Caters",
    "notation": "3,1.7.1.7.3.9.1.9.5",
    "leadHeadCode": "a",
    "lengthOfLead": "18",
    "symmetry": "palindromic",
    "numberOfHunts": "2",
    "huntbellPath": "1 2 3 4 5 6 7 8 9 9 8 7 6 5 4 3 2 1",
    "classification_text": "Bob",
    "classification_plain": "true"
  },
  {
    "id": "id4057",
    "stage": "9",
    "name": "Warnham",
    "title": "Warnham Bob Caters",
    "notation": "3,1.9.1.7.1.349.5.149.3",
    "leadHeadCode": "c",
    "lengthOfLead": "18",
    "symmetry": "palindromic",
    "numberOfHunts": "2",
    "huntbellPath": "1 2 3 4 5 6 7 8 9 9 8 7 6 5 4 3 2 1",
    "classification_text": "Bob",
    "classification_plain": "true"
  },
  {
    "id": "id4058",
    "stage": "9",
    "name": "Richmond",
    "title": "Richmond Bob Caters",
    "notation": "3,1.9.1.7.1.9.1.9.3",
    "leadHeadCode": "b",
    "lengthOfLead": "18",
    "symmetry": "palindromic",
    "numberOfHunts": "2",
    "huntbellPath": "1 2 3 4 5 6 7 8 9 9 8 7 6 5 4 3 2 1",
    "classification_text": "Bob",
    "classification_plain": "true"
  },
  {
    "id": "id4059",
    "stage": "9",
    "name": "Hampton",
    "title": "Hampton Bob Caters",
    "notation": "3,1.9.1.7.1.9.5.129.7",
    "leadHeadCode": "d",
    "lengthOfLead": "18",
    "symmetry": "palindromic",
    "numberOfHunts": "2",
    "huntbellPath": "1 2 3 4 5 6 7 8 9 9 8 7 6 5 4 3 2 1",
    "classification_text": "Bob",
    "classification_plain": "true"
  },
  {
    "id": "id4060",
    "stage": "9",
    "name": "Edmonton",
    "title": "Edmonton Bob Caters",
    "notation": "3,1.9.1.7.1.9.5.9.1",
    "leadHeadCode": "c",
    "lengthOfLead": "18",
    "symmetry": "palindromic",
    "numberOfHunts": "2",
    "huntbellPath": "1 2 3 4 5 6 7 8 9 9 8 7 6 5 4 3 2 1",
    "classification_text": "Bob",
    "classification_plain": "true"
  },
  {
    "id": "id4061",
    "stage": "9",
    "name": "Chesterfield",
    "title": "Chesterfield Bob Caters",
    "notation": "3,1.9.1.7.1.9.5.9.7",
    "leadHeadCode": "d",
    "lengthOfLead": "18",
    "symmetry": "palindromic",
    "numberOfHunts": "2",
    "huntbellPath": "1 2 3 4 5 6 7 8 9 9 8 7 6 5 4 3 2 1",
    "classification_text": "Bob",
    "classification_plain": "true"
  },
  {
    "id": "id4062",
    "stage": "9",
    "name": "Malpas",
    "title": "Malpas Bob Caters",
    "notation": "3,1.9.1.7.3.129.5.149.7",
    "leadHeadCode": "d",
    "lengthOfLead": "18",
    "symmetry": "palindromic",
    "numberOfHunts": "2",
    "huntbellPath": "1 2 3 4 5 6 7 8 9 9 8 7 6 5 4 3 2 1",
    "classification_text": "Bob",
    "classification_plain": "true"
  },
  {
    "id": "id4063",
    "stage": "9",
    "name": "Nelson",
    "title": "Nelson Bob Caters",
    "notation": "3,1.9.1.7.3.149.3.169.7",
    "leadHeadCode": "d",
    "lengthOfLead": "18",
    "symmetry": "palindromic",
    "numberOfHunts": "2",
    "huntbellPath": "1 2 3 4 5 6 7 8 9 9 8 7 6 5 4 3 2 1",
    "classification_text": "Bob",
    "classification_plain": "true"
  },
  {
    "id": "id4064",
    "stage": "9",
    "name": "Fulbeck",
    "title": "Fulbeck Bob Caters",
    "notation": "3,1.9.1.9.1.9.1.349.7",
    "leadHeadCode": "b",
    "lengthOfLead": "18",
    "symmetry": "palindromic",
    "numberOfHunts": "2",
    "huntbellPath": "1 2 3 4 5 6 7 8 9 9 8 7 6 5 4 3 2 1",
    "classification_text": "Bob",
    "classification_plain": "true"
  },
  {
    "id": "id4065",
    "stage": "9",
    "name": "Hackington",
    "title": "Hackington Bob Caters",
    "notation": "3,1.9.1.9.1.9.1.569.7",
    "leadHeadCode": "b",
    "lengthOfLead": "18",
    "symmetry": "palindromic",
    "numberOfHunts": "2",
    "huntbellPath": "1 2 3 4 5 6 7 8 9 9 8 7 6 5 4 3 2 1",
    "classification_text": "Bob",
    "classification_plain": "true"
  },
  {
    "id": "id4066",
    "stage": "9",
    "name": "Grandsire",
    "title": "Grandsire Caters",
    "notation": "3,1.9.1.9.1.9.1.9.1",
    "leadHeadCode": "a",
    "lengthOfLead": "18",
    "symmetry": "palindromic",
    "numberOfHunts": "2",
    "huntbellPath": "1 2 3 4 5 6 7 8 9 9 8 7 6 5 4 3 2 1",
    "classification_text": "Bob",
    "classification_plain": "true"
  },
  {
    "id": "id4067",
    "stage": "9",
    "name": "Double Grandsire",
    "title": "Double Grandsire Caters",
    "notation": "3,1.9.1.9.1.9.1.9.7",
    "leadHeadCode": "b",
    "lengthOfLead": "18",
    "symmetry": "palindromic double rotational",
    "numberOfHunts": "2",
    "huntbellPath": "1 2 3 4 5 6 7 8 9 9 8 7 6 5 4 3 2 1",
    "classification_text": "Bob",
    "classification_plain": "true"
  },
  {
    "id": "id4068",
    "stage": "9",
    "name": "Regina",
    "title": "Regina Bob Caters",
    "notation": "3,1.9.1.9.1.9.145.369.7",
    "leadHeadCode": "b",
    "lengthOfLead": "18",
    "symmetry": "palindromic",
    "numberOfHunts": "2",
    "huntbellPath": "1 2 3 4 5 6 7 8 9 9 8 7 6 5 4 3 2 1",
    "classification_text": "Bob",
    "classification_plain": "true"
  },
  {
    "id": "id4069",
    "stage": "9",
    "name": "Wymondham",
    "title": "Wymondham Bob Caters",
    "notation": "3,1.9.1.9.1.9.3.169.3",
    "leadHeadCode": "c",
    "lengthOfLead": "18",
    "symmetry": "palindromic",
    "numberOfHunts": "2",
    "huntbellPath": "1 2 3 4 5 6 7 8 9 9 8 7 6 5 4 3 2 1",
    "classification_text": "Bob",
    "classification_plain": "true"
  },
  {
    "id": "id4070",
    "stage": "9",
    "name": "Warminster",
    "title": "Warminster Bob Caters",
    "notation": "3,1.9.1.9.1.9.5.129.5",
    "leadHeadCode": "d",
    "lengthOfLead": "18",
    "symmetry": "palindromic",
    "numberOfHunts": "2",
    "huntbellPath": "1 2 3 4 5 6 7 8 9 9 8 7 6 5 4 3 2 1",
    "classification_text": "Bob",
    "classification_plain": "true"
  },
  {
    "id": "id4071",
    "stage": "9",
    "name": "Ashbourne College",
    "title": "Ashbourne College Bob Caters",
    "notation": "3,1.9.1.9.1.9.5.9.5",
    "leadHeadCode": "d",
    "lengthOfLead": "18",
    "symmetry": "palindromic",
    "numberOfHunts": "2",
    "huntbellPath": "1 2 3 4 5 6 7 8 9 9 8 7 6 5 4 3 2 1",
    "classification_text": "Bob",
    "classification_plain": "true"
  },
  {
    "id": "id4072",
    "stage": "9",
    "name": "Ipswich",
    "title": "Ipswich Bob Caters",
    "notation": "3,1.9.1.9.3.129.5.149.5",
    "leadHeadCode": "d",
    "lengthOfLead": "18",
    "symmetry": "palindromic",
    "numberOfHunts": "2",
    "huntbellPath": "1 2 3 4 5 6 7 8 9 9 8 7 6 5 4 3 2 1",
    "classification_text": "Bob",
    "classification_plain": "true"
  },
  {
    "id": "id4073",
    "stage": "9",
    "name": "St Clement's College",
    "title": "St Clement's College Bob Caters",
    "notation": "3,1.9.1.9.3.9.3.9.3",
    "leadHeadCode": "f",
    "lengthOfLead": "18",
    "symmetry": "palindromic",
    "numberOfHunts": "2",
    "huntbellPath": "1 2 3 4 5 6 7 8 9 9 8 7 6 5 4 3 2 1",
    "classification_text": "Bob",
    "classification_plain": "true"
  },
  {
    "id": "id4074",
    "stage": "9",
    "name": "Ripon",
    "title": "Ripon Bob Caters",
    "notation": "3,1.9.167.9.1.9.1.369.5",
    "leadHeadCode": "f",
    "lengthOfLead": "18",
    "symmetry": "palindromic",
    "numberOfHunts": "2",
    "huntbellPath": "1 2 3 4 5 6 7 8 9 9 8 7 6 5 4 3 2 1",
    "classification_text": "Bob",
    "classification_plain": "true"
  },
  {
    "id": "id4075",
    "stage": "9",
    "name": "Avebury",
    "title": "Avebury Bob Caters",
    "notation": "3,1.9.167.9.1.9.1.569.3",
    "leadHeadCode": "f",
    "lengthOfLead": "18",
    "symmetry": "palindromic",
    "numberOfHunts": "2",
    "huntbellPath": "1 2 3 4 5 6 7 8 9 9 8 7 6 5 4 3 2 1",
    "classification_text": "Bob",
    "classification_plain": "true"
  },
  {
    "id": "id4076",
    "stage": "9",
    "name": "Swindon",
    "title": "Swindon Bob Caters",
    "notation": "3,1.9.167.9.3.9.1.9.1",
    "leadHeadCode": "b",
    "lengthOfLead": "18",
    "symmetry": "palindromic",
    "numberOfHunts": "2",
    "huntbellPath": "1 2 3 4 5 6 7 8 9 9 8 7 6 5 4 3 2 1",
    "classification_text": "Bob",
    "classification_plain": "true"
  },
  {
    "id": "id4077",
    "stage": "9",
    "name": "Earlham",
    "title": "Earlham Bob Caters",
    "notation": "3,147.5.1.7.3.9.5.9.5",
    "leadHeadCode": "a",
    "lengthOfLead": "18",
    "symmetry": "palindromic",
    "numberOfHunts": "2",
    "huntbellPath": "1 2 3 4 5 6 7 8 9 9 8 7 6 5 4 3 2 1",
    "classification_text": "Bob",
    "classification_plain": "true"
  },
  {
    "id": "id4078",
    "stage": "9",
    "name": "Thatcham",
    "title": "Thatcham Bob Caters",
    "notation": "3,147.9.1.7.1.9.1.569.1",
    "leadHeadCode": "a",
    "lengthOfLead": "18",
    "symmetry": "palindromic",
    "numberOfHunts": "2",
    "huntbellPath": "1 2 3 4 5 6 7 8 9 9 8 7 6 5 4 3 2 1",
    "classification_text": "Bob",
    "classification_plain": "true"
  },
  {
    "id": "id4079",
    "stage": "9",
    "name": "Stratton",
    "title": "Stratton Bob Caters",
    "notation": "3,147.9.1.7.3.9.5.369.5",
    "leadHeadCode": "a",
    "lengthOfLead": "18",
    "symmetry": "palindromic",
    "numberOfHunts": "2",
    "huntbellPath": "1 2 3 4 5 6 7 8 9 9 8 7 6 5 4 3 2 1",
    "classification_text": "Bob",
    "classification_plain": "true"
  },
  {
    "id": "id4080",
    "stage": "9",
    "name": "Elmore Imperial",
    "title": "Elmore Imperial Bob Caters",
    "notation": "3,147.9.167.9.3.9.3.169.3",
    "leadHeadCode": "b",
    "lengthOfLead": "18",
    "symmetry": "palindromic",
    "numberOfHunts": "2",
    "huntbellPath": "1 2 3 4 5 6 7 8 9 9 8 7 6 5 4 3 2 1",
    "classification_text": "Bob",
    "classification_plain": "true"
  },
  {
    "id": "id4081",
    "stage": "9",
    "name": "Nuneaton",
    "title": "Nuneaton Bob Caters",
    "notation": "3,149.5.1.7.3.149.3.149.5",
    "leadHeadCode": "c",
    "lengthOfLead": "18",
    "symmetry": "palindromic",
    "numberOfHunts": "2",
    "huntbellPath": "1 2 3 4 5 6 7 8 9 9 8 7 6 5 4 3 2 1",
    "classification_text": "Bob",
    "classification_plain": "true"
  },
  {
    "id": "id4082",
    "stage": "9",
    "name": "Tenterden",
    "title": "Tenterden Bob Caters",
    "notation": "3,149.5.167.9.3.149.5.169.7",
    "leadHeadCode": "e",
    "lengthOfLead": "18",
    "symmetry": "palindromic",
    "numberOfHunts": "2",
    "huntbellPath": "1 2 3 4 5 6 7 8 9 9 8 7 6 5 4 3 2 1",
    "classification_text": "Bob",
    "classification_plain": "true"
  },
  {
    "id": "id4083",
    "stage": "9",
    "name": "Chepstow",
    "title": "Chepstow Bob Caters",
    "notation": "3,149.5.169.7.1.9.5.9.7",
    "leadHeadCode": "c",
    "lengthOfLead": "18",
    "symmetry": "palindromic",
    "numberOfHunts": "2",
    "huntbellPath": "1 2 3 4 5 6 7 8 9 9 8 7 6 5 4 3 2 1",
    "classification_text": "Bob",
    "classification_plain": "true"
  },
  {
    "id": "id4084",
    "stage": "9",
    "name": "Stanton",
    "title": "Stanton Bob Caters",
    "notation": "3,149.7.1.7.3.9.3.149.5",
    "leadHeadCode": "c",
    "lengthOfLead": "18",
    "symmetry": "palindromic",
    "numberOfHunts": "2",
    "huntbellPath": "1 2 3 4 5 6 7 8 9 9 8 7 6 5 4 3 2 1",
    "classification_text": "Bob",
    "classification_plain": "true"
  },
  {
    "id": "id4085",
    "stage": "9",
    "name": "Cross Stone",
    "title": "Cross Stone Bob Caters",
    "notation": "3,167.5.1.7.3.9.5.149.5",
    "leadHeadCode": "a",
    "lengthOfLead": "18",
    "symmetry": "palindromic",
    "numberOfHunts": "2",
    "huntbellPath": "1 2 3 4 5 6 7 8 9 9 8 7 6 5 4 3 2 1",
    "classification_text": "Bob",
    "classification_plain": "true"
  },
  {
    "id": "id4086",
    "stage": "9",
    "name": "Windsor",
    "title": "Windsor Bob Caters",
    "notation": "3,169.7.1.9.1.349.1.369.7",
    "leadHeadCode": "b",
    "lengthOfLead": "18",
    "symmetry": "palindromic",
    "numberOfHunts": "2",
    "huntbellPath": "1 2 3 4 5 6 7 8 9 9 8 7 6 5 4 3 2 1",
    "classification_text": "Bob",
    "classification_plain": "true"
  },
  {
    "id": "id4087",
    "stage": "9",
    "name": "Single Darlaston",
    "title": "Single Darlaston Bob Caters",
    "notation": "5,1.5.1.9.1.9.1.9.1",
    "leadHead": "127894653",
    "lengthOfLead": "18",
    "symmetry": "palindromic",
    "numberOfHunts": "2",
    "huntbellPath": "1 2 3 4 5 6 7 8 9 9 8 7 6 5 4 3 2 1",
    "classification_text": "Bob",
    "classification_plain": "true"
  },
  {
    "id": "id4088",
    "stage": "9",
    "name": "Single Norwich Court",
    "title": "Single Norwich Court Bob Caters",
    "notation": "9,1.5.1.7.1.9.1.9.1",
    "leadHeadCode": "h",
    "lengthOfLead": "18",
    "symmetry": "palindromic",
    "numberOfHunts": "2",
    "huntbellPath": "1 2 3 4 5 6 7 8 9 9 8 7 6 5 4 3 2 1",
    "classification_text": "Bob",
    "classification_plain": "true"
  },
  {
    "id": "id4089",
    "stage": "9",
    "name": "Dublin Court",
    "title": "Dublin Court Bob Caters",
    "notation": "9,1.5.1.7.3.149.3.169.3",
    "leadHeadCode": "m",
    "lengthOfLead": "18",
    "symmetry": "palindromic",
    "numberOfHunts": "2",
    "huntbellPath": "1 2 3 4 5 6 7 8 9 9 8 7 6 5 4 3 2 1",
    "classification_text": "Bob",
    "classification_plain": "true"
  },
  {
    "id": "id4090",
    "stage": "9",
    "name": "Leamington",
    "title": "Leamington Bob Caters",
    "notation": "9,1.5.1.7.3.149.5.149.7",
    "leadHeadCode": "l",
    "lengthOfLead": "18",
    "symmetry": "palindromic",
    "numberOfHunts": "2",
    "huntbellPath": "1 2 3 4 5 6 7 8 9 9 8 7 6 5 4 3 2 1",
    "classification_text": "Bob",
    "classification_plain": "true"
  },
  {
    "id": "id4091",
    "stage": "9",
    "name": "Cambridge Court",
    "title": "Cambridge Court Bob Caters",
    "notation": "9,1.5.1.7.3.9.1.9.3",
    "leadHeadCode": "j",
    "lengthOfLead": "18",
    "symmetry": "palindromic",
    "numberOfHunts": "2",
    "huntbellPath": "1 2 3 4 5 6 7 8 9 9 8 7 6 5 4 3 2 1",
    "classification_text": "Bob",
    "classification_plain": "true"
  },
  {
    "id": "id4092",
    "stage": "9",
    "name": "Double Norwich Court",
    "title": "Double Norwich Court Bob Caters",
    "notation": "9,1.5.1.7.3.9.5.9.1",
    "leadHeadCode": "k",
    "lengthOfLead": "18",
    "symmetry": "palindromic double rotational",
    "numberOfHunts": "2",
    "huntbellPath": "1 2 3 4 5 6 7 8 9 9 8 7 6 5 4 3 2 1",
    "classification_text": "Bob",
    "classification_plain": "true"
  },
  {
    "id": "id4093",
    "stage": "9",
    "name": "Pershore",
    "title": "Pershore Bob Caters",
    "notation": "9,1.5.1.7.3.9.5.9.7",
    "leadHeadCode": "l",
    "lengthOfLead": "18",
    "symmetry": "palindromic",
    "numberOfHunts": "2",
    "huntbellPath": "1 2 3 4 5 6 7 8 9 9 8 7 6 5 4 3 2 1",
    "classification_text": "Bob",
    "classification_plain": "true"
  },
  {
    "id": "id4094",
    "stage": "9",
    "name": "Shipway's Court",
    "title": "Shipway's Court Bob Caters",
    "notation": "9,1.5.1.9.3.9.1.9.1",
    "leadHeadCode": "h",
    "lengthOfLead": "18",
    "symmetry": "palindromic",
    "numberOfHunts": "2",
    "huntbellPath": "1 2 3 4 5 6 7 8 9 9 8 7 6 5 4 3 2 1",
    "classification_text": "Bob",
    "classification_plain": "true"
  },
  {
    "id": "id4095",
    "stage": "9",
    "name": "Highbury",
    "title": "Highbury Bob Caters",
    "notation": "9,1.5.1.9.3.9.1.9.7",
    "leadHeadCode": "j",
    "lengthOfLead": "18",
    "symmetry": "palindromic",
    "numberOfHunts": "2",
    "huntbellPath": "1 2 3 4 5 6 7 8 9 9 8 7 6 5 4 3 2 1",
    "classification_text": "Bob",
    "classification_plain": "true"
  },
  {
    "id": "id4096",
    "stage": "9",
    "name": "Snettisham",
    "title": "Snettisham Bob Caters",
    "notation": "9,1.5.1.9.3.9.145.369.7",
    "leadHeadCode": "j",
    "lengthOfLead": "18",
    "symmetry": "palindromic",
    "numberOfHunts": "2",
    "huntbellPath": "1 2 3 4 5 6 7 8 9 9 8 7 6 5 4 3 2 1",
    "classification_text": "Bob",
    "classification_plain": "true"
  },
  {
    "id": "id4097",
    "stage": "9",
    "name": "Taunton Court",
    "title": "Taunton Court Bob Caters",
    "notation": "9,1.5.1.9.3.9.3.169.3",
    "leadHeadCode": "k",
    "lengthOfLead": "18",
    "symmetry": "palindromic",
    "numberOfHunts": "2",
    "huntbellPath": "1 2 3 4 5 6 7 8 9 9 8 7 6 5 4 3 2 1",
    "classification_text": "Bob",
    "classification_plain": "true"
  },
  {
    "id": "id4098",
    "stage": "9",
    "name": "Hereford",
    "title": "Hereford Bob Caters",
    "notation": "9,1.5.169.7.1.9.3.569.1",
    "leadHeadCode": "g",
    "lengthOfLead": "18",
    "symmetry": "palindromic",
    "numberOfHunts": "2",
    "huntbellPath": "1 2 3 4 5 6 7 8 9 9 8 7 6 5 4 3 2 1",
    "classification_text": "Bob",
    "classification_plain": "true"
  },
  {
    "id": "id4099",
    "stage": "9",
    "name": "Double Coslany Court",
    "title": "Double Coslany Court Bob Caters",
    "notation": "9,1.5.169.7.3.149.5.9.1",
    "leadHeadCode": "m",
    "lengthOfLead": "18",
    "symmetry": "palindromic double rotational",
    "numberOfHunts": "2",
    "huntbellPath": "1 2 3 4 5 6 7 8 9 9 8 7 6 5 4 3 2 1",
    "classification_text": "Bob",
    "classification_plain": "true"
  },
  {
    "id": "id4100",
    "stage": "9",
    "name": "Alburgh",
    "title": "Alburgh Bob Caters",
    "notation": "9,1.7.1.7.3.149.5.369.1",
    "leadHeadCode": "m",
    "lengthOfLead": "18",
    "symmetry": "palindromic",
    "numberOfHunts": "2",
    "huntbellPath": "1 2 3 4 5 6 7 8 9 9 8 7 6 5 4 3 2 1",
    "classification_text": "Bob",
    "classification_plain": "true"
  },
  {
    "id": "id4101",
    "stage": "9",
    "name": "Avalon Court",
    "title": "Avalon Court Bob Caters",
    "notation": "9,1.7.1.9.3.9.3.9.5",
    "leadHeadCode": "l",
    "lengthOfLead": "18",
    "symmetry": "palindromic",
    "numberOfHunts": "2",
    "huntbellPath": "1 2 3 4 5 6 7 8 9 9 8 7 6 5 4 3 2 1",
    "classification_text": "Bob",
    "classification_plain": "true"
  },
  {
    "id": "id4102",
    "stage": "9",
    "name": "Banbury",
    "title": "Banbury Bob Caters",
    "notation": "9,1.9.1.7.1.349.5.149.3",
    "leadHeadCode": "h",
    "lengthOfLead": "18",
    "symmetry": "palindromic",
    "numberOfHunts": "2",
    "huntbellPath": "1 2 3 4 5 6 7 8 9 9 8 7 6 5 4 3 2 1",
    "classification_text": "Bob",
    "classification_plain": "true"
  },
  {
    "id": "id4103",
    "stage": "9",
    "name": "New London Court",
    "title": "New London Court Bob Caters",
    "notation": "9,1.9.1.7.1.9.1.9.3",
    "leadHeadCode": "g",
    "lengthOfLead": "18",
    "symmetry": "palindromic",
    "numberOfHunts": "2",
    "huntbellPath": "1 2 3 4 5 6 7 8 9 9 8 7 6 5 4 3 2 1",
    "classification_text": "Bob",
    "classification_plain": "true"
  },
  {
    "id": "id4104",
    "stage": "9",
    "name": "Lavenham Court",
    "title": "Lavenham Court Bob Caters",
    "notation": "9,1.9.1.7.1.9.5.9.1",
    "leadHeadCode": "h",
    "lengthOfLead": "18",
    "symmetry": "palindromic",
    "numberOfHunts": "2",
    "huntbellPath": "1 2 3 4 5 6 7 8 9 9 8 7 6 5 4 3 2 1",
    "classification_text": "Bob",
    "classification_plain": "true"
  },
  {
    "id": "id4105",
    "stage": "9",
    "name": "Maidstone",
    "title": "Maidstone Bob Caters",
    "notation": "9,1.9.1.7.1.9.5.9.7",
    "leadHeadCode": "j",
    "lengthOfLead": "18",
    "symmetry": "palindromic",
    "numberOfHunts": "2",
    "huntbellPath": "1 2 3 4 5 6 7 8 9 9 8 7 6 5 4 3 2 1",
    "classification_text": "Bob",
    "classification_plain": "true"
  },
  {
    "id": "id4106",
    "stage": "9",
    "name": "St Alphege",
    "title": "St Alphege Bob Caters",
    "notation": "9,1.9.1.7.3.129.3.9.1",
    "leadHeadCode": "m",
    "lengthOfLead": "18",
    "symmetry": "palindromic",
    "numberOfHunts": "2",
    "huntbellPath": "1 2 3 4 5 6 7 8 9 9 8 7 6 5 4 3 2 1",
    "classification_text": "Bob",
    "classification_plain": "true"
  },
  {
    "id": "id4107",
    "stage": "9",
    "name": "Edington",
    "title": "Edington Bob Caters",
    "notation": "9,1.9.1.7.3.129.5.149.7",
    "leadHeadCode": "j",
    "lengthOfLead": "18",
    "symmetry": "palindromic",
    "numberOfHunts": "2",
    "huntbellPath": "1 2 3 4 5 6 7 8 9 9 8 7 6 5 4 3 2 1",
    "classification_text": "Bob",
    "classification_plain": "true"
  },
  {
    "id": "id4108",
    "stage": "9",
    "name": "Appleton",
    "title": "Appleton Bob Caters",
    "notation": "9,1.9.1.7.3.149.3.169.7",
    "leadHeadCode": "j",
    "lengthOfLead": "18",
    "symmetry": "palindromic",
    "numberOfHunts": "2",
    "huntbellPath": "1 2 3 4 5 6 7 8 9 9 8 7 6 5 4 3 2 1",
    "classification_text": "Bob",
    "classification_plain": "true"
  },
  {
    "id": "id4109",
    "stage": "9",
    "name": "Epsom",
    "title": "Epsom Bob Caters",
    "notation": "9,1.9.1.7.3.9.145.9.3",
    "leadHeadCode": "h",
    "lengthOfLead": "18",
    "symmetry": "palindromic",
    "numberOfHunts": "2",
    "huntbellPath": "1 2 3 4 5 6 7 8 9 9 8 7 6 5 4 3 2 1",
    "classification_text": "Bob",
    "classification_plain": "true"
  },
  {
    "id": "id4110",
    "stage": "9",
    "name": "Gloucester",
    "title": "Gloucester Bob Caters",
    "notation": "9,1.9.1.9.1.349.5.169.3",
    "leadHeadCode": "h",
    "lengthOfLead": "18",
    "symmetry": "palindromic",
    "numberOfHunts": "2",
    "huntbellPath": "1 2 3 4 5 6 7 8 9 9 8 7 6 5 4 3 2 1",
    "classification_text": "Bob",
    "classification_plain": "true"
  },
  {
    "id": "id4111",
    "stage": "9",
    "name": "Cleatham",
    "title": "Cleatham Bob Caters",
    "notation": "9,1.9.1.9.1.9.1.349.7",
    "leadHeadCode": "g",
    "lengthOfLead": "18",
    "symmetry": "palindromic",
    "numberOfHunts": "2",
    "huntbellPath": "1 2 3 4 5 6 7 8 9 9 8 7 6 5 4 3 2 1",
    "classification_text": "Bob",
    "classification_plain": "true"
  },
  {
    "id": "id4112",
    "stage": "9",
    "name": "Canterbury",
    "title": "Canterbury Bob Caters",
    "notation": "9,1.9.1.9.1.9.1.569.7",
    "leadHeadCode": "g",
    "lengthOfLead": "18",
    "symmetry": "palindromic",
    "numberOfHunts": "2",
    "huntbellPath": "1 2 3 4 5 6 7 8 9 9 8 7 6 5 4 3 2 1",
    "classification_text": "Bob",
    "classification_plain": "true"
  },
  {
    "id": "id4113",
    "stage": "9",
    "name": "Reverse Grandsire",
    "title": "Reverse Grandsire Caters",
    "notation": "9,1.9.1.9.1.9.1.9.7",
    "leadHeadCode": "g",
    "lengthOfLead": "18",
    "symmetry": "palindromic",
    "numberOfHunts": "2",
    "huntbellPath": "1 2 3 4 5 6 7 8 9 9 8 7 6 5 4 3 2 1",
    "classification_text": "Bob",
    "classification_plain": "true"
  },
  {
    "id": "id4114",
    "stage": "9",
    "name": "Rutherford",
    "title": "Rutherford Bob Caters",
    "notation": "9,1.9.1.9.1.9.145.369.7",
    "leadHeadCode": "g",
    "lengthOfLead": "18",
    "symmetry": "palindromic",
    "numberOfHunts": "2",
    "huntbellPath": "1 2 3 4 5 6 7 8 9 9 8 7 6 5 4 3 2 1",
    "classification_text": "Bob",
    "classification_plain": "true"
  },
  {
    "id": "id4115",
    "stage": "9",
    "name": "Debenham Court",
    "title": "Debenham Court Bob Caters",
    "notation": "9,1.9.1.9.1.9.3.169.3",
    "leadHeadCode": "h",
    "lengthOfLead": "18",
    "symmetry": "palindromic",
    "numberOfHunts": "2",
    "huntbellPath": "1 2 3 4 5 6 7 8 9 9 8 7 6 5 4 3 2 1",
    "classification_text": "Bob",
    "classification_plain": "true"
  },
  {
    "id": "id4116",
    "stage": "9",
    "name": "Spalding College",
    "title": "Spalding College Bob Caters",
    "notation": "9,1.9.1.9.1.9.5.9.5",
    "leadHeadCode": "j",
    "lengthOfLead": "18",
    "symmetry": "palindromic",
    "numberOfHunts": "2",
    "huntbellPath": "1 2 3 4 5 6 7 8 9 9 8 7 6 5 4 3 2 1",
    "classification_text": "Bob",
    "classification_plain": "true"
  },
  {
    "id": "id4117",
    "stage": "9",
    "name": "Crayford College",
    "title": "Crayford College Bob Caters",
    "notation": "9,1.9.1.9.3.9.3.9.3",
    "leadHeadCode": "l",
    "lengthOfLead": "18",
    "symmetry": "palindromic",
    "numberOfHunts": "2",
    "huntbellPath": "1 2 3 4 5 6 7 8 9 9 8 7 6 5 4 3 2 1",
    "classification_text": "Bob",
    "classification_plain": "true"
  },
  {
    "id": "id4118",
    "stage": "9",
    "name": "Minehead",
    "title": "Minehead Bob Caters",
    "notation": "9,1.9.167.9.3.9.1.9.1",
    "leadHeadCode": "g",
    "lengthOfLead": "18",
    "symmetry": "palindromic",
    "numberOfHunts": "2",
    "huntbellPath": "1 2 3 4 5 6 7 8 9 9 8 7 6 5 4 3 2 1",
    "classification_text": "Bob",
    "classification_plain": "true"
  },
  {
    "id": "id4119",
    "stage": "9",
    "name": "Eynsham",
    "title": "Eynsham Bob Caters",
    "notation": "9,145.7.1.7.123.9.125.9.1",
    "leadHeadCode": "g",
    "lengthOfLead": "18",
    "symmetry": "palindromic",
    "numberOfHunts": "2",
    "huntbellPath": "1 2 3 4 5 6 7 8 9 9 8 7 6 5 4 3 2 1",
    "classification_text": "Bob",
    "classification_plain": "true"
  },
  {
    "id": "id4120",
    "stage": "9",
    "name": "Stroud",
    "title": "Stroud Bob Caters",
    "notation": "9,145.7.1.7.3.9.5.9.1",
    "leadHeadCode": "g",
    "lengthOfLead": "18",
    "symmetry": "palindromic",
    "numberOfHunts": "2",
    "huntbellPath": "1 2 3 4 5 6 7 8 9 9 8 7 6 5 4 3 2 1",
    "classification_text": "Bob",
    "classification_plain": "true"
  },
  {
    "id": "id4121",
    "stage": "9",
    "name": "Malvern Imperial",
    "title": "Malvern Imperial Bob Caters",
    "notation": "9,145.9.1.7.1.9.3.169.5",
    "leadHeadCode": "k",
    "lengthOfLead": "18",
    "symmetry": "palindromic",
    "numberOfHunts": "2",
    "huntbellPath": "1 2 3 4 5 6 7 8 9 9 8 7 6 5 4 3 2 1",
    "classification_text": "Bob",
    "classification_plain": "true"
  },
  {
    "id": "id4122",
    "stage": "9",
    "name": "Oldham",
    "title": "Oldham Bob Caters",
    "notation": "9,147.9.167.9.3.9.3.169.3",
    "leadHeadCode": "g",
    "lengthOfLead": "18",
    "symmetry": "palindromic",
    "numberOfHunts": "2",
    "huntbellPath": "1 2 3 4 5 6 7 8 9 9 8 7 6 5 4 3 2 1",
    "classification_text": "Bob",
    "classification_plain": "true"
  },
  {
    "id": "id4123",
    "stage": "9",
    "name": "Preston",
    "title": "Preston Bob Caters",
    "notation": "9,167.9.1.9.1.349.1.9.7",
    "leadHeadCode": "g",
    "lengthOfLead": "18",
    "symmetry": "palindromic",
    "numberOfHunts": "2",
    "huntbellPath": "1 2 3 4 5 6 7 8 9 9 8 7 6 5 4 3 2 1",
    "classification_text": "Bob",
    "classification_plain": "true"
  },
  {
    "id": "id4124",
    "stage": "9",
    "name": "Salisbury",
    "title": "Salisbury Bob Caters",
    "notation": "9,167.9.1.9.3.149.3.9.7",
    "leadHeadCode": "g",
    "lengthOfLead": "18",
    "symmetry": "palindromic",
    "numberOfHunts": "2",
    "huntbellPath": "1 2 3 4 5 6 7 8 9 9 8 7 6 5 4 3 2 1",
    "classification_text": "Bob",
    "classification_plain": "true"
  },
  {
    "id": "id4125",
    "stage": "9",
    "name": "Bromyard Downs",
    "title": "Bromyard Downs Slow Course Caters",
    "notation": "349.1.9.1.9.1.9.1.789,129",
    "leadHead": "124573968",
    "lengthOfLead": "18",
    "symmetry": "palindromic",
    "numberOfHunts": "2",
    "huntbellPath": "1 2 3 4 5 6 7 8 9 9 8 7 6 5 4 3 2 1",
    "classification_text": "Slow Course",
    "classification_plain": "true"
  },
  {
    "id": "id4126",
    "stage": "9",
    "name": "Candlesby",
    "title": "Candlesby Slow Course Caters",
    "notation": "9.1.9.1.9.1.9.1.789,129",
    "leadHead": "125374968",
    "lengthOfLead": "18",
    "symmetry": "palindromic",
    "numberOfHunts": "2",
    "huntbellPath": "1 2 3 4 5 6 7 8 9 9 8 7 6 5 4 3 2 1",
    "classification_text": "Slow Course",
    "classification_plain": "true"
  },
  {
    "id": "id4127",
    "stage": "9",
    "name": "Bastow",
    "title": "Bastow Little Bob Caters",
    "notation": "9,1.3.1",
    "leadHeadCode": "m",
    "lengthOfLead": "6",
    "symmetry": "palindromic",
    "numberOfHunts": "2",
    "huntbellPath": "1 2 3 3 2 1",
    "classification_text": "Bob",
    "classification_little": "true",
    "classification_plain": "true"
  },
  {
    "id": "id4128",
    "stage": "9",
    "name": "Reading",
    "title": "Reading Little Bob Caters",
    "notation": "9,1.7.149.7",
    "leadHeadCode": "l",
    "lengthOfLead": "8",
    "symmetry": "palindromic",
    "numberOfHunts": "2",
    "huntbellPath": "1 2 3 4 4 3 2 1",
    "classification_text": "Bob",
    "classification_little": "true",
    "classification_plain": "true"
  },
  {
    "id": "id4129",
    "stage": "9",
    "name": "Little Grandsire",
    "title": "Little Grandsire Caters",
    "notation": "3,1.9.1.5.1",
    "leadHeadCode": "e",
    "lengthOfLead": "10",
    "symmetry": "palindromic",
    "numberOfHunts": "2",
    "huntbellPath": "1 2 3 4 5 5 4 3 2 1",
    "classification_text": "Bob",
    "classification_little": "true",
    "classification_plain": "true"
  },
  {
    "id": "id4130",
    "stage": "9",
    "name": "Crayford",
    "title": "Crayford Little Bob Caters",
    "notation": "9,1.9.1.5.1",
    "leadHeadCode": "k",
    "lengthOfLead": "10",
    "symmetry": "palindromic",
    "numberOfHunts": "2",
    "huntbellPath": "1 2 3 4 5 5 4 3 2 1",
    "classification_text": "Bob",
    "classification_little": "true",
    "classification_plain": "true"
  },
  {
    "id": "id4131",
    "stage": "9",
    "name": "Newport",
    "title": "Newport Little Bob Caters",
    "notation": "9,1.9.1.7.169.7",
    "leadHeadCode": "j",
    "lengthOfLead": "12",
    "symmetry": "palindromic",
    "numberOfHunts": "2",
    "huntbellPath": "1 2 3 4 5 6 6 5 4 3 2 1",
    "classification_text": "Bob",
    "classification_little": "true",
    "classification_plain": "true"
  },
  {
    "id": "id4132",
    "stage": "9",
    "name": "Oxford",
    "title": "Oxford Little Bob Caters",
    "notation": "3,1.5.1.9.3.7.1",
    "leadHeadCode": "e",
    "lengthOfLead": "14",
    "symmetry": "palindromic",
    "numberOfHunts": "2",
    "huntbellPath": "1 2 3 4 5 6 7 7 6 5 4 3 2 1",
    "classification_text": "Bob",
    "classification_little": "true",
    "classification_plain": "true"
  },
  {
    "id": "id4133",
    "stage": "9",
    "name": "Tiverton",
    "title": "Tiverton Little Bob Caters",
    "notation": "3,1.7.1.9.1.7.3",
    "leadHeadCode": "d",
    "lengthOfLead": "14",
    "symmetry": "palindromic",
    "numberOfHunts": "2",
    "huntbellPath": "1 2 3 4 5 6 7 7 6 5 4 3 2 1",
    "classification_text": "Bob",
    "classification_little": "true",
    "classification_plain": "true"
  },
  {
    "id": "id4134",
    "stage": "9",
    "name": "Montgomery",
    "title": "Montgomery Little Bob Caters",
    "notation": "3,1.9.1.7.3.147.3",
    "leadHeadCode": "e",
    "lengthOfLead": "14",
    "symmetry": "palindromic",
    "numberOfHunts": "2",
    "huntbellPath": "1 2 3 4 5 6 7 7 6 5 4 3 2 1",
    "classification_text": "Bob",
    "classification_little": "true",
    "classification_plain": "true"
  },
  {
    "id": "id4135",
    "stage": "9",
    "name": "Gainsborough",
    "title": "Gainsborough Little Bob Caters",
    "notation": "3,1.9.1.9.1.7.1",
    "leadHeadCode": "c",
    "lengthOfLead": "14",
    "symmetry": "palindromic",
    "numberOfHunts": "2",
    "huntbellPath": "1 2 3 4 5 6 7 7 6 5 4 3 2 1",
    "classification_text": "Bob",
    "classification_little": "true",
    "classification_plain": "true"
  },
  {
    "id": "id4136",
    "stage": "9",
    "name": "Sedghill",
    "title": "Sedghill Little Bob Caters",
    "notation": "3,149.5.1.7.3.147.3",
    "leadHeadCode": "b",
    "lengthOfLead": "14",
    "symmetry": "palindromic",
    "numberOfHunts": "2",
    "huntbellPath": "1 2 3 4 5 6 7 7 6 5 4 3 2 1",
    "classification_text": "Bob",
    "classification_little": "true",
    "classification_plain": "true"
  },
  {
    "id": "id4137",
    "stage": "9",
    "name": "Yeovil",
    "title": "Yeovil Little Bob Caters",
    "notation": "3,169.7.1.7.3.147.5",
    "leadHeadCode": "b",
    "lengthOfLead": "14",
    "symmetry": "palindromic",
    "numberOfHunts": "2",
    "huntbellPath": "1 2 3 4 5 6 7 7 6 5 4 3 2 1",
    "classification_text": "Bob",
    "classification_little": "true",
    "classification_plain": "true"
  },
  {
    "id": "id4138",
    "stage": "9",
    "name": "Victoria",
    "title": "Victoria Little Bob Caters",
    "notation": "9,1.5.1.9.3.7.1",
    "leadHeadCode": "k",
    "lengthOfLead": "14",
    "symmetry": "palindromic",
    "numberOfHunts": "2",
    "huntbellPath": "1 2 3 4 5 6 7 7 6 5 4 3 2 1",
    "classification_text": "Bob",
    "classification_little": "true",
    "classification_plain": "true"
  },
  {
    "id": "id4139",
    "stage": "9",
    "name": "Hastings",
    "title": "Hastings Little Bob Caters",
    "notation": "9,1.7.1.9.1.7.3",
    "leadHeadCode": "j",
    "lengthOfLead": "14",
    "symmetry": "palindromic",
    "numberOfHunts": "2",
    "huntbellPath": "1 2 3 4 5 6 7 7 6 5 4 3 2 1",
    "classification_text": "Bob",
    "classification_little": "true",
    "classification_plain": "true"
  },
  {
    "id": "id4140",
    "stage": "9",
    "name": "Ellesmere",
    "title": "Ellesmere Little Bob Caters",
    "notation": "9,1.9.1.7.3.147.3",
    "leadHeadCode": "k",
    "lengthOfLead": "14",
    "symmetry": "palindromic",
    "numberOfHunts": "2",
    "huntbellPath": "1 2 3 4 5 6 7 7 6 5 4 3 2 1",
    "classification_text": "Bob",
    "classification_little": "true",
    "classification_plain": "true"
  },
  {
    "id": "id4141",
    "stage": "9",
    "name": "Wellington",
    "title": "Wellington Little Bob Caters",
    "notation": "9,1.9.1.9.1.7.1",
    "leadHeadCode": "h",
    "lengthOfLead": "14",
    "symmetry": "palindromic",
    "numberOfHunts": "2",
    "huntbellPath": "1 2 3 4 5 6 7 7 6 5 4 3 2 1",
    "classification_text": "Bob",
    "classification_little": "true",
    "classification_plain": "true"
  },
  {
    "id": "id4142",
    "stage": "9",
    "name": "St Hugh",
    "title": "St Hugh Bob Caters",
    "notation": "3.1.9.1.9.1.9.1.9.1.9.1.9.1.9.1.9.123",
    "leadHead": "152374968",
    "lengthOfLead": "18",
    "numberOfHunts": "1",
    "huntbellPath": "1 2 3 4 5 6 7 8 9 9 8 7 6 5 4 3 2 1",
    "classification_text": "Bob",
    "classification_plain": "true"
  },
  {
    "id": "id4143",
    "stage": "9",
    "name": "Holy Orders",
    "title": "Holy Orders Bob Caters",
    "notation": "9.1.9.1.9.1.9.1.9.1.9.1.9.1.9.1.3.123",
    "leadHead": "135274968",
    "lengthOfLead": "18",
    "numberOfHunts": "1",
    "huntbellPath": "1 2 3 4 5 6 7 8 9 9 8 7 6 5 4 3 2 1",
    "classification_text": "Bob",
    "classification_plain": "true"
  },
  {
    "id": "id4144",
    "stage": "9",
    "name": "Union",
    "title": "Union Caters",
    "notation": "3.1.9.1.9.1.9.1.9.1.9.1.9.1.9.1.5.1",
    "leadHead": "125973846",
    "lengthOfLead": "18",
    "numberOfHunts": "2",
    "huntbellPath": "1 2 3 4 5 6 7 8 9 9 8 7 6 5 4 3 2 1",
    "classification_text": "Bob",
    "classification_plain": "true"
  },
  {
    "id": "id4145",
    "stage": "9",
    "name": "Sound of Wells 2021",
    "title": "Sound of Wells 2021 Bob Caters",
    "notation": "3.1.9.1.9.123.9.123.9.123.9.123.9.3.9.1.9.1",
    "leadHead": "124638597",
    "lengthOfLead": "18",
    "numberOfHunts": "2",
    "huntbellPath": "1 2 3 4 5 6 7 8 9 9 8 7 6 5 4 3 2 1",
    "classification_text": "Bob",
    "classification_plain": "true"
  },
  {
    "id": "id4146",
    "stage": "9",
    "name": "Sound of Wells 2023",
    "title": "Sound of Wells 2023 Bob Caters",
    "notation": "3.1.9.1.9.123.9.3.9.123.9.3.9.3.9.1.9.1",
    "leadHead": "124638597",
    "lengthOfLead": "18",
    "numberOfHunts": "2",
    "huntbellPath": "1 2 3 4 5 6 7 8 9 9 8 7 6 5 4 3 2 1",
    "classification_text": "Bob",
    "classification_plain": "true"
  },
  {
    "id": "id12396",
    "stage": "9",
    "name": "New York Littleport",
    "title": "New York Littleport Little Surprise Caters",
    "notation": "9.5.9.149.5.9.5.369.149.9.149.5.9.149.9.189,1",
    "leadHeadCode": "s",
    "lengthOfLead": "32",
    "symmetry": "palindromic",
    "numberOfHunts": "1",
    "huntbellPath": "1 2 1 2 3 4 3 4 5 6 5 6 7 8 7 8 8 7 8 7 6 5 6 5 4 3 4 3 2 1 2 1"
  },
  {
    "id": "id20206",
    "stage": "9",
    "name": "Regulus",
    "title": "Regulus Alliance Caters",
    "notation": "345.1.345.9.345.1.345.9.345.1.345.9.345.1.345.9,129",
    "leadHeadCode": "q",
    "lengthOfLead": "32",
    "symmetry": "palindromic",
    "numberOfHunts": "1",
    "huntbellPath": "1 2 3 3 4 4 5 5 6 7 6 7 8 9 8 9 9 8 9 8 7 6 7 6 5 5 4 4 3 3 2 1"
  },
  {
    "id": "id21295",
    "stage": "9",
    "name": "Bristolian",
    "title": "Bristolian Treble Place Caters",
    "notation": "3.9.3.1.9.5.9.3.5.7.1.5.1.9.7.1.7.9,129",
    "leadHeadCode": "p",
    "lengthOfLead": "36",
    "symmetry": "palindromic",
    "numberOfHunts": "1",
    "huntbellPath": "1 2 1 2 3 4 3 4 5 5 6 7 6 7 8 9 8 9 9 8 9 8 7 6 7 6 5 5 4 3 4 3 2 1 2 1"
  },
  {
    "id": "id21296",
    "stage": "9",
    "name": "Nicholson",
    "title": "Nicholson Treble Place Caters",
    "notation": "5.9.5.1.5.129.5.1.5.129.5.1.5.129.5.1.5.129,1",
    "leadHead": "142735968",
    "lengthOfLead": "36",
    "symmetry": "palindromic",
    "numberOfHunts": "1",
    "huntbellPath": "1 2 1 2 3 4 3 4 5 5 6 7 6 7 8 9 8 9 9 8 9 8 7 6 7 6 5 5 4 3 4 3 2 1 2 1"
  },
  {
    "id": "id21297",
    "stage": "9",
    "name": "Kent",
    "title": "Kent Treble Place Caters",
    "notation": "349.9.349.1.9.129.9.1.9.129.9.1.9.129.9.1.9.129,1",
    "leadHeadCode": "s",
    "lengthOfLead": "36",
    "symmetry": "palindromic",
    "numberOfHunts": "1",
    "huntbellPath": "1 2 1 2 3 4 3 4 5 6 5 6 7 8 7 8 9 9 9 9 8 7 8 7 6 5 6 5 4 3 4 3 2 1 2 1"
  },
  {
    "id": "id21298",
    "stage": "9",
    "name": "Oxford",
    "title": "Oxford Treble Place Caters",
    "notation": "9.349.9.1.9.129.9.1.9.129.9.1.9.129.9.1.9.129,1",
    "leadHeadCode": "s",
    "lengthOfLead": "36",
    "symmetry": "palindromic",
    "numberOfHunts": "1",
    "huntbellPath": "1 2 1 2 3 4 3 4 5 6 5 6 7 8 7 8 9 9 9 9 8 7 8 7 6 5 6 5 4 3 4 3 2 1 2 1"
  },
  {
    "id": "id21299",
    "stage": "9",
    "name": "Surfleet",
    "title": "Surfleet Treble Place Caters",
    "notation": "5.1.5.9.5.1.5.9.5.1.5.9.5.1.5.9.5.1.5.9.5.1.5.9.5.1.5.9.5.1.5.9.5.1.5.3",
    "leadHead": "124638597",
    "lengthOfLead": "36",
    "symmetry": "palindromic",
    "numberOfHunts": "2",
    "huntbellPath": "1 2 3 4 3 4 5 5 6 7 6 7 8 9 8 9 9 8 9 8 7 6 7 6 5 5 4 3 4 3 2 1 2 1 1 2"
  },
  {
    "id": "id21728",
    "stage": "9",
    "name": "Original",
    "title": "Original Caters",
    "notation": "9.1",
    "leadHead": "241638597",
    "lengthOfLead": "2",
    "symmetry": "palindromic double rotational",
    "numberOfHunts": "0"
  },
  {
    "id": "id21729",
    "stage": "9",
    "name": "Erin",
    "title": "Erin Caters",
    "notation": "9.3.1.3.1.3",
    "leadHead": "241638597",
    "lengthOfLead": "6",
    "symmetry": "palindromic",
    "numberOfHunts": "0"
  },
  {
    "id": "id21730",
    "stage": "9",
    "name": "Collatz",
    "title": "Collatz Caters",
    "notation": "9.5.1.5.1.5.1.5.1.5",
    "leadHead": "241638597",
    "lengthOfLead": "10",
    "symmetry": "palindromic",
    "numberOfHunts": "0"
  },
  {
    "id": "id21731",
    "stage": "9",
    "name": "Brunel",
    "title": "Brunel Caters",
    "notation": "1.3.9.1.3.1.3.1.9.3.1.9",
    "leadHead": "634128597",
    "lengthOfLead": "12",
    "symmetry": "palindromic",
    "numberOfHunts": "0"
  },
  {
    "id": "id21732",
    "stage": "9",
    "name": "Stedman",
    "title": "Stedman Caters",
    "notation": "3.1.9.3.1.3.1.3.9.1.3.1",
    "leadHead": "634829175",
    "lengthOfLead": "12",
    "symmetry": "palindromic",
    "numberOfHunts": "0"
  },
  {
    "id": "id21733",
    "stage": "9",
    "name": "Birmingham Carter",
    "title": "Birmingham Carter Caters",
    "notation": "3.1.9.3.1.3.1.3.9.1.3.9",
    "leadHead": "462318597",
    "lengthOfLead": "12",
    "symmetry": "palindromic",
    "numberOfHunts": "0"
  },
  {
    "id": "id21734",
    "stage": "9",
    "name": "Carter",
    "title": "Carter Caters",
    "notation": "9.3.1.3.9.1.3.5.3.5.3.1",
    "leadHead": "681249375",
    "lengthOfLead": "12",
    "symmetry": "palindromic",
    "numberOfHunts": "0"
  },
  {
    "id": "id21735",
    "stage": "9",
    "name": "Groton",
    "title": "Groton Caters",
    "notation": "9.5.3.5.3.5.1.5.3.5.3.5",
    "leadHead": "412638597",
    "lengthOfLead": "12",
    "symmetry": "palindromic",
    "numberOfHunts": "0"
  },
  {
    "id": "id21736",
    "stage": "9",
    "name": "Flada",
    "title": "Flada Caters",
    "notation": "3.1.3.1.3.569.1.569.1.5.9.145.9.145.7.9.7.9.7",
    "leadHead": "234567891",
    "lengthOfLead": "19",
    "symmetry": "rotational",
    "numberOfHunts": "0"
  },
  {
    "id": "id21737",
    "stage": "9",
    "name": "Anniversary",
    "title": "Anniversary Caters",
    "notation": "5.1.9.5.1.5.1.5.9.1.5.1.5.1.9.5.1.5.1.5.9.1.5.3",
    "leadHead": "287693541",
    "lengthOfLead": "24",
    "symmetry": "palindromic",
    "numberOfHunts": "0"
  },
  {
    "id": "id22080",
    "stage": "9",
    "name": "Tabernacle",
    "title": "Tabernacle Differential Little Bob Caters",
    "notation": "7.1.7.1.3456789,1",
    "leadHead": "132567498",
    "lengthOfLead": "10",
    "symmetry": "palindromic",
    "numberOfHunts": "1",
    "huntbellPath": "1 2 3 4 5 5 4 3 2 1",
    "classification_text": "Bob",
    "classification_little": "true",
    "classification_differential": "true",
    "classification_plain": "true"
  }
]
