[
  {
    "id": "id4535",
    "stage": "20",
    "title": "Little Bob Twenty",
    "notation": "-1J-14,12",
    "leadHeadCode": "e",
    "lengthOfLead": "8",
    "symmetry": "palindromic",
    "numberOfHunts": "1",
    "huntbellPath": "1 2 3 4 4 3 2 1",
    "classification_text": "Bob",
    "classification_little": "true",
    "classification_plain": "true"
  },
  {
    "id": "id14752",
    "stage": "20",
    "name": "York",
    "title": "York Surprise Twenty",
    "notation": "-3J-14-12-3J.14-14.3J.14-14.3J.14-14.3J.14-14.3J.14-14.3J.14-14.3J.14-14.3J.14-14.3J,12",
    "leadHeadCode": "a",
    "lengthOfLead": "80",
    "symmetry": "palindromic",
    "numberOfHunts": "1",
    "huntbellPath": "1 2 1 2 3 4 3 4 5 6 5 6 7 8 7 8 9 10 9 10 11 12 11 12 13 14 13 14 15 16 15 16 17 18 17 18 19 20 19 20 20 19 20 19 18 17 18 17 16 15 16 15 14 13 14 13 12 11 12 11 10 9 10 9 8 7 8 7 6 5 6 5 4 3 4 3 2 1 2 1"
  },
  {
    "id": "id14753",
    "stage": "20",
    "name": "Feering",
    "title": "Feering Surprise Twenty",
    "notation": "-3J-14-12-3J.14-14.3J.14-14.3J.14-14.3J.14-14.3J.14-14.3J.14-14.3J.14-14.3J.14-34.HJ,12",
    "leadHeadCode": "b",
    "lengthOfLead": "80",
    "symmetry": "palindromic",
    "numberOfHunts": "1",
    "huntbellPath": "1 2 1 2 3 4 3 4 5 6 5 6 7 8 7 8 9 10 9 10 11 12 11 12 13 14 13 14 15 16 15 16 17 18 17 18 19 20 19 20 20 19 20 19 18 17 18 17 16 15 16 15 14 13 14 13 12 11 12 11 10 9 10 9 8 7 8 7 6 5 6 5 4 3 4 3 2 1 2 1"
  },
  {
    "id": "id14754",
    "stage": "20",
    "name": "Newgate",
    "title": "Newgate Surprise Twenty",
    "notation": "3J-3J.14-12-3J.14-14.5J.16-16.7J.14.58.14.9J.14-14.9J.14-14.9J.14-14.9J.14-14.9J.14-14.9J,12",
    "leadHeadCode": "f",
    "lengthOfLead": "80",
    "symmetry": "palindromic",
    "numberOfHunts": "1",
    "huntbellPath": "1 2 1 2 3 4 3 4 5 6 5 6 7 8 7 8 9 10 9 10 11 12 11 12 13 14 13 14 15 16 15 16 17 18 17 18 19 20 19 20 20 19 20 19 18 17 18 17 16 15 16 15 14 13 14 13 12 11 12 11 10 9 10 9 8 7 8 7 6 5 6 5 4 3 4 3 2 1 2 1"
  }
]
