[
  {
    "name": "Waterloo",
    "title": "Waterloo Bob Caters",
    "notation": "3.1.5.3.7.5.9.7.9,129",
    "stage": "9"
  },
  {
    "name": "New",
    "title": "New Bob Caters",
    "notation": "3.1.9.3.9.3.9.3.9,129",
    "stage": "9"
  },
  {
    "name": "Jura",
    "title": "Jura Bob Caters",
    "notation": "3.149.5.1.7.145.9.147.9,129",
    "stage": "9"
  },
  {
    "name": "Shipway",
    "title": "Shipway Place Caters",
    "notation": "3.149.5.169.7.189.9.1.9,129",
    "stage": "9"
  },
  {
    "name": "Chilcompton",
    "title": "Chilcompton Bob Caters",
    "notation": "345.1.5.1.7.145.9.347.9,129",
    "stage": "9"
  },
  {
    "name": "Awbridge",
    "title": "Awbridge Bob Caters",
    "notation": "345.1.5.3.147.5.9.147.9,129",
    "stage": "9"
  },
  {
    "name": "He Dog",
    "title": "He Dog Place Caters",
    "notation": "3456789.1.9.1.9.1.9.1.9,129",
    "stage": "9"
  },
  {
    "name": "American Horse",
    "title": "American Horse Bob Caters",
    "notation": "34569.1.9.1.9.1.9.1.9,129",
    "stage": "9"
  },
  {
    "name": "They-Fear-Even-His-Horses",
    "title": "They-Fear-Even-His-Horses Bob Caters",
    "notation": "34789.1.9.1.9.1.9.1.9,129",
    "stage": "9"
  },
  {
    "name": "Canterbury Pleasure",
    "title": "Canterbury Pleasure Bob Caters",
    "notation": "349.1.9.1.9.1.9.1.9,129",
    "stage": "9"
  },
  {
    "name": "Evercreech",
    "title": "Evercreech Bob Caters",
    "notation": "349.1.9.123.9.3.569.347.9,129",
    "stage": "9"
  },
  {
    "name": "St Agatha",
    "title": "St Agatha Bob Caters",
    "notation": "349.1.9.3.129.3.9.3.9,129",
    "stage": "9"
  },
  {
    "name": "St Nicholas",
    "title": "St Nicholas Bob Caters",
    "notation": "349.1.9.3.9.3.9.3.9,129",
    "stage": "9"
  },
  {
    "name": "Orgreave",
    "title": "Orgreave Bob Caters",
    "notation": "5.1.5.3.9.3.9.1.9,129",
    "stage": "9"
  },
  {
    "name": "Big Ben",
    "title": "Big Ben Bob Caters",
    "notation": "5.1.9.1.9.1.9.1.9,125",
    "stage": "9"
  },
  {
    "name": "Sitting Bull",
    "title": "Sitting Bull Bob Caters",
    "notation": "56789.1.9.1.9.1.9.1.9,129",
    "stage": "9"
  },
  {
    "name": "Hunslet",
    "title": "Hunslet Bob Caters",
    "notation": "569.1.9.1.9.1.9.1.9,129",
    "stage": "9"
  },
  {
    "name": "Middlesex",
    "title": "Middlesex Bob Caters",
    "notation": "7.1.9.1.9.1.9.1.9,127",
    "stage": "9"
  },
  {
    "name": "Mythering",
    "title": "Mythering Bob Caters",
    "notation": "789.1.129.123.9.3.9.3.9,129",
    "stage": "9"
  },
  {
    "name": "Nempnett",
    "title": "Nempnett Bob Caters",
    "notation": "789.1.9.1.9.1.9.1.9,129",
    "stage": "9"
  },
  {
    "name": "Plain",
    "title": "Plain Bob Caters",
    "notation": "9.1.9.1.9.1.9.1.9,129",
    "stage": "9"
  },
  {
    "name": "No Morrells",
    "title": "No Morrells Bob Caters",
    "notation": "9.1.9.1.9.145.9.145.9,129",
    "stage": "9"
  },
  {
    "name": "St Martin's",
    "title": "St Martin's Bob Caters",
    "notation": "9.1.9.123.9.123.9.123.9,129",
    "stage": "9"
  },
  {
    "name": "St Thomas the Apostle",
    "title": "St Thomas the Apostle Bob Caters",
    "notation": "9.1.9.123.9.123.9.3.9,129",
    "stage": "9"
  },
  {
    "name": "St Mary's Cheltenham",
    "title": "St Mary's Cheltenham Bob Caters",
    "notation": "9.1.9.3.129.123.9.3.9,129",
    "stage": "9"
  },
  {
    "name": "Pebworth",
    "title": "Pebworth Bob Caters",
    "notation": "9.1.9.3.129.3.129.3.9,129",
    "stage": "9"
  },
  {
    "name": "Julie McDonnell New",
    "title": "Julie McDonnell New Bob Caters",
    "notation": "9.1.9.3.9.123.9.123.9,127",
    "stage": "9"
  },
  {
    "name": "St Simon's",
    "title": "St Simon's Bob Caters",
    "notation": "9.1.9.3.9.3.9.3.9,129",
    "stage": "9"
  },
  {
    "name": "Stanwell",
    "title": "Stanwell Little Bob Caters",
    "notation": "3.1.3,129",
    "stage": "9"
  },
  {
    "name": "Ashford",
    "title": "Ashford Little Bob Caters",
    "notation": "9.1.3,129",
    "stage": "9"
  },
  {
    "name": "Octopod",
    "title": "Octopod Little Bob Caters",
    "notation": "345.1.5.3.5,129",
    "stage": "9"
  },
  {
    "name": "Century",
    "title": "Century Little Bob Caters",
    "notation": "5.1.5.1.5,129",
    "stage": "9"
  },
  {
    "name": "Strike Back",
    "title": "Strike Back Little Bob Caters",
    "notation": "5.167.5.167.5,129",
    "stage": "9"
  },
  {
    "name": "Twerton",
    "title": "Twerton Little Bob Caters",
    "notation": "9.1.9.1.5,129",
    "stage": "9"
  },
  {
    "name": "New Music Wells 78-18",
    "title": "New Music Wells 78-18 Little Bob Caters",
    "notation": "9.1.9.1.9.1.7,129",
    "stage": "9"
  },
  {
    "name": "Little Little Little Penultimus",
    "title": "Little Little Little Penultimus Little Place Caters",
    "notation": "9.1.9.1.9.1.9.189,1",
    "stage": "9"
  },
  {
    "name": "Wrington",
    "title": "Wrington Bob Caters",
    "notation": "3,1.5.1.7.1.349.1.349.5",
    "stage": "9"
  },
  {
    "name": "Beretun",
    "title": "Beretun Bob Caters",
    "notation": "3,1.5.1.7.1.349.1.9.5",
    "stage": "9"
  },
  {
    "name": "Single Oxford",
    "title": "Single Oxford Bob Caters",
    "notation": "3,1.5.1.7.1.9.1.9.1",
    "stage": "9"
  },
  {
    "name": "Cheltenham",
    "title": "Cheltenham Bob Caters",
    "notation": "3,1.5.1.7.3.149.5.149.7",
    "stage": "9"
  },
  {
    "name": "Hereward",
    "title": "Hereward Bob Caters",
    "notation": "3,1.5.1.7.3.9.5.9.1",
    "stage": "9"
  },
  {
    "name": "Double Oxford",
    "title": "Double Oxford Bob Caters",
    "notation": "3,1.5.1.7.3.9.5.9.7",
    "stage": "9"
  },
  {
    "name": "Bebington",
    "title": "Bebington Bob Caters",
    "notation": "3,1.5.1.9.3.129.3.149.7",
    "stage": "9"
  },
  {
    "name": "Colville",
    "title": "Colville Bob Caters",
    "notation": "3,1.5.1.9.3.149.5.149.5",
    "stage": "9"
  },
  {
    "name": "Daresbury",
    "title": "Daresbury Bob Caters",
    "notation": "3,1.5.1.9.3.9.1.569.7",
    "stage": "9"
  },
  {
    "name": "Winchester",
    "title": "Winchester Bob Caters",
    "notation": "3,1.5.1.9.3.9.1.9.1",
    "stage": "9"
  },
  {
    "name": "Marlborough",
    "title": "Marlborough Bob Caters",
    "notation": "3,1.5.1.9.3.9.1.9.7",
    "stage": "9"
  },
  {
    "name": "Accrington",
    "title": "Accrington Bob Caters",
    "notation": "3,1.5.1.9.3.9.145.369.7",
    "stage": "9"
  },
  {
    "name": "Cholmondeley",
    "title": "Cholmondeley Bob Caters",
    "notation": "3,1.5.1.9.3.9.3.169.3",
    "stage": "9"
  },
  {
    "name": "Single Mancroft",
    "title": "Single Mancroft Bob Caters",
    "notation": "3,1.5.169.7.1.9.1.9.1",
    "stage": "9"
  },
  {
    "name": "Newbury",
    "title": "Newbury Bob Caters",
    "notation": "3,1.5.169.7.1.9.3.569.1",
    "stage": "9"
  },
  {
    "name": "Double Mancroft",
    "title": "Double Mancroft Bob Caters",
    "notation": "3,1.5.169.7.3.149.5.9.7",
    "stage": "9"
  },
  {
    "name": "Llandaff",
    "title": "Llandaff Bob Caters",
    "notation": "3,1.7.1.7.3.129.3.149.5",
    "stage": "9"
  },
  {
    "name": "Gadebridge",
    "title": "Gadebridge Bob Caters",
    "notation": "3,1.7.1.7.3.9.1.349.5",
    "stage": "9"
  },
  {
    "name": "Longney",
    "title": "Longney Bob Caters",
    "notation": "3,1.7.1.7.3.9.1.9.5",
    "stage": "9"
  },
  {
    "name": "Warnham",
    "title": "Warnham Bob Caters",
    "notation": "3,1.9.1.7.1.349.5.149.3",
    "stage": "9"
  },
  {
    "name": "Richmond",
    "title": "Richmond Bob Caters",
    "notation": "3,1.9.1.7.1.9.1.9.3",
    "stage": "9"
  },
  {
    "name": "Hampton",
    "title": "Hampton Bob Caters",
    "notation": "3,1.9.1.7.1.9.5.129.7",
    "stage": "9"
  },
  {
    "name": "Edmonton",
    "title": "Edmonton Bob Caters",
    "notation": "3,1.9.1.7.1.9.5.9.1",
    "stage": "9"
  },
  {
    "name": "Chesterfield",
    "title": "Chesterfield Bob Caters",
    "notation": "3,1.9.1.7.1.9.5.9.7",
    "stage": "9"
  },
  {
    "name": "Malpas",
    "title": "Malpas Bob Caters",
    "notation": "3,1.9.1.7.3.129.5.149.7",
    "stage": "9"
  },
  {
    "name": "Nelson",
    "title": "Nelson Bob Caters",
    "notation": "3,1.9.1.7.3.149.3.169.7",
    "stage": "9"
  },
  {
    "name": "Fulbeck",
    "title": "Fulbeck Bob Caters",
    "notation": "3,1.9.1.9.1.9.1.349.7",
    "stage": "9"
  },
  {
    "name": "Hackington",
    "title": "Hackington Bob Caters",
    "notation": "3,1.9.1.9.1.9.1.569.7",
    "stage": "9"
  },
  {
    "name": "Grandsire",
    "title": "Grandsire Caters",
    "notation": "3,1.9.1.9.1.9.1.9.1",
    "stage": "9"
  },
  {
    "name": "Double Grandsire",
    "title": "Double Grandsire Caters",
    "notation": "3,1.9.1.9.1.9.1.9.7",
    "stage": "9"
  },
  {
    "name": "Regina",
    "title": "Regina Bob Caters",
    "notation": "3,1.9.1.9.1.9.145.369.7",
    "stage": "9"
  },
  {
    "name": "Wymondham",
    "title": "Wymondham Bob Caters",
    "notation": "3,1.9.1.9.1.9.3.169.3",
    "stage": "9"
  },
  {
    "name": "Warminster",
    "title": "Warminster Bob Caters",
    "notation": "3,1.9.1.9.1.9.5.129.5",
    "stage": "9"
  },
  {
    "name": "Ashbourne College",
    "title": "Ashbourne College Bob Caters",
    "notation": "3,1.9.1.9.1.9.5.9.5",
    "stage": "9"
  },
  {
    "name": "Ipswich",
    "title": "Ipswich Bob Caters",
    "notation": "3,1.9.1.9.3.129.5.149.5",
    "stage": "9"
  },
  {
    "name": "St Clement's College",
    "title": "St Clement's College Bob Caters",
    "notation": "3,1.9.1.9.3.9.3.9.3",
    "stage": "9"
  },
  {
    "name": "Ripon",
    "title": "Ripon Bob Caters",
    "notation": "3,1.9.167.9.1.9.1.369.5",
    "stage": "9"
  },
  {
    "name": "Avebury",
    "title": "Avebury Bob Caters",
    "notation": "3,1.9.167.9.1.9.1.569.3",
    "stage": "9"
  },
  {
    "name": "Swindon",
    "title": "Swindon Bob Caters",
    "notation": "3,1.9.167.9.3.9.1.9.1",
    "stage": "9"
  },
  {
    "name": "Earlham",
    "title": "Earlham Bob Caters",
    "notation": "3,147.5.1.7.3.9.5.9.5",
    "stage": "9"
  },
  {
    "name": "Thatcham",
    "title": "Thatcham Bob Caters",
    "notation": "3,147.9.1.7.1.9.1.569.1",
    "stage": "9"
  },
  {
    "name": "Stratton",
    "title": "Stratton Bob Caters",
    "notation": "3,147.9.1.7.3.9.5.369.5",
    "stage": "9"
  },
  {
    "name": "Elmore Imperial",
    "title": "Elmore Imperial Bob Caters",
    "notation": "3,147.9.167.9.3.9.3.169.3",
    "stage": "9"
  },
  {
    "name": "Nuneaton",
    "title": "Nuneaton Bob Caters",
    "notation": "3,149.5.1.7.3.149.3.149.5",
    "stage": "9"
  },
  {
    "name": "Tenterden",
    "title": "Tenterden Bob Caters",
    "notation": "3,149.5.167.9.3.149.5.169.7",
    "stage": "9"
  },
  {
    "name": "Chepstow",
    "title": "Chepstow Bob Caters",
    "notation": "3,149.5.169.7.1.9.5.9.7",
    "stage": "9"
  },
  {
    "name": "Stanton",
    "title": "Stanton Bob Caters",
    "notation": "3,149.7.1.7.3.9.3.149.5",
    "stage": "9"
  },
  {
    "name": "Cross Stone",
    "title": "Cross Stone Bob Caters",
    "notation": "3,167.5.1.7.3.9.5.149.5",
    "stage": "9"
  },
  {
    "name": "Windsor",
    "title": "Windsor Bob Caters",
    "notation": "3,169.7.1.9.1.349.1.369.7",
    "stage": "9"
  },
  {
    "name": "Single Darlaston",
    "title": "Single Darlaston Bob Caters",
    "notation": "5,1.5.1.9.1.9.1.9.1",
    "stage": "9"
  },
  {
    "name": "Single Norwich Court",
    "title": "Single Norwich Court Bob Caters",
    "notation": "9,1.5.1.7.1.9.1.9.1",
    "stage": "9"
  },
  {
    "name": "Dublin Court",
    "title": "Dublin Court Bob Caters",
    "notation": "9,1.5.1.7.3.149.3.169.3",
    "stage": "9"
  },
  {
    "name": "Leamington",
    "title": "Leamington Bob Caters",
    "notation": "9,1.5.1.7.3.149.5.149.7",
    "stage": "9"
  },
  {
    "name": "Cambridge Court",
    "title": "Cambridge Court Bob Caters",
    "notation": "9,1.5.1.7.3.9.1.9.3",
    "stage": "9"
  },
  {
    "name": "Double Norwich Court",
    "title": "Double Norwich Court Bob Caters",
    "notation": "9,1.5.1.7.3.9.5.9.1",
    "stage": "9"
  },
  {
    "name": "Pershore",
    "title": "Pershore Bob Caters",
    "notation": "9,1.5.1.7.3.9.5.9.7",
    "stage": "9"
  },
  {
    "name": "Shipway's Court",
    "title": "Shipway's Court Bob Caters",
    "notation": "9,1.5.1.9.3.9.1.9.1",
    "stage": "9"
  },
  {
    "name": "Highbury",
    "title": "Highbury Bob Caters",
    "notation": "9,1.5.1.9.3.9.1.9.7",
    "stage": "9"
  },
  {
    "name": "Snettisham",
    "title": "Snettisham Bob Caters",
    "notation": "9,1.5.1.9.3.9.145.369.7",
    "stage": "9"
  },
  {
    "name": "Taunton Court",
    "title": "Taunton Court Bob Caters",
    "notation": "9,1.5.1.9.3.9.3.169.3",
    "stage": "9"
  },
  {
    "name": "Hereford",
    "title": "Hereford Bob Caters",
    "notation": "9,1.5.169.7.1.9.3.569.1",
    "stage": "9"
  },
  {
    "name": "Double Coslany Court",
    "title": "Double Coslany Court Bob Caters",
    "notation": "9,1.5.169.7.3.149.5.9.1",
    "stage": "9"
  },
  {
    "name": "Alburgh",
    "title": "Alburgh Bob Caters",
    "notation": "9,1.7.1.7.3.149.5.369.1",
    "stage": "9"
  },
  {
    "name": "Avalon Court",
    "title": "Avalon Court Bob Caters",
    "notation": "9,1.7.1.9.3.9.3.9.5",
    "stage": "9"
  },
  {
    "name": "Banbury",
    "title": "Banbury Bob Caters",
    "notation": "9,1.9.1.7.1.349.5.149.3",
    "stage": "9"
  },
  {
    "name": "New London Court",
    "title": "New London Court Bob Caters",
    "notation": "9,1.9.1.7.1.9.1.9.3",
    "stage": "9"
  },
  {
    "name": "Lavenham Court",
    "title": "Lavenham Court Bob Caters",
    "notation": "9,1.9.1.7.1.9.5.9.1",
    "stage": "9"
  },
  {
    "name": "Maidstone",
    "title": "Maidstone Bob Caters",
    "notation": "9,1.9.1.7.1.9.5.9.7",
    "stage": "9"
  },
  {
    "name": "St Alphege",
    "title": "St Alphege Bob Caters",
    "notation": "9,1.9.1.7.3.129.3.9.1",
    "stage": "9"
  },
  {
    "name": "Edington",
    "title": "Edington Bob Caters",
    "notation": "9,1.9.1.7.3.129.5.149.7",
    "stage": "9"
  },
  {
    "name": "Appleton",
    "title": "Appleton Bob Caters",
    "notation": "9,1.9.1.7.3.149.3.169.7",
    "stage": "9"
  },
  {
    "name": "Epsom",
    "title": "Epsom Bob Caters",
    "notation": "9,1.9.1.7.3.9.145.9.3",
    "stage": "9"
  },
  {
    "name": "Gloucester",
    "title": "Gloucester Bob Caters",
    "notation": "9,1.9.1.9.1.349.5.169.3",
    "stage": "9"
  },
  {
    "name": "Cleatham",
    "title": "Cleatham Bob Caters",
    "notation": "9,1.9.1.9.1.9.1.349.7",
    "stage": "9"
  },
  {
    "name": "Canterbury",
    "title": "Canterbury Bob Caters",
    "notation": "9,1.9.1.9.1.9.1.569.7",
    "stage": "9"
  },
  {
    "name": "Reverse Grandsire",
    "title": "Reverse Grandsire Caters",
    "notation": "9,1.9.1.9.1.9.1.9.7",
    "stage": "9"
  },
  {
    "name": "Rutherford",
    "title": "Rutherford Bob Caters",
    "notation": "9,1.9.1.9.1.9.145.369.7",
    "stage": "9"
  },
  {
    "name": "Debenham Court",
    "title": "Debenham Court Bob Caters",
    "notation": "9,1.9.1.9.1.9.3.169.3",
    "stage": "9"
  },
  {
    "name": "Spalding College",
    "title": "Spalding College Bob Caters",
    "notation": "9,1.9.1.9.1.9.5.9.5",
    "stage": "9"
  },
  {
    "name": "Crayford College",
    "title": "Crayford College Bob Caters",
    "notation": "9,1.9.1.9.3.9.3.9.3",
    "stage": "9"
  },
  {
    "name": "Minehead",
    "title": "Minehead Bob Caters",
    "notation": "9,1.9.167.9.3.9.1.9.1",
    "stage": "9"
  },
  {
    "name": "Eynsham",
    "title": "Eynsham Bob Caters",
    "notation": "9,145.7.1.7.123.9.125.9.1",
    "stage": "9"
  },
  {
    "name": "Stroud",
    "title": "Stroud Bob Caters",
    "notation": "9,145.7.1.7.3.9.5.9.1",
    "stage": "9"
  },
  {
    "name": "Malvern Imperial",
    "title": "Malvern Imperial Bob Caters",
    "notation": "9,145.9.1.7.1.9.3.169.5",
    "stage": "9"
  },
  {
    "name": "Oldham",
    "title": "Oldham Bob Caters",
    "notation": "9,147.9.167.9.3.9.3.169.3",
    "stage": "9"
  },
  {
    "name": "Preston",
    "title": "Preston Bob Caters",
    "notation": "9,167.9.1.9.1.349.1.9.7",
    "stage": "9"
  },
  {
    "name": "Salisbury",
    "title": "Salisbury Bob Caters",
    "notation": "9,167.9.1.9.3.149.3.9.7",
    "stage": "9"
  },
  {
    "name": "Bromyard Downs",
    "title": "Bromyard Downs Slow Course Caters",
    "notation": "349.1.9.1.9.1.9.1.789,129",
    "stage": "9"
  },
  {
    "name": "Candlesby",
    "title": "Candlesby Slow Course Caters",
    "notation": "9.1.9.1.9.1.9.1.789,129",
    "stage": "9"
  },
  {
    "name": "Bastow",
    "title": "Bastow Little Bob Caters",
    "notation": "9,1.3.1",
    "stage": "9"
  },
  {
    "name": "Reading",
    "title": "Reading Little Bob Caters",
    "notation": "9,1.7.149.7",
    "stage": "9"
  },
  {
    "name": "Little Grandsire",
    "title": "Little Grandsire Caters",
    "notation": "3,1.9.1.5.1",
    "stage": "9"
  },
  {
    "name": "Crayford",
    "title": "Crayford Little Bob Caters",
    "notation": "9,1.9.1.5.1",
    "stage": "9"
  },
  {
    "name": "Newport",
    "title": "Newport Little Bob Caters",
    "notation": "9,1.9.1.7.169.7",
    "stage": "9"
  },
  {
    "name": "Oxford",
    "title": "Oxford Little Bob Caters",
    "notation": "3,1.5.1.9.3.7.1",
    "stage": "9"
  },
  {
    "name": "Tiverton",
    "title": "Tiverton Little Bob Caters",
    "notation": "3,1.7.1.9.1.7.3",
    "stage": "9"
  },
  {
    "name": "Montgomery",
    "title": "Montgomery Little Bob Caters",
    "notation": "3,1.9.1.7.3.147.3",
    "stage": "9"
  },
  {
    "name": "Gainsborough",
    "title": "Gainsborough Little Bob Caters",
    "notation": "3,1.9.1.9.1.7.1",
    "stage": "9"
  },
  {
    "name": "Sedghill",
    "title": "Sedghill Little Bob Caters",
    "notation": "3,149.5.1.7.3.147.3",
    "stage": "9"
  },
  {
    "name": "Yeovil",
    "title": "Yeovil Little Bob Caters",
    "notation": "3,169.7.1.7.3.147.5",
    "stage": "9"
  },
  {
    "name": "Victoria",
    "title": "Victoria Little Bob Caters",
    "notation": "9,1.5.1.9.3.7.1",
    "stage": "9"
  },
  {
    "name": "Hastings",
    "title": "Hastings Little Bob Caters",
    "notation": "9,1.7.1.9.1.7.3",
    "stage": "9"
  },
  {
    "name": "Ellesmere",
    "title": "Ellesmere Little Bob Caters",
    "notation": "9,1.9.1.7.3.147.3",
    "stage": "9"
  },
  {
    "name": "Wellington",
    "title": "Wellington Little Bob Caters",
    "notation": "9,1.9.1.9.1.7.1",
    "stage": "9"
  },
  {
    "name": "St Hugh",
    "title": "St Hugh Bob Caters",
    "notation": "3.1.9.1.9.1.9.1.9.1.9.1.9.1.9.1.9.123",
    "stage": "9"
  },
  {
    "name": "Holy Orders",
    "title": "Holy Orders Bob Caters",
    "notation": "9.1.9.1.9.1.9.1.9.1.9.1.9.1.9.1.3.123",
    "stage": "9"
  },
  {
    "name": "Union",
    "title": "Union Caters",
    "notation": "3.1.9.1.9.1.9.1.9.1.9.1.9.1.9.1.5.1",
    "stage": "9"
  },
  {
    "name": "Sound of Wells 2021",
    "title": "Sound of Wells 2021 Bob Caters",
    "notation": "3.1.9.1.9.123.9.123.9.123.9.123.9.3.9.1.9.1",
    "stage": "9"
  },
  {
    "name": "Sound of Wells 2023",
    "title": "Sound of Wells 2023 Bob Caters",
    "notation": "3.1.9.1.9.123.9.3.9.123.9.3.9.3.9.1.9.1",
    "stage": "9"
  },
  {
    "name": "New York Littleport",
    "title": "New York Littleport Little Surprise Caters",
    "notation": "9.5.9.149.5.9.5.369.149.9.149.5.9.149.9.189,1",
    "stage": "9"
  },
  {
    "name": "Regulus",
    "title": "Regulus Alliance Caters",
    "notation": "345.1.345.9.345.1.345.9.345.1.345.9.345.1.345.9,129",
    "stage": "9"
  },
  {
    "name": "Bristolian",
    "title": "Bristolian Treble Place Caters",
    "notation": "3.9.3.1.9.5.9.3.5.7.1.5.1.9.7.1.7.9,129",
    "stage": "9"
  },
  {
    "name": "Nicholson",
    "title": "Nicholson Treble Place Caters",
    "notation": "5.9.5.1.5.129.5.1.5.129.5.1.5.129.5.1.5.129,1",
    "stage": "9"
  },
  {
    "name": "Kent",
    "title": "Kent Treble Place Caters",
    "notation": "349.9.349.1.9.129.9.1.9.129.9.1.9.129.9.1.9.129,1",
    "stage": "9"
  },
  {
    "name": "Oxford",
    "title": "Oxford Treble Place Caters",
    "notation": "9.349.9.1.9.129.9.1.9.129.9.1.9.129.9.1.9.129,1",
    "stage": "9"
  },
  {
    "name": "Surfleet",
    "title": "Surfleet Treble Place Caters",
    "notation": "5.1.5.9.5.1.5.9.5.1.5.9.5.1.5.9.5.1.5.9.5.1.5.9.5.1.5.9.5.1.5.9.5.1.5.3",
    "stage": "9"
  },
  {
    "name": "Original",
    "title": "Original Caters",
    "notation": "9.1",
    "stage": "9"
  },
  {
    "name": "Erin",
    "title": "Erin Caters",
    "notation": "9.3.1.3.1.3",
    "stage": "9"
  },
  {
    "name": "Collatz",
    "title": "Collatz Caters",
    "notation": "9.5.1.5.1.5.1.5.1.5",
    "stage": "9"
  },
  {
    "name": "Brunel",
    "title": "Brunel Caters",
    "notation": "1.3.9.1.3.1.3.1.9.3.1.9",
    "stage": "9"
  },
  {
    "name": "Stedman",
    "title": "Stedman Caters",
    "notation": "3.1.9.3.1.3.1.3.9.1.3.1",
    "stage": "9"
  },
  {
    "name": "Birmingham Carter",
    "title": "Birmingham Carter Caters",
    "notation": "3.1.9.3.1.3.1.3.9.1.3.9",
    "stage": "9"
  },
  {
    "name": "Carter",
    "title": "Carter Caters",
    "notation": "9.3.1.3.9.1.3.5.3.5.3.1",
    "stage": "9"
  },
  {
    "name": "Groton",
    "title": "Groton Caters",
    "notation": "9.5.3.5.3.5.1.5.3.5.3.5",
    "stage": "9"
  },
  {
    "name": "Flada",
    "title": "Flada Caters",
    "notation": "3.1.3.1.3.569.1.569.1.5.9.145.9.145.7.9.7.9.7",
    "stage": "9"
  },
  {
    "name": "Anniversary",
    "title": "Anniversary Caters",
    "notation": "5.1.9.5.1.5.1.5.9.1.5.1.5.1.9.5.1.5.1.5.9.1.5.3",
    "stage": "9"
  },
  {
    "name": "Tabernacle",
    "title": "Tabernacle Differential Little Bob Caters",
    "notation": "7.1.7.1.3456789,1",
    "stage": "9"
  }
]
