"classification_plain","classification_text","huntbellPath","id","leadHead","leadHeadCode","lengthOfLead","name","notation","numberOfHunts","stage","symmetry","title"
"true","Bob","1 2 3 4 5 6 7 8 9 10 11 12 13 14 15 15 14 13 12 11 10 9 8 7 6 5 4 3 2 1","id4527",,"p","30","Plain","C.1.C.1.C.1.C.1.C.1.C.1.C.1.C,12C","1","15","palindromic","Plain Bob Septuples"
"true","Bob","1 2 3 4 5 6 7 8 9 10 11 12 13 14 15 15 14 13 12 11 10 9 8 7 6 5 4 3 2 1","id4528",,"a","30","Grandsire","3,1.C.1.C.1.C.1.C.1.C.1.C.1.C.1","2","15","palindromic","Grandsire Septuples"
,,,"id21770","241638507T9BECA",,"6","Erin","C.3.1.3.1.3","0","15","palindromic","Erin Septuples"
,,,"id21771","6348201T5B7C9AE",,"12","Stedman","3.1.C.3.1.3.1.3.C.1.3.1","0","15","palindromic","Stedman Septuples"
