"id","stage","name","title","notation","leadHead","leadHeadCode","lengthOfLead","symmetry","numberOfHunts","huntbellPath","classification_text","classification_little","classification_differential","classification_plain"
"id4527","15","Plain","Plain Bob Septuples","C.1.C.1.C.1.C.1.C.1.C.1.C.1.C,12C",,"p","30","palindromic","1","1 2 3 4 5 6 7 8 9 10 11 12 13 14 15 15 14 13 12 11 10 9 8 7 6 5 4 3 2 1","Bob",,,"true"
"id4528","15","Grandsire","Grandsire Septuples","3,1.C.1.C.1.C.1.C.1.C.1.C.1.C.1",,"a","30","palindromic","2","1 2 3 4 5 6 7 8 9 10 11 12 13 14 15 15 14 13 12 11 10 9 8 7 6 5 4 3 2 1","Bob",,,"true"
"id21770","15","Erin","Erin Septuples","C.3.1.3.1.3","241638507T9BECA",,"6","palindromic","0",,,,,
"id21771","15","Stedman","Stedman Septuples","3.1.C.3.1.3.1.3.C.1.3.1","6348201T5B7C9AE",,"12","palindromic","0",,,,,
