[
  {
    "id": "id4534",
    "title": "Little Bob Eighteen",
    "notation": "-1G-14,12",
    "lengthOfLead": "8",
    "numberOfHunts": "1",
    "huntbellPath": "1 2 3 4 4 3 2 1",
    "leadHeadCode": "e",
    "stage": "18",
    "symmetry": "palindromic",
    "classification_text": "Bob",
    "classification_little": "true",
    "classification_plain": "true"
  },
  {
    "id": "id14749",
    "name": "York",
    "title": "York Surprise Eighteen",
    "notation": "-3G-14-12-3G.14-14.3G.14-14.3G.14-14.3G.14-14.3G.14-14.3G.14-14.3G.14-14.3G,12",
    "lengthOfLead": "72",
    "numberOfHunts": "1",
    "huntbellPath": "1 2 1 2 3 4 3 4 5 6 5 6 7 8 7 8 9 10 9 10 11 12 11 12 13 14 13 14 15 16 15 16 17 18 17 18 18 17 18 17 16 15 16 15 14 13 14 13 12 11 12 11 10 9 10 9 8 7 8 7 6 5 6 5 4 3 4 3 2 1 2 1",
    "leadHeadCode": "a",
    "stage": "18",
    "symmetry": "palindromic"
  },
  {
    "id": "id14750",
    "name": "Feering",
    "title": "Feering Surprise Eighteen",
    "notation": "-3G-14-12-3G.14-14.3G.14-14.3G.14-14.3G.14-14.3G.14-14.3G.14-14.3G.14-34.FG,12",
    "lengthOfLead": "72",
    "numberOfHunts": "1",
    "huntbellPath": "1 2 1 2 3 4 3 4 5 6 5 6 7 8 7 8 9 10 9 10 11 12 11 12 13 14 13 14 15 16 15 16 17 18 17 18 18 17 18 17 16 15 16 15 14 13 14 13 12 11 12 11 10 9 10 9 8 7 8 7 6 5 6 5 4 3 4 3 2 1 2 1",
    "leadHeadCode": "b",
    "stage": "18",
    "symmetry": "palindromic"
  },
  {
    "id": "id14751",
    "name": "Newgate",
    "title": "Newgate Surprise Eighteen",
    "notation": "3G-3G.14-12-3G.14-14.5G.16-16.7G.14.58.14.9G.14-14.9G.14-14.9G.14-14.9G.14-14.9G,12",
    "lengthOfLead": "72",
    "numberOfHunts": "1",
    "huntbellPath": "1 2 1 2 3 4 3 4 5 6 5 6 7 8 7 8 9 10 9 10 11 12 11 12 13 14 13 14 15 16 15 16 17 18 17 18 18 17 18 17 16 15 16 15 14 13 14 13 12 11 12 11 10 9 10 9 8 7 8 7 6 5 6 5 4 3 4 3 2 1 2 1",
    "leadHeadCode": "f",
    "stage": "18",
    "symmetry": "palindromic"
  }
]
