[
  {
    "id": "id4529",
    "stage": "16",
    "name": "Plain",
    "title": "Plain Bob Sixteen",
    "notation": "-1D-1D-1D-1D-1D-1D-1D-1D,12",
    "leadHeadCode": "a",
    "lengthOfLead": "32",
    "symmetry": "palindromic",
    "numberOfHunts": "1",
    "huntbellPath": "1 2 3 4 5 6 7 8 9 10 11 12 13 14 15 16 16 15 14 13 12 11 10 9 8 7 6 5 4 3 2 1",
    "classification_text": "Bob",
    "classification_plain": "true"
  },
  {
    "id": "id4530",
    "stage": "16",
    "name": "Birmingham",
    "title": "Birmingham Bob Sixteen",
    "notation": "-1D-3D.12.5D.14.5D.14.5D.14.5D.14.5D.14.5D,1D",
    "leadHeadCode": "k1",
    "lengthOfLead": "32",
    "symmetry": "palindromic",
    "numberOfHunts": "1",
    "huntbellPath": "1 2 3 4 5 6 7 8 9 10 11 12 13 14 15 16 16 15 14 13 12 11 10 9 8 7 6 5 4 3 2 1",
    "classification_text": "Bob",
    "classification_plain": "true"
  },
  {
    "id": "id4531",
    "stage": "16",
    "name": "Bastow",
    "title": "Bastow Little Bob Sixteen",
    "notation": "-12,1D",
    "leadHeadCode": "m",
    "lengthOfLead": "4",
    "symmetry": "palindromic",
    "numberOfHunts": "1",
    "huntbellPath": "1 2 2 1",
    "classification_text": "Bob",
    "classification_little": "true",
    "classification_plain": "true"
  },
  {
    "id": "id4532",
    "stage": "16",
    "title": "Little Bob Sixteen",
    "notation": "-1D-14,12",
    "leadHeadCode": "e",
    "lengthOfLead": "8",
    "symmetry": "palindromic",
    "numberOfHunts": "1",
    "huntbellPath": "1 2 3 4 4 3 2 1",
    "classification_text": "Bob",
    "classification_little": "true",
    "classification_plain": "true"
  },
  {
    "id": "id4533",
    "stage": "16",
    "name": "Grandsire",
    "title": "Grandsire Sixteen",
    "notation": "3D,1D-1D-1D-1D-1D-1D-1D-1D-",
    "leadHeadCode": "p",
    "lengthOfLead": "32",
    "symmetry": "palindromic",
    "numberOfHunts": "2",
    "huntbellPath": "1 2 3 4 5 6 7 8 9 10 11 12 13 14 15 16 16 15 14 13 12 11 10 9 8 7 6 5 4 3 2 1",
    "classification_text": "Bob",
    "classification_plain": "true"
  },
  {
    "id": "id14727",
    "stage": "16",
    "name": "Superlative",
    "title": "Superlative Surprise Sixteen",
    "notation": "-3B-14-5D-36-147B-58-369D-70-18EB-9T-30AD-EB-1T-AD-3B-CD,12",
    "leadHeadCode": "b",
    "lengthOfLead": "64",
    "symmetry": "palindromic double rotational",
    "numberOfHunts": "1",
    "huntbellPath": "1 2 1 2 3 4 3 4 5 6 5 6 7 8 7 8 9 10 9 10 11 12 11 12 13 14 13 14 15 16 15 16 16 15 16 15 14 13 14 13 12 11 12 11 10 9 10 9 8 7 8 7 6 5 6 5 4 3 4 3 2 1 2 1"
  },
  {
    "id": "id14728",
    "stage": "16",
    "name": "York",
    "title": "York Surprise Sixteen",
    "notation": "-3D-14-12-3D.14-14.3D.14-14.3D.14-14.3D.14-14.3D.14-14.3D.14-14.3D,12",
    "leadHeadCode": "a",
    "lengthOfLead": "64",
    "symmetry": "palindromic",
    "numberOfHunts": "1",
    "huntbellPath": "1 2 1 2 3 4 3 4 5 6 5 6 7 8 7 8 9 10 9 10 11 12 11 12 13 14 13 14 15 16 15 16 16 15 16 15 14 13 14 13 12 11 12 11 10 9 10 9 8 7 8 7 6 5 6 5 4 3 4 3 2 1 2 1"
  },
  {
    "id": "id14729",
    "stage": "16",
    "name": "Feering",
    "title": "Feering Surprise Sixteen",
    "notation": "-3D-14-12-3D.14-14.3D.14-14.3D.14-14.3D.14-14.3D.14-14.3D.14-34.CD,12",
    "leadHeadCode": "b",
    "lengthOfLead": "64",
    "symmetry": "palindromic",
    "numberOfHunts": "1",
    "huntbellPath": "1 2 1 2 3 4 3 4 5 6 5 6 7 8 7 8 9 10 9 10 11 12 11 12 13 14 13 14 15 16 15 16 16 15 16 15 14 13 14 13 12 11 12 11 10 9 10 9 8 7 8 7 6 5 6 5 4 3 4 3 2 1 2 1"
  },
  {
    "id": "id14730",
    "stage": "16",
    "name": "Phobos Moon",
    "title": "Phobos Moon Surprise Sixteen",
    "notation": "-3D-14-12.5D.16-34-5D-16-167D-16-7D-16-7D-16-7D-16-7D,1D",
    "leadHeadCode": "l",
    "lengthOfLead": "64",
    "symmetry": "palindromic",
    "numberOfHunts": "1",
    "huntbellPath": "1 2 1 2 3 4 3 4 5 6 5 6 7 8 7 8 9 10 9 10 11 12 11 12 13 14 13 14 15 16 15 16 16 15 16 15 14 13 14 13 12 11 12 11 10 9 10 9 8 7 8 7 6 5 6 5 4 3 4 3 2 1 2 1"
  },
  {
    "id": "id14731",
    "stage": "16",
    "name": "Cambridge",
    "title": "Cambridge Surprise Sixteen",
    "notation": "-3D-14-125D-36-147D-58-169D-70-18ED-9T-10AD-EB-1T-AD-1B-CD,12",
    "leadHeadCode": "b",
    "lengthOfLead": "64",
    "symmetry": "palindromic",
    "numberOfHunts": "1",
    "huntbellPath": "1 2 1 2 3 4 3 4 5 6 5 6 7 8 7 8 9 10 9 10 11 12 11 12 13 14 13 14 15 16 15 16 16 15 16 15 14 13 14 13 12 11 12 11 10 9 10 9 8 7 8 7 6 5 6 5 4 3 4 3 2 1 2 1"
  },
  {
    "id": "id14732",
    "stage": "16",
    "name": "Yorkshire",
    "title": "Yorkshire Surprise Sixteen",
    "notation": "-3D-14-5D-16-127D-38-149D-50-16ED-7T-18AD-9B-10-ED-1T-CD,12",
    "leadHeadCode": "b",
    "lengthOfLead": "64",
    "symmetry": "palindromic",
    "numberOfHunts": "1",
    "huntbellPath": "1 2 1 2 3 4 3 4 5 6 5 6 7 8 7 8 9 10 9 10 11 12 11 12 13 14 13 14 15 16 15 16 16 15 16 15 14 13 14 13 12 11 12 11 10 9 10 9 8 7 8 7 6 5 6 5 4 3 4 3 2 1 2 1"
  },
  {
    "id": "id14733",
    "stage": "16",
    "name": "Lincolnshire",
    "title": "Lincolnshire Surprise Sixteen",
    "notation": "-3D-14-5D-16-7D-18-9D-10-ED-1T-AD-1B-1T-AD-EB-CD,12",
    "leadHeadCode": "b",
    "lengthOfLead": "64",
    "symmetry": "palindromic",
    "numberOfHunts": "1",
    "huntbellPath": "1 2 1 2 3 4 3 4 5 6 5 6 7 8 7 8 9 10 9 10 11 12 11 12 13 14 13 14 15 16 15 16 16 15 16 15 14 13 14 13 12 11 12 11 10 9 10 9 8 7 8 7 6 5 6 5 4 3 4 3 2 1 2 1"
  },
  {
    "id": "id14734",
    "stage": "16",
    "name": "Sawley",
    "title": "Sawley Surprise Sixteen",
    "notation": "-5D-14-56-36-14-3D-14-3D-14-3D-14-3D-14-3D-14-3D,12",
    "leadHeadCode": "b",
    "lengthOfLead": "64",
    "symmetry": "palindromic",
    "numberOfHunts": "1",
    "huntbellPath": "1 2 1 2 3 4 3 4 5 6 5 6 7 8 7 8 9 10 9 10 11 12 11 12 13 14 13 14 15 16 15 16 16 15 16 15 14 13 14 13 12 11 12 11 10 9 10 9 8 7 8 7 6 5 6 5 4 3 4 3 2 1 2 1"
  },
  {
    "id": "id14735",
    "stage": "16",
    "name": "Ealing",
    "title": "Ealing Surprise Sixteen",
    "notation": "-5D-14-56-36-14-5D-14-5D-14-5D-14-5D-14-5D-14-5D,12",
    "leadHeadCode": "f",
    "lengthOfLead": "64",
    "symmetry": "palindromic",
    "numberOfHunts": "1",
    "huntbellPath": "1 2 1 2 3 4 3 4 5 6 5 6 7 8 7 8 9 10 9 10 11 12 11 12 13 14 13 14 15 16 15 16 16 15 16 15 14 13 14 13 12 11 12 11 10 9 10 9 8 7 8 7 6 5 6 5 4 3 4 3 2 1 2 1"
  },
  {
    "id": "id14736",
    "stage": "16",
    "name": "Leatherhead",
    "title": "Leatherhead Surprise Sixteen",
    "notation": "-5D-14-56-36.14-14.5D.14-14.5D.14-14.5D.14-14.5D.14-14.5D.14-14.5D,12",
    "leadHeadCode": "f",
    "lengthOfLead": "64",
    "symmetry": "palindromic",
    "numberOfHunts": "1",
    "huntbellPath": "1 2 1 2 3 4 3 4 5 6 5 6 7 8 7 8 9 10 9 10 11 12 11 12 13 14 13 14 15 16 15 16 16 15 16 15 14 13 14 13 12 11 12 11 10 9 10 9 8 7 8 7 6 5 6 5 4 3 4 3 2 1 2 1"
  },
  {
    "id": "id14737",
    "stage": "16",
    "name": "Bristol",
    "title": "Bristol Surprise Sixteen",
    "notation": "-5D-14.5D-5D.36.14-7D.58.16-9D.70.18-ED.9T.10-AD.EB.1T-1T.AD-1T-1D,1D",
    "leadHeadCode": "j4",
    "lengthOfLead": "64",
    "symmetry": "palindromic double rotational",
    "numberOfHunts": "1",
    "huntbellPath": "1 2 1 2 3 4 3 4 5 6 5 6 7 8 7 8 9 10 9 10 11 12 11 12 13 14 13 14 15 16 15 16 16 15 16 15 14 13 14 13 12 11 12 11 10 9 10 9 8 7 8 7 6 5 6 5 4 3 4 3 2 1 2 1"
  },
  {
    "id": "id14738",
    "stage": "16",
    "name": "Wembley",
    "title": "Wembley Surprise Sixteen",
    "notation": "-5D-16-12-36-14-3D-16-3D-16-3D-16-3D-16-3D-16-3D,12",
    "leadHeadCode": "f",
    "lengthOfLead": "64",
    "symmetry": "palindromic",
    "numberOfHunts": "1",
    "huntbellPath": "1 2 1 2 3 4 3 4 5 6 5 6 7 8 7 8 9 10 9 10 11 12 11 12 13 14 13 14 15 16 15 16 16 15 16 15 14 13 14 13 12 11 12 11 10 9 10 9 8 7 8 7 6 5 6 5 4 3 4 3 2 1 2 1"
  },
  {
    "id": "id14739",
    "stage": "16",
    "name": "Strathclyde",
    "title": "Strathclyde Surprise Sixteen",
    "notation": "36-56.14.5D-5D.36-14-3D.16-16.3D.16-16.3D.16-16.3D.16-16.3D.16-16.3D,1D",
    "leadHeadCode": "k4",
    "lengthOfLead": "64",
    "symmetry": "palindromic",
    "numberOfHunts": "1",
    "huntbellPath": "1 2 1 2 3 4 3 4 5 6 5 6 7 8 7 8 9 10 9 10 11 12 11 12 13 14 13 14 15 16 15 16 16 15 16 15 14 13 14 13 12 11 12 11 10 9 10 9 8 7 8 7 6 5 6 5 4 3 4 3 2 1 2 1"
  },
  {
    "id": "id14740",
    "stage": "16",
    "name": "Londinium",
    "title": "Londinium Surprise Sixteen",
    "notation": "3D-3D.14-12-3D.14-14.5D.16-16.5D.16-18.9D.18-18.9D.18-18.9D.18-18.9D,12",
    "leadHeadCode": "f",
    "lengthOfLead": "64",
    "symmetry": "palindromic",
    "numberOfHunts": "1",
    "huntbellPath": "1 2 1 2 3 4 3 4 5 6 5 6 7 8 7 8 9 10 9 10 11 12 11 12 13 14 13 14 15 16 15 16 16 15 16 15 14 13 14 13 12 11 12 11 10 9 10 9 8 7 8 7 6 5 6 5 4 3 4 3 2 1 2 1"
  },
  {
    "id": "id14741",
    "stage": "16",
    "name": "Newgate",
    "title": "Newgate Surprise Sixteen",
    "notation": "3D-3D.14-12-3D.14-14.5D.16-16.7D.14.58.14.9D.14-14.9D.14-14.9D.14-14.9D,12",
    "leadHeadCode": "f",
    "lengthOfLead": "64",
    "symmetry": "palindromic",
    "numberOfHunts": "1",
    "huntbellPath": "1 2 1 2 3 4 3 4 5 6 5 6 7 8 7 8 9 10 9 10 11 12 11 12 13 14 13 14 15 16 15 16 16 15 16 15 14 13 14 13 12 11 12 11 10 9 10 9 8 7 8 7 6 5 6 5 4 3 4 3 2 1 2 1"
  },
  {
    "id": "id14742",
    "stage": "16",
    "name": "Parkhurst",
    "title": "Parkhurst Surprise Sixteen",
    "notation": "3D-3D.14-12-3D.14-14.5D.16-16.7D.14.58.14.9D.14.58.14.9D.14.58.14.9D.14-14.9D,12",
    "leadHeadCode": "f",
    "lengthOfLead": "64",
    "symmetry": "palindromic",
    "numberOfHunts": "1",
    "huntbellPath": "1 2 1 2 3 4 3 4 5 6 5 6 7 8 7 8 9 10 9 10 11 12 11 12 13 14 13 14 15 16 15 16 16 15 16 15 14 13 14 13 12 11 12 11 10 9 10 9 8 7 8 7 6 5 6 5 4 3 4 3 2 1 2 1"
  },
  {
    "id": "id14743",
    "stage": "16",
    "name": "Leicestershire",
    "title": "Leicestershire Surprise Sixteen",
    "notation": "3D-5D.14-5D-3D.14-14.5D.14-14.5D.14-14.5D.14-14.5D.14-14.5D.14-14.5D,12",
    "leadHeadCode": "a",
    "lengthOfLead": "64",
    "symmetry": "palindromic",
    "numberOfHunts": "1",
    "huntbellPath": "1 2 1 2 3 4 3 4 5 6 5 6 7 8 7 8 9 10 9 10 11 12 11 12 13 14 13 14 15 16 15 16 16 15 16 15 14 13 14 13 12 11 12 11 10 9 10 9 8 7 8 7 6 5 6 5 4 3 4 3 2 1 2 1"
  },
  {
    "id": "id14744",
    "stage": "16",
    "name": "Fulham",
    "title": "Fulham Surprise Sixteen",
    "notation": "56-56.14-5D-36.14-14.5D-14-3D-34-3D-34-3D-34-3D-34-1D,1D",
    "leadHeadCode": "m",
    "lengthOfLead": "64",
    "symmetry": "palindromic",
    "numberOfHunts": "1",
    "huntbellPath": "1 2 1 2 3 4 3 4 5 6 5 6 7 8 7 8 9 10 9 10 11 12 11 12 13 14 13 14 15 16 15 16 16 15 16 15 14 13 14 13 12 11 12 11 10 9 10 9 8 7 8 7 6 5 6 5 4 3 4 3 2 1 2 1"
  },
  {
    "id": "id14745",
    "stage": "16",
    "name": "Littleport",
    "title": "Littleport Little Surprise Sixteen",
    "notation": "-5D-14.5D-5D.36.14-14.5D-14-18,1D",
    "leadHeadCode": "m",
    "lengthOfLead": "32",
    "symmetry": "palindromic",
    "numberOfHunts": "1",
    "huntbellPath": "1 2 1 2 3 4 3 4 5 6 5 6 7 8 7 8 8 7 8 7 6 5 6 5 4 3 4 3 2 1 2 1"
  },
  {
    "id": "id14746",
    "stage": "16",
    "name": "Glasgow",
    "title": "Glasgow Little Surprise Sixteen",
    "notation": "36-56.14.5D-5D.36-14-3D.16-16.38,1D",
    "leadHeadCode": "g",
    "lengthOfLead": "32",
    "symmetry": "palindromic",
    "numberOfHunts": "1",
    "huntbellPath": "1 2 1 2 3 4 3 4 5 6 5 6 7 8 7 8 8 7 8 7 6 5 6 5 4 3 4 3 2 1 2 1"
  },
  {
    "id": "id14747",
    "stage": "16",
    "name": "Bristol",
    "title": "Bristol Little Surprise Sixteen",
    "notation": "-5D-14.5D-5D.36.14-7D.58.16-16.7D-16-10,1D",
    "leadHeadCode": "g",
    "lengthOfLead": "40",
    "symmetry": "palindromic",
    "numberOfHunts": "1",
    "huntbellPath": "1 2 1 2 3 4 3 4 5 6 5 6 7 8 7 8 9 10 9 10 10 9 10 9 8 7 8 7 6 5 6 5 4 3 4 3 2 1 2 1"
  },
  {
    "id": "id14748",
    "stage": "16",
    "name": "Clyde",
    "title": "Clyde Little Surprise Sixteen",
    "notation": "36-56.14.5D-5D.36-14-3D.16-16.3D.16-16.30,1D",
    "leadHeadCode": "m",
    "lengthOfLead": "40",
    "symmetry": "palindromic",
    "numberOfHunts": "1",
    "huntbellPath": "1 2 1 2 3 4 3 4 5 6 5 6 7 8 7 8 9 10 9 10 10 9 10 9 8 7 8 7 6 5 6 5 4 3 4 3 2 1 2 1"
  },
  {
    "id": "id18350",
    "stage": "16",
    "name": "Melbourne",
    "title": "Melbourne Delight Sixteen",
    "notation": "3D-3D.14.56-56.1D.34-14.5D.16-16.7D.16-16.7D.16-16.7D.16-16.7D.16-16.7D,12",
    "leadHeadCode": "a",
    "lengthOfLead": "64",
    "symmetry": "palindromic",
    "numberOfHunts": "1",
    "huntbellPath": "1 2 1 2 3 4 3 4 5 6 5 6 7 8 7 8 9 10 9 10 11 12 11 12 13 14 13 14 15 16 15 16 16 15 16 15 14 13 14 13 12 11 12 11 10 9 10 9 8 7 8 7 6 5 6 5 4 3 4 3 2 1 2 1"
  },
  {
    "id": "id19180",
    "stage": "16",
    "name": "Kent",
    "title": "Kent Treble Bob Sixteen",
    "notation": "34-34.1D-12-1D-12-1D-12-1D-12-1D-12-1D-12-1D-12-1D,1D",
    "leadHeadCode": "m",
    "lengthOfLead": "64",
    "symmetry": "palindromic",
    "numberOfHunts": "1",
    "huntbellPath": "1 2 1 2 3 4 3 4 5 6 5 6 7 8 7 8 9 10 9 10 11 12 11 12 13 14 13 14 15 16 15 16 16 15 16 15 14 13 14 13 12 11 12 11 10 9 10 9 8 7 8 7 6 5 6 5 4 3 4 3 2 1 2 1"
  },
  {
    "id": "id19181",
    "stage": "16",
    "name": "Gonville",
    "title": "Gonville Little Treble Bob Sixteen",
    "notation": "34-34.12,1D",
    "leadHeadCode": "m",
    "lengthOfLead": "8",
    "symmetry": "palindromic",
    "numberOfHunts": "1",
    "huntbellPath": "1 2 1 2 2 1 2 1"
  },
  {
    "id": "id20558",
    "stage": "16",
    "name": "Palgravia",
    "title": "Palgravia Alliance Sixteen",
    "notation": "-5D-14.5D-5D.36.147D.58.16.7D.18.9D.18.9D.18.9D.18.9D,1D",
    "leadHeadCode": "h",
    "lengthOfLead": "40",
    "symmetry": "palindromic",
    "numberOfHunts": "1",
    "huntbellPath": "1 2 1 2 3 4 3 4 5 6 7 8 9 10 11 12 13 14 15 16 16 15 14 13 12 11 10 9 8 7 6 5 4 3 4 3 2 1 2 1"
  },
  {
    "id": "id20559",
    "stage": "16",
    "name": "Cantuara",
    "title": "Cantuara Alliance Sixteen",
    "notation": "3D-3D.14-12-3D.14-14.5D.16-16.7D.58.9D.18.9D.18.9D.18-18.9D,12",
    "leadHeadCode": "f",
    "lengthOfLead": "52",
    "symmetry": "palindromic",
    "numberOfHunts": "1",
    "huntbellPath": "1 2 1 2 3 4 3 4 5 6 5 6 7 8 7 8 9 10 11 12 13 14 15 16 15 16 16 15 16 15 14 13 12 11 10 9 8 7 8 7 6 5 6 5 4 3 4 3 2 1 2 1"
  },
  {
    "id": "id20560",
    "stage": "16",
    "name": "Cantuar No.1",
    "title": "Cantuar No.1 Alliance Sixteen",
    "notation": "3D-3D.14-12-3D.14-14.5D.16-16.7D.58-18.9D.18-18.9D.18-18.9D.18-18-18.9D,12",
    "leadHeadCode": "f",
    "lengthOfLead": "68",
    "symmetry": "palindromic",
    "numberOfHunts": "1",
    "huntbellPath": "1 2 1 2 3 4 3 4 5 6 5 6 7 8 7 8 9 10 9 10 11 12 11 12 13 14 13 14 15 16 15 16 15 16 16 15 16 15 16 15 14 13 14 13 12 11 12 11 10 9 10 9 8 7 8 7 6 5 6 5 4 3 4 3 2 1 2 1"
  },
  {
    "id": "id20561",
    "stage": "16",
    "name": "Deimos Moon",
    "title": "Deimos Moon Little Alliance Sixteen",
    "notation": "34-5D.16-56-36.7D.34-1D-70.18.3T.10.3T,1D",
    "leadHeadCode": "g",
    "lengthOfLead": "36",
    "symmetry": "palindromic",
    "numberOfHunts": "1",
    "huntbellPath": "1 2 1 2 3 4 3 4 5 6 5 6 7 8 9 10 11 12 12 11 10 9 8 7 6 5 6 5 4 3 4 3 2 1 2 1"
  },
  {
    "id": "id20562",
    "stage": "16",
    "name": "Fleet Place",
    "title": "Fleet Place Little Alliance Sixteen",
    "notation": "34-12,1D",
    "leadHeadCode": "m",
    "lengthOfLead": "6",
    "symmetry": "palindromic",
    "numberOfHunts": "1",
    "huntbellPath": "1 2 1 1 2 1"
  },
  {
    "id": "id20563",
    "stage": "16",
    "name": "Chaldene",
    "title": "Chaldene Little Alliance Sixteen",
    "notation": "36-56.14.5D.34.5D.14-1D,1D",
    "leadHeadCode": "h",
    "lengthOfLead": "20",
    "symmetry": "palindromic",
    "numberOfHunts": "1",
    "huntbellPath": "1 2 1 2 3 4 4 3 2 1 1 2 3 4 4 3 2 1 2 1"
  },
  {
    "id": "id20564",
    "stage": "16",
    "name": "Io",
    "title": "Io Little Alliance Sixteen",
    "notation": "-5D-14.5D-5D.14-5D-34,1D",
    "leadHeadCode": "m",
    "lengthOfLead": "24",
    "symmetry": "palindromic",
    "numberOfHunts": "1",
    "huntbellPath": "1 2 1 2 3 4 3 4 4 3 4 3 3 4 3 4 4 3 4 3 2 1 2 1"
  },
  {
    "id": "id20565",
    "stage": "16",
    "name": "Callisto Megale",
    "title": "Callisto Megale Little Alliance Sixteen",
    "notation": "-34.5D.16.7D.18-18-78.16.7D.16.78.16.7D-78-7D.16.78.16.7D.16.78,1D",
    "leadHeadCode": "j1",
    "lengthOfLead": "52",
    "symmetry": "palindromic",
    "numberOfHunts": "1",
    "huntbellPath": "1 2 1 2 3 4 5 6 7 8 8 7 7 8 8 7 7 8 8 7 7 8 8 7 7 8 8 7 7 8 8 7 7 8 8 7 7 8 8 7 7 8 8 7 6 5 4 3 2 1 2 1"
  },
  {
    "id": "id21324",
    "stage": "16",
    "name": "Prospero",
    "title": "Prospero Little Treble Place Sixteen",
    "notation": "-5D-14.5D-12.3D-36.14.5D,1D",
    "leadHeadCode": "k1",
    "lengthOfLead": "24",
    "symmetry": "palindromic",
    "numberOfHunts": "1",
    "huntbellPath": "1 2 1 2 3 4 3 4 5 6 6 5 5 6 6 5 4 3 4 3 2 1 2 1"
  },
  {
    "id": "id21325",
    "stage": "16",
    "name": "Ariel",
    "title": "Ariel Little Treble Place Sixteen",
    "notation": "-5D-14.5D-12.3D.14-12.5D.14-369D.70.18-18.9T.18.ET.18.ED,1D",
    "leadHeadCode": "k1",
    "lengthOfLead": "48",
    "symmetry": "palindromic",
    "numberOfHunts": "1",
    "huntbellPath": "1 2 1 2 3 4 3 4 5 6 5 6 7 8 7 8 9 10 9 10 11 12 12 11 11 12 12 11 10 9 10 9 8 7 8 7 6 5 6 5 4 3 4 3 2 1 2 1"
  },
  {
    "id": "id22140",
    "stage": "16",
    "name": "Crayford",
    "title": "Crayford Differential Little Bob Sixteen",
    "notation": "-1D-14,1D",
    "leadHead": "18604T2B3D5C7A9E",
    "lengthOfLead": "8",
    "symmetry": "palindromic",
    "numberOfHunts": "1",
    "huntbellPath": "1 2 3 4 4 3 2 1",
    "classification_text": "Bob",
    "classification_little": "true",
    "classification_differential": "true",
    "classification_plain": "true"
  },
  {
    "id": "id22141",
    "stage": "16",
    "name": "Glazgow",
    "title": "Glazgow Differential Little Surprise Sixteen",
    "notation": "36-56.14.5D-5D.36-14-36,1D",
    "leadHead": "1795E3A2C4D6B8T0",
    "lengthOfLead": "24",
    "symmetry": "palindromic",
    "numberOfHunts": "1",
    "huntbellPath": "1 2 1 2 3 4 3 4 5 6 5 6 6 5 6 5 4 3 4 3 2 1 2 1"
  },
  {
    "id": "id22142",
    "stage": "16",
    "name": "Leda",
    "title": "Leda Differential Little Alliance Sixteen",
    "notation": "-3D.14-12,1D",
    "leadHead": "18604T2B3D5C7A9E",
    "lengthOfLead": "10",
    "symmetry": "palindromic",
    "numberOfHunts": "1",
    "huntbellPath": "1 2 1 1 2 2 1 1 2 1"
  },
  {
    "id": "id22143",
    "stage": "16",
    "name": "Slinkety",
    "title": "Slinkety Differential Little Treble Place Sixteen",
    "notation": "36.1D.36.1D.56.1D,1B",
    "leadHead": "14523CDABET90867",
    "lengthOfLead": "12",
    "symmetry": "palindromic",
    "numberOfHunts": "1",
    "huntbellPath": "1 2 3 3 2 1 1 2 3 3 2 1"
  },
  {
    "id": "id22144",
    "stage": "16",
    "name": "Europa",
    "title": "Europa Differential Little Treble Place Sixteen",
    "notation": "-1D-145D-1478.3690.12,1D",
    "leadHead": "1T0B8D6C4A2E3957",
    "lengthOfLead": "16",
    "symmetry": "palindromic",
    "numberOfHunts": "1",
    "huntbellPath": "1 2 3 4 4 3 2 1 1 2 3 4 4 3 2 1"
  },
  {
    "id": "id22145",
    "stage": "16",
    "name": "Big Slink",
    "title": "Big Slink Differential Little Treble Place Sixteen",
    "notation": "-1456-3D-1456-1D-1456-1D,1D",
    "leadHead": "14523CDABET90786",
    "lengthOfLead": "24",
    "symmetry": "palindromic",
    "numberOfHunts": "1",
    "huntbellPath": "1 2 3 4 5 6 6 5 4 3 2 1 1 2 3 4 5 6 6 5 4 3 2 1"
  },
  {
    "id": "id22146",
    "stage": "16",
    "name": "London Link",
    "title": "London Link Differential Little Hybrid Sixteen",
    "notation": "5T.1D.5T.1D.70.3B-3B.70.1D.5T.1D.5T.1D",
    "leadHead": "8674523D1BCTA0E9",
    "lengthOfLead": "14",
    "symmetry": "palindromic double rotational",
    "numberOfHunts": "4",
    "huntbellPath": "4 3 2 1 1 2 1 2 1 2 3 4 5 5"
  }
]
