[
  {
    "name": "Thamesmead",
    "title": "Thamesmead Bob Cinques",
    "notation": "3.1.9.36E.9.1.E.167.E.149.E,12E",
    "stage": "11"
  },
  {
    "name": "Holt",
    "title": "Holt Bob Cinques",
    "notation": "3.1.9.36E.9.145.36E.127.36E.9.E,12E",
    "stage": "11"
  },
  {
    "name": "Overton",
    "title": "Overton Bob Cinques",
    "notation": "3.1.E.3.7.38E.169.3.18E.7.E,12E",
    "stage": "11"
  },
  {
    "name": "Avon Dassett",
    "title": "Avon Dassett Bob Cinques",
    "notation": "3.14E.9.1.9.18E.9.145.36E.5.E,12E",
    "stage": "11"
  },
  {
    "name": "Enford",
    "title": "Enford Bob Cinques",
    "notation": "349.1.7.189.E.1.9.145.E.9.E,12E",
    "stage": "11"
  },
  {
    "name": "Upton St Leonard",
    "title": "Upton St Leonard Bob Cinques",
    "notation": "349.18E.569.18E.9.5.149.7.14E.589.E,12E",
    "stage": "11"
  },
  {
    "name": "Dorcan",
    "title": "Dorcan Bob Cinques",
    "notation": "349.18E.9.1.9.5.9.5.E.3.E,12E",
    "stage": "11"
  },
  {
    "name": "Canterbury Pleasure",
    "title": "Canterbury Pleasure Bob Cinques",
    "notation": "34E.1.E.1.E.1.E.1.E.1.E,12E",
    "stage": "11"
  },
  {
    "name": "Tewkesbury",
    "title": "Tewkesbury Bob Cinques",
    "notation": "369.147.E.169.7.38E.169.7.14E.369.E,12E",
    "stage": "11"
  },
  {
    "name": "Zealhampton",
    "title": "Zealhampton Bob Cinques",
    "notation": "5.1.7.38E.9.1.34E.5.36E.589.E,12E",
    "stage": "11"
  },
  {
    "name": "Gleveham",
    "title": "Gleveham Bob Cinques",
    "notation": "5.1.E.1.349.1.34E.5.14E.7.E,12E",
    "stage": "11"
  },
  {
    "name": "Wiltshire",
    "title": "Wiltshire Bob Cinques",
    "notation": "5.147.5.16E.7.58E.169.347.58E.9.E,12E",
    "stage": "11"
  },
  {
    "name": "Lydney",
    "title": "Lydney Bob Cinques",
    "notation": "5.147.58E.3.147.38E.9.123.58E.1.E,12E",
    "stage": "11"
  },
  {
    "name": "Covington",
    "title": "Covington Bob Cinques",
    "notation": "5.147.E.189.E.1.E.1.E.589.E,12E",
    "stage": "11"
  },
  {
    "name": "Ramsborough",
    "title": "Ramsborough Bob Cinques",
    "notation": "569.1.E.1.E.1.36E.145.E.149.E,12E",
    "stage": "11"
  },
  {
    "name": "Corinium",
    "title": "Corinium Bob Cinques",
    "notation": "569.14E.7.16E.349.1.E.3.16E.9.E,12E",
    "stage": "11"
  },
  {
    "name": "Hunslet",
    "title": "Hunslet Bob Cinques",
    "notation": "56E.1.E.1.E.1.E.1.E.1.E,12E",
    "stage": "11"
  },
  {
    "name": "Bath",
    "title": "Bath Bob Cinques",
    "notation": "589.1.7.369.78E.1.34E.1.E.149.E,12E",
    "stage": "11"
  },
  {
    "name": "Yanworth",
    "title": "Yanworth Bob Cinques",
    "notation": "589.1.E.1.349.58E.149.5.34E.1.E,12E",
    "stage": "11"
  },
  {
    "name": "Rendham",
    "title": "Rendham Bob Cinques",
    "notation": "7.14E.9.167.E.145.E.147.58E.147.E,12E",
    "stage": "11"
  },
  {
    "name": "Elston",
    "title": "Elston Bob Cinques",
    "notation": "7.16E.5.369.147.3.9.1.58E.167.E,12E",
    "stage": "11"
  },
  {
    "name": "Elderfield",
    "title": "Elderfield Bob Cinques",
    "notation": "7.18E.5.1.9.1.36E.147.58E.147.E,12E",
    "stage": "11"
  },
  {
    "name": "Crazy Horse",
    "title": "Crazy Horse Bob Cinques",
    "notation": "78E.1.E.1.E.1.E.1.E.1.E,12E",
    "stage": "11"
  },
  {
    "name": "Middlesex",
    "title": "Middlesex Bob Cinques",
    "notation": "9.1.E.1.E.1.E.1.E.1.E,129",
    "stage": "11"
  },
  {
    "name": "Ridgeway",
    "title": "Ridgeway Bob Cinques",
    "notation": "9.1.E.167.9.1.569.3.14E.367.E,12E",
    "stage": "11"
  },
  {
    "name": "Nempnett",
    "title": "Nempnett Bob Cinques",
    "notation": "90E.1.E.1.E.1.E.1.E.1.E,12E",
    "stage": "11"
  },
  {
    "name": "Oddingham",
    "title": "Oddingham Bob Cinques",
    "notation": "E.1.7.1.34E.589.16E.5.18E.5.E,12E",
    "stage": "11"
  },
  {
    "name": "Plain",
    "title": "Plain Bob Cinques",
    "notation": "E.1.E.1.E.1.E.1.E.1.E,12E",
    "stage": "11"
  },
  {
    "name": "St Martin's",
    "title": "St Martin's Bob Cinques",
    "notation": "E.1.E.123.E.123.E.123.E.123.E,12E",
    "stage": "11"
  },
  {
    "name": "Julie McDonnell New",
    "title": "Julie McDonnell New Bob Cinques",
    "notation": "E.1.E.3.E.123.E.123.E.123.E,129",
    "stage": "11"
  },
  {
    "name": "St Simon's",
    "title": "St Simon's Bob Cinques",
    "notation": "E.1.E.3.E.3.E.3.E.3.E,12E",
    "stage": "11"
  },
  {
    "name": "Leiden",
    "title": "Leiden Little Bob Cinques",
    "notation": "3.1.5.3.5,12E",
    "stage": "11"
  },
  {
    "name": "Miserden",
    "title": "Miserden Little Bob Cinques",
    "notation": "3.14E.5.1.5,12E",
    "stage": "11"
  },
  {
    "name": "Century",
    "title": "Century Little Bob Cinques",
    "notation": "5.1.5.1.5,12E",
    "stage": "11"
  },
  {
    "name": "Twerton",
    "title": "Twerton Little Bob Cinques",
    "notation": "E.1.E.1.5,12E",
    "stage": "11"
  },
  {
    "name": "Stonesfield",
    "title": "Stonesfield Little Bob Cinques",
    "notation": "E.1.58E.1.78E.145.7,12E",
    "stage": "11"
  },
  {
    "name": "Little Penultimus",
    "title": "Little Penultimus Little Place Cinques",
    "notation": "E.1.E.1.E.1.E.1.E.10E,1",
    "stage": "11"
  },
  {
    "name": "Wake Court",
    "title": "Wake Court Bob Cinques",
    "notation": "3,1.5.1.E.3.9.1.E.7.E.1",
    "stage": "11"
  },
  {
    "name": "Marlborough",
    "title": "Marlborough Bob Cinques",
    "notation": "3,1.5.1.E.3.E.1.E.1.E.9",
    "stage": "11"
  },
  {
    "name": "Shropshire",
    "title": "Shropshire Bob Cinques",
    "notation": "3,1.5.16E.9.3.E.5.E.5.14E.7",
    "stage": "11"
  },
  {
    "name": "Aldborough",
    "title": "Aldborough Bob Cinques",
    "notation": "3,1.58E.1.7.18E.349.1.36E.147.E.9",
    "stage": "11"
  },
  {
    "name": "Essex",
    "title": "Essex Bob Cinques",
    "notation": "3,1.E.1.7.3.9.145.E.7.12E.3",
    "stage": "11"
  },
  {
    "name": "Itchen",
    "title": "Itchen Bob Cinques",
    "notation": "3,1.E.1.7.3.9.145.E.7.E.3",
    "stage": "11"
  },
  {
    "name": "Axbridge",
    "title": "Axbridge Bob Cinques",
    "notation": "3,1.E.1.9.18E.349.1.E.1.E.1",
    "stage": "11"
  },
  {
    "name": "Market Lavington",
    "title": "Market Lavington Bob Cinques",
    "notation": "3,1.E.1.9.3.9.3.E.1.E.1",
    "stage": "11"
  },
  {
    "name": "Ideford",
    "title": "Ideford Bob Cinques",
    "notation": "3,1.E.1.9.38E.149.3.E.1.E.1",
    "stage": "11"
  },
  {
    "name": "Kinnersley",
    "title": "Kinnersley Bob Cinques",
    "notation": "3,1.E.1.E.1.9.1.E.1.34E.5",
    "stage": "11"
  },
  {
    "name": "Richmond",
    "title": "Richmond Bob Cinques",
    "notation": "3,1.E.1.E.1.9.1.E.1.E.5",
    "stage": "11"
  },
  {
    "name": "Fulbeck",
    "title": "Fulbeck Bob Cinques",
    "notation": "3,1.E.1.E.1.E.1.E.1.34E.9",
    "stage": "11"
  },
  {
    "name": "Leadenham",
    "title": "Leadenham Bob Cinques",
    "notation": "3,1.E.1.E.1.E.1.E.1.56E.9",
    "stage": "11"
  },
  {
    "name": "Hackington",
    "title": "Hackington Bob Cinques",
    "notation": "3,1.E.1.E.1.E.1.E.1.78E.9",
    "stage": "11"
  },
  {
    "name": "Grandsire",
    "title": "Grandsire Cinques",
    "notation": "3,1.E.1.E.1.E.1.E.1.E.1",
    "stage": "11"
  },
  {
    "name": "Double Grandsire",
    "title": "Double Grandsire Cinques",
    "notation": "3,1.E.1.E.1.E.1.E.1.E.9",
    "stage": "11"
  },
  {
    "name": "Rickmansworth",
    "title": "Rickmansworth Bob Cinques",
    "notation": "3,1.E.1.E.1.E.1.E.145.36E.9",
    "stage": "11"
  },
  {
    "name": "Regina",
    "title": "Regina Bob Cinques",
    "notation": "3,1.E.1.E.1.E.1.E.167.58E.9",
    "stage": "11"
  },
  {
    "name": "Buxton",
    "title": "Buxton Bob Cinques",
    "notation": "3,1.E.1.E.123.E.123.E.123.E.3",
    "stage": "11"
  },
  {
    "name": "Fishwick",
    "title": "Fishwick Bob Cinques",
    "notation": "3,1.E.1.E.123.E.123.E.3.E.3",
    "stage": "11"
  },
  {
    "name": "Coniston",
    "title": "Coniston Bob Cinques",
    "notation": "3,1.E.1.E.123.E.3.12E.3.E.3",
    "stage": "11"
  },
  {
    "name": "Windermere College",
    "title": "Windermere College Bob Cinques",
    "notation": "3,1.E.1.E.123.E.3.E.123.E.3",
    "stage": "11"
  },
  {
    "name": "Fielden",
    "title": "Fielden Bob Cinques",
    "notation": "3,1.E.1.E.123.E.3.E.3.12E.3",
    "stage": "11"
  },
  {
    "name": "Scholfield",
    "title": "Scholfield Bob Cinques",
    "notation": "3,1.E.1.E.123.E.3.E.3.E.3",
    "stage": "11"
  },
  {
    "name": "Hawkshead",
    "title": "Hawkshead Bob Cinques",
    "notation": "3,1.E.1.E.3.12E.3.12E.3.E.3",
    "stage": "11"
  },
  {
    "name": "Batley",
    "title": "Batley Bob Cinques",
    "notation": "3,1.E.1.E.3.12E.3.E.123.E.3",
    "stage": "11"
  },
  {
    "name": "Everleigh",
    "title": "Everleigh Bob Cinques",
    "notation": "3,1.E.1.E.3.12E.3.E.3.12E.3",
    "stage": "11"
  },
  {
    "name": "Childwall",
    "title": "Childwall Bob Cinques",
    "notation": "3,1.E.1.E.3.12E.3.E.3.E.3",
    "stage": "11"
  },
  {
    "name": "Battle",
    "title": "Battle Bob Cinques",
    "notation": "3,1.E.1.E.3.E.123.E.123.E.3",
    "stage": "11"
  },
  {
    "name": "Adlington",
    "title": "Adlington Bob Cinques",
    "notation": "3,1.E.1.E.3.E.123.E.3.12E.3",
    "stage": "11"
  },
  {
    "name": "Langdale College",
    "title": "Langdale College Bob Cinques",
    "notation": "3,1.E.1.E.3.E.123.E.3.E.3",
    "stage": "11"
  },
  {
    "name": "Lewes",
    "title": "Lewes Bob Cinques",
    "notation": "3,1.E.1.E.3.E.3.12E.3.12E.3",
    "stage": "11"
  },
  {
    "name": "Seaford",
    "title": "Seaford Bob Cinques",
    "notation": "3,1.E.1.E.3.E.3.12E.3.E.3",
    "stage": "11"
  },
  {
    "name": "Blackley",
    "title": "Blackley Bob Cinques",
    "notation": "3,1.E.1.E.3.E.3.E.123.E.3",
    "stage": "11"
  },
  {
    "name": "Tolleshunt D'Arcy",
    "title": "Tolleshunt D'Arcy Bob Cinques",
    "notation": "3,1.E.1.E.3.E.3.E.3.12E.3",
    "stage": "11"
  },
  {
    "name": "St Clement's College",
    "title": "St Clement's College Bob Cinques",
    "notation": "3,1.E.1.E.3.E.3.E.3.E.3",
    "stage": "11"
  },
  {
    "name": "Lammas",
    "title": "Lammas Bob Cinques",
    "notation": "3,1.E.167.9.38E.149.5.36E.145.E.3",
    "stage": "11"
  },
  {
    "name": "Aynho",
    "title": "Aynho Bob Cinques",
    "notation": "3,1.E.167.E.1.E.1.56E.1.E.1",
    "stage": "11"
  },
  {
    "name": "Perranzabuloe",
    "title": "Perranzabuloe Bob Cinques",
    "notation": "3,1.E.167.E.1.E.1.E.123.78E.3",
    "stage": "11"
  },
  {
    "name": "Avening",
    "title": "Avening Bob Cinques",
    "notation": "3,1.E.167.E.1.E.1.E.3.78E.3",
    "stage": "11"
  },
  {
    "name": "Minal",
    "title": "Minal Bob Cinques",
    "notation": "3,1.E.169.7.1.349.1.36E.147.E.7",
    "stage": "11"
  },
  {
    "name": "Eldersfield",
    "title": "Eldersfield Bob Cinques",
    "notation": "3,1.E.169.7.123.E.125.E.125.78E.5",
    "stage": "11"
  },
  {
    "name": "Heddington",
    "title": "Heddington Bob Cinques",
    "notation": "3,1.E.169.7.123.E.125.E.5.78E.5",
    "stage": "11"
  },
  {
    "name": "Idmiston",
    "title": "Idmiston Bob Cinques",
    "notation": "3,1.E.169.7.123.E.5.12E.5.78E.5",
    "stage": "11"
  },
  {
    "name": "Rowde",
    "title": "Rowde Bob Cinques",
    "notation": "3,1.E.169.7.123.E.5.E.125.78E.5",
    "stage": "11"
  },
  {
    "name": "Stoulton",
    "title": "Stoulton Bob Cinques",
    "notation": "3,1.E.169.7.123.E.5.E.345.78E.5",
    "stage": "11"
  },
  {
    "name": "Sevenhampton",
    "title": "Sevenhampton Bob Cinques",
    "notation": "3,1.E.169.7.123.E.5.E.5.78E.5",
    "stage": "11"
  },
  {
    "name": "Overbury Imperial",
    "title": "Overbury Imperial Bob Cinques",
    "notation": "3,1.E.169.7.3.12E.5.12E.5.78E.5",
    "stage": "11"
  },
  {
    "name": "Ripple",
    "title": "Ripple Bob Cinques",
    "notation": "3,1.E.169.7.3.12E.5.E.125.78E.5",
    "stage": "11"
  },
  {
    "name": "Tenbury",
    "title": "Tenbury Bob Cinques",
    "notation": "3,1.E.169.7.3.12E.5.E.345.78E.5",
    "stage": "11"
  },
  {
    "name": "Tilshead",
    "title": "Tilshead Bob Cinques",
    "notation": "3,1.E.169.7.3.12E.5.E.5.78E.5",
    "stage": "11"
  },
  {
    "name": "Dartmoor",
    "title": "Dartmoor Bob Cinques",
    "notation": "3,1.E.169.7.3.14E.5.14E.5.78E.5",
    "stage": "11"
  },
  {
    "name": "Cropthorne",
    "title": "Cropthorne Bob Cinques",
    "notation": "3,1.E.169.7.3.E.125.E.125.78E.5",
    "stage": "11"
  },
  {
    "name": "Elmley Castle",
    "title": "Elmley Castle Bob Cinques",
    "notation": "3,1.E.169.7.3.E.125.E.345.78E.5",
    "stage": "11"
  },
  {
    "name": "Lyneham",
    "title": "Lyneham Bob Cinques",
    "notation": "3,1.E.169.7.3.E.125.E.5.78E.5",
    "stage": "11"
  },
  {
    "name": "Somerleyton",
    "title": "Somerleyton Bob Cinques",
    "notation": "3,1.E.169.7.3.E.3.14E.5.12E.9",
    "stage": "11"
  },
  {
    "name": "Savernake",
    "title": "Savernake Bob Cinques",
    "notation": "3,1.E.169.7.3.E.3.14E.5.E.9",
    "stage": "11"
  },
  {
    "name": "Imber",
    "title": "Imber Bob Cinques",
    "notation": "3,1.E.169.7.3.E.5.12E.5.78E.5",
    "stage": "11"
  },
  {
    "name": "Wilton Imperial",
    "title": "Wilton Imperial Bob Cinques",
    "notation": "3,1.E.169.7.3.E.5.E.125.78E.5",
    "stage": "11"
  },
  {
    "name": "Rock",
    "title": "Rock Bob Cinques",
    "notation": "3,1.E.169.7.3.E.5.E.345.78E.5",
    "stage": "11"
  },
  {
    "name": "Erlestoke",
    "title": "Erlestoke Bob Cinques",
    "notation": "3,1.E.169.7.3.E.5.E.5.78E.5",
    "stage": "11"
  },
  {
    "name": "Etchingley",
    "title": "Etchingley Bob Cinques",
    "notation": "3,1.E.169.7.38E.9.3.E.147.58E.7",
    "stage": "11"
  },
  {
    "name": "Ufford",
    "title": "Ufford Bob Cinques",
    "notation": "3,1.E.169.78E.3.12E.5.36E.5.16E.7",
    "stage": "11"
  },
  {
    "name": "Redruth",
    "title": "Redruth Bob Cinques",
    "notation": "3,1.E.169.E.189.E.145.E.127.34E.9",
    "stage": "11"
  },
  {
    "name": "North Hill",
    "title": "North Hill Bob Cinques",
    "notation": "3,1.E.169.E.189.E.145.E.127.56E.9",
    "stage": "11"
  },
  {
    "name": "Otterham",
    "title": "Otterham Bob Cinques",
    "notation": "3,1.E.169.E.189.E.145.E.127.E.9",
    "stage": "11"
  },
  {
    "name": "Liskeard",
    "title": "Liskeard Bob Cinques",
    "notation": "3,1.E.169.E.189.E.145.E.347.12E.9",
    "stage": "11"
  },
  {
    "name": "Launceston",
    "title": "Launceston Bob Cinques",
    "notation": "3,1.E.169.E.189.E.145.E.347.E.9",
    "stage": "11"
  },
  {
    "name": "Crowan",
    "title": "Crowan Bob Cinques",
    "notation": "3,1.E.169.E.189.E.145.E.7.12E.9",
    "stage": "11"
  },
  {
    "name": "Wendron",
    "title": "Wendron Bob Cinques",
    "notation": "3,1.E.169.E.189.E.145.E.7.34E.9",
    "stage": "11"
  },
  {
    "name": "Altarnun",
    "title": "Altarnun Bob Cinques",
    "notation": "3,1.E.169.E.189.E.145.E.7.56E.9",
    "stage": "11"
  },
  {
    "name": "Saltash",
    "title": "Saltash Bob Cinques",
    "notation": "3,1.E.169.E.189.E.145.E.7.E.9",
    "stage": "11"
  },
  {
    "name": "Fosse",
    "title": "Fosse Bob Cinques",
    "notation": "3,1.E.169.E.189.E.3.14E.7.16E.3",
    "stage": "11"
  },
  {
    "name": "Rockbeare",
    "title": "Rockbeare Bob Cinques",
    "notation": "3,1.E.169.E.3.9.3.14E.5.36E.9",
    "stage": "11"
  },
  {
    "name": "Lacock",
    "title": "Lacock Bob Cinques",
    "notation": "3,1.E.189.7.38E.9.1.E.1.E.1",
    "stage": "11"
  },
  {
    "name": "Elkstone",
    "title": "Elkstone Bob Cinques",
    "notation": "3,1.E.189.E.123.9.123.E.7.58E.7",
    "stage": "11"
  },
  {
    "name": "Stone",
    "title": "Stone Bob Cinques",
    "notation": "3,1.E.189.E.123.9.3.12E.7.58E.7",
    "stage": "11"
  },
  {
    "name": "Tirley Imperial",
    "title": "Tirley Imperial Bob Cinques",
    "notation": "3,1.E.189.E.123.9.3.E.127.58E.7",
    "stage": "11"
  },
  {
    "name": "Chedworth",
    "title": "Chedworth Bob Cinques",
    "notation": "3,1.E.189.E.123.9.3.E.7.58E.7",
    "stage": "11"
  },
  {
    "name": "Upton",
    "title": "Upton Bob Cinques",
    "notation": "3,1.E.189.E.3.129.3.E.7.58E.7",
    "stage": "11"
  },
  {
    "name": "Gloucester Imperial",
    "title": "Gloucester Imperial Bob Cinques",
    "notation": "3,1.E.189.E.3.9.123.E.127.58E.7",
    "stage": "11"
  },
  {
    "name": "Oddington",
    "title": "Oddington Bob Cinques",
    "notation": "3,1.E.189.E.3.9.123.E.7.58E.7",
    "stage": "11"
  },
  {
    "name": "Longhope",
    "title": "Longhope Bob Cinques",
    "notation": "3,1.E.189.E.3.9.3.12E.7.58E.7",
    "stage": "11"
  },
  {
    "name": "Glevum",
    "title": "Glevum Bob Cinques",
    "notation": "3,1.E.189.E.3.9.3.E.127.58E.7",
    "stage": "11"
  },
  {
    "name": "Rendcomb",
    "title": "Rendcomb Bob Cinques",
    "notation": "3,1.E.189.E.3.9.3.E.7.58E.7",
    "stage": "11"
  },
  {
    "name": "Nunburnholme",
    "title": "Nunburnholme Bob Cinques",
    "notation": "3,145.78E.1.9.18E.9.5.16E.345.78E.3",
    "stage": "11"
  },
  {
    "name": "East Pennard",
    "title": "East Pennard Bob Cinques",
    "notation": "3,147.5.18E.9.3.E.5.16E.5.36E.5",
    "stage": "11"
  },
  {
    "name": "Ogborough",
    "title": "Ogborough Bob Cinques",
    "notation": "3,149.E.189.E.389.14E.3.E.345.16E.5",
    "stage": "11"
  },
  {
    "name": "St James",
    "title": "St James Bob Cinques",
    "notation": "3,14E.5.16E.7.18E.9.1.E.1.E.7",
    "stage": "11"
  },
  {
    "name": "Great Bedwyn",
    "title": "Great Bedwyn Bob Cinques",
    "notation": "3,14E.589.16E.7.3.14E.5.E.5.38E.5",
    "stage": "11"
  },
  {
    "name": "Bodmin",
    "title": "Bodmin Bob Cinques",
    "notation": "3,14E.9.16E.9.1.9.145.E.7.58E.7",
    "stage": "11"
  },
  {
    "name": "Iken",
    "title": "Iken Bob Cinques",
    "notation": "3,14E.9.16E.9.18E.9.145.36E.127.36E.7",
    "stage": "11"
  },
  {
    "name": "Brecon",
    "title": "Brecon Bob Cinques",
    "notation": "3,14E.9.16E.9.18E.9.145.36E.7.36E.7",
    "stage": "11"
  },
  {
    "name": "Alton Priors",
    "title": "Alton Priors Bob Cinques",
    "notation": "3,16E.9.1.78E.3.9.1.E.145.78E.5",
    "stage": "11"
  },
  {
    "name": "Queen Camel",
    "title": "Queen Camel Bob Cinques",
    "notation": "3,18E.5.169.E.3.14E.3.16E.5.14E.5",
    "stage": "11"
  },
  {
    "name": "Cambridgeshire Court",
    "title": "Cambridgeshire Court Bob Cinques",
    "notation": "E,1.5.1.7.3.9.1.E.3.E.1",
    "stage": "11"
  },
  {
    "name": "Double Norwich Court",
    "title": "Double Norwich Court Bob Cinques",
    "notation": "E,1.5.1.E.3.9.1.E.7.E.1",
    "stage": "11"
  },
  {
    "name": "Single Surfleet Court",
    "title": "Single Surfleet Court Bob Cinques",
    "notation": "E,1.E.1.7.1.E.1.E.1.E.1",
    "stage": "11"
  },
  {
    "name": "Double Surfleet Court",
    "title": "Double Surfleet Court Bob Cinques",
    "notation": "E,1.E.1.7.1.E.5.E.1.E.1",
    "stage": "11"
  },
  {
    "name": "New London Court",
    "title": "New London Court Bob Cinques",
    "notation": "E,1.E.1.E.1.9.1.E.1.E.5",
    "stage": "11"
  },
  {
    "name": "Cleatham",
    "title": "Cleatham Bob Cinques",
    "notation": "E,1.E.1.E.1.E.1.E.1.34E.9",
    "stage": "11"
  },
  {
    "name": "Cleethorpes",
    "title": "Cleethorpes Bob Cinques",
    "notation": "E,1.E.1.E.1.E.1.E.1.56E.9",
    "stage": "11"
  },
  {
    "name": "Canterbury",
    "title": "Canterbury Bob Cinques",
    "notation": "E,1.E.1.E.1.E.1.E.1.78E.9",
    "stage": "11"
  },
  {
    "name": "Reverse Grandsire",
    "title": "Reverse Grandsire Cinques",
    "notation": "E,1.E.1.E.1.E.1.E.1.E.9",
    "stage": "11"
  },
  {
    "name": "Trowbridge",
    "title": "Trowbridge Bob Cinques",
    "notation": "E,1.E.1.E.1.E.1.E.145.36E.9",
    "stage": "11"
  },
  {
    "name": "Rutherford",
    "title": "Rutherford Bob Cinques",
    "notation": "E,1.E.1.E.1.E.1.E.167.58E.9",
    "stage": "11"
  },
  {
    "name": "Bromsgrove",
    "title": "Bromsgrove Bob Cinques",
    "notation": "E,1.E.1.E.3.12E.3.12E.3.E.3",
    "stage": "11"
  },
  {
    "name": "Rous Lench",
    "title": "Rous Lench Bob Cinques",
    "notation": "E,1.E.1.E.3.12E.3.E.123.E.3",
    "stage": "11"
  },
  {
    "name": "Elcombe",
    "title": "Elcombe Bob Cinques",
    "notation": "E,1.E.1.E.3.12E.3.E.3.12E.3",
    "stage": "11"
  },
  {
    "name": "Wavertree",
    "title": "Wavertree Bob Cinques",
    "notation": "E,1.E.1.E.3.12E.3.E.3.E.3",
    "stage": "11"
  },
  {
    "name": "Trentham",
    "title": "Trentham Bob Cinques",
    "notation": "E,1.E.1.E.3.E.123.E.3.E.3",
    "stage": "11"
  },
  {
    "name": "Mavesyn Ridware",
    "title": "Mavesyn Ridware Bob Cinques",
    "notation": "E,1.E.1.E.3.E.3.12E.3.E.3",
    "stage": "11"
  },
  {
    "name": "Lesser Wopping",
    "title": "Lesser Wopping Bob Cinques",
    "notation": "E,1.E.1.E.3.E.3.E.123.E.3",
    "stage": "11"
  },
  {
    "name": "Ogden",
    "title": "Ogden Bob Cinques",
    "notation": "E,1.E.1.E.3.E.3.E.3.12E.3",
    "stage": "11"
  },
  {
    "name": "Crayford College",
    "title": "Crayford College Bob Cinques",
    "notation": "E,1.E.1.E.3.E.3.E.3.E.3",
    "stage": "11"
  },
  {
    "name": "Bisham",
    "title": "Bisham Bob Cinques",
    "notation": "E,1.E.167.E.1.E.1.E.3.78E.3",
    "stage": "11"
  },
  {
    "name": "Highclere",
    "title": "Highclere Bob Cinques",
    "notation": "E,1.E.169.7.123.E.125.E.5.78E.5",
    "stage": "11"
  },
  {
    "name": "Isle of Wight",
    "title": "Isle of Wight Bob Cinques",
    "notation": "E,1.E.169.7.123.E.5.12E.5.78E.5",
    "stage": "11"
  },
  {
    "name": "Ropley",
    "title": "Ropley Bob Cinques",
    "notation": "E,1.E.169.7.123.E.5.E.125.78E.5",
    "stage": "11"
  },
  {
    "name": "Sopley",
    "title": "Sopley Bob Cinques",
    "notation": "E,1.E.169.7.123.E.5.E.5.78E.5",
    "stage": "11"
  },
  {
    "name": "Woodhenge",
    "title": "Woodhenge Bob Cinques",
    "notation": "E,1.E.169.7.18E.9.3.56E.1.56E.3",
    "stage": "11"
  },
  {
    "name": "Privett",
    "title": "Privett Bob Cinques",
    "notation": "E,1.E.169.7.3.12E.5.E.5.78E.5",
    "stage": "11"
  },
  {
    "name": "Mottisfont",
    "title": "Mottisfont Bob Cinques",
    "notation": "E,1.E.169.7.3.E.125.E.5.78E.5",
    "stage": "11"
  },
  {
    "name": "Amport",
    "title": "Amport Bob Cinques",
    "notation": "E,1.E.169.7.3.E.5.12E.5.78E.5",
    "stage": "11"
  },
  {
    "name": "Hampshire",
    "title": "Hampshire Bob Cinques",
    "notation": "E,1.E.169.7.3.E.5.E.125.78E.5",
    "stage": "11"
  },
  {
    "name": "Ellisfield",
    "title": "Ellisfield Bob Cinques",
    "notation": "E,1.E.169.7.3.E.5.E.5.78E.5",
    "stage": "11"
  },
  {
    "name": "Cunetio",
    "title": "Cunetio Bob Cinques",
    "notation": "E,1.E.169.78E.1.349.1.E.167.E.5",
    "stage": "11"
  },
  {
    "name": "Netheravon",
    "title": "Netheravon Bob Cinques",
    "notation": "E,1.E.169.78E.1.9.1.E.367.E.1",
    "stage": "11"
  },
  {
    "name": "Reading",
    "title": "Reading Bob Cinques",
    "notation": "E,1.E.169.E.189.E.145.E.127.34E.9",
    "stage": "11"
  },
  {
    "name": "Kintbury",
    "title": "Kintbury Bob Cinques",
    "notation": "E,1.E.169.E.189.E.145.E.127.56E.9",
    "stage": "11"
  },
  {
    "name": "East Garston",
    "title": "East Garston Bob Cinques",
    "notation": "E,1.E.169.E.189.E.145.E.127.E.9",
    "stage": "11"
  },
  {
    "name": "Radley Imperial",
    "title": "Radley Imperial Bob Cinques",
    "notation": "E,1.E.169.E.189.E.145.E.347.12E.9",
    "stage": "11"
  },
  {
    "name": "Inkpen",
    "title": "Inkpen Bob Cinques",
    "notation": "E,1.E.169.E.189.E.145.E.347.E.9",
    "stage": "11"
  },
  {
    "name": "Beedon",
    "title": "Beedon Bob Cinques",
    "notation": "E,1.E.169.E.189.E.145.E.7.12E.9",
    "stage": "11"
  },
  {
    "name": "Shrivenham",
    "title": "Shrivenham Bob Cinques",
    "notation": "E,1.E.169.E.189.E.145.E.7.34E.9",
    "stage": "11"
  },
  {
    "name": "Hungerford",
    "title": "Hungerford Bob Cinques",
    "notation": "E,1.E.169.E.189.E.145.E.7.56E.9",
    "stage": "11"
  },
  {
    "name": "Englefield",
    "title": "Englefield Bob Cinques",
    "notation": "E,1.E.169.E.189.E.145.E.7.E.9",
    "stage": "11"
  },
  {
    "name": "Letcombe Bassett",
    "title": "Letcombe Bassett Bob Cinques",
    "notation": "E,1.E.189.7.3.14E.3.E.1.E.1",
    "stage": "11"
  },
  {
    "name": "Skilgate",
    "title": "Skilgate Bob Cinques",
    "notation": "E,1.E.189.E.123.9.123.E.7.58E.7",
    "stage": "11"
  },
  {
    "name": "Exford",
    "title": "Exford Bob Cinques",
    "notation": "E,1.E.189.E.123.9.3.12E.7.58E.7",
    "stage": "11"
  },
  {
    "name": "Thorn Falcon",
    "title": "Thorn Falcon Bob Cinques",
    "notation": "E,1.E.189.E.123.9.3.E.127.58E.7",
    "stage": "11"
  },
  {
    "name": "Road",
    "title": "Road Bob Cinques",
    "notation": "E,1.E.189.E.123.9.3.E.7.58E.7",
    "stage": "11"
  },
  {
    "name": "Englishcombe",
    "title": "Englishcombe Bob Cinques",
    "notation": "E,1.E.189.E.3.129.3.E.7.58E.7",
    "stage": "11"
  },
  {
    "name": "Kennet",
    "title": "Kennet Bob Cinques",
    "notation": "E,1.E.189.E.3.14E.3.E.1.E.9",
    "stage": "11"
  },
  {
    "name": "Rowdean",
    "title": "Rowdean Bob Cinques",
    "notation": "E,1.E.189.E.3.9.1.E.3.E.1",
    "stage": "11"
  },
  {
    "name": "Mudford",
    "title": "Mudford Bob Cinques",
    "notation": "E,1.E.189.E.3.9.123.E.7.58E.7",
    "stage": "11"
  },
  {
    "name": "Old Cleeve",
    "title": "Old Cleeve Bob Cinques",
    "notation": "E,1.E.189.E.3.9.3.12E.7.58E.7",
    "stage": "11"
  },
  {
    "name": "Somerset",
    "title": "Somerset Bob Cinques",
    "notation": "E,1.E.189.E.3.9.3.E.127.58E.7",
    "stage": "11"
  },
  {
    "name": "Spaxton",
    "title": "Spaxton Bob Cinques",
    "notation": "E,1.E.189.E.3.9.3.E.7.58E.7",
    "stage": "11"
  },
  {
    "name": "Keevil",
    "title": "Keevil Bob Cinques",
    "notation": "E,1.E.189.E.389.12E.3.E.1.E.3",
    "stage": "11"
  },
  {
    "name": "Exmoor",
    "title": "Exmoor Bob Cinques",
    "notation": "E,169.E.169.7.18E.349.1.56E.7.58E.7",
    "stage": "11"
  },
  {
    "name": "Bastow",
    "title": "Bastow Little Bob Cinques",
    "notation": "E,1.3.1",
    "stage": "11"
  },
  {
    "name": "Bedwyn Parva",
    "title": "Bedwyn Parva Little Bob Cinques",
    "notation": "3,14E.9.14E.9",
    "stage": "11"
  },
  {
    "name": "Little Grandsire",
    "title": "Little Grandsire Cinques",
    "notation": "3,1.E.1.5.1",
    "stage": "11"
  },
  {
    "name": "St Lawrence",
    "title": "St Lawrence Little Bob Cinques",
    "notation": "3,14E.5.1.5.1",
    "stage": "11"
  },
  {
    "name": "Glamorgan",
    "title": "Glamorgan Little Bob Cinques",
    "notation": "E,167.5.16E.7.36E.7",
    "stage": "11"
  },
  {
    "name": "Gainsborough",
    "title": "Gainsborough Little Bob Cinques",
    "notation": "3,1.E.1.E.1.7.1",
    "stage": "11"
  },
  {
    "name": "Wellington",
    "title": "Wellington Little Bob Cinques",
    "notation": "E,1.E.1.E.1.7.1",
    "stage": "11"
  },
  {
    "name": "Devon",
    "title": "Devon Little Bob Cinques",
    "notation": "E,149.567.18E.7.189.E.589.E",
    "stage": "11"
  },
  {
    "name": "Welland",
    "title": "Welland Little Bob Cinques",
    "notation": "3,1.E.169.7.3.E.5.9.7",
    "stage": "11"
  },
  {
    "name": "Upwey",
    "title": "Upwey Little Bob Cinques",
    "notation": "3,14E.9.16E.9.1.9.145.9.5",
    "stage": "11"
  },
  {
    "name": "Oxfordshire",
    "title": "Oxfordshire Little Bob Cinques",
    "notation": "3,167.58E.169.7.389.E.1.9.1",
    "stage": "11"
  },
  {
    "name": "York",
    "title": "York Little Bob Cinques",
    "notation": "E.1.E.14E,14E",
    "stage": "11"
  },
  {
    "name": "St Philip's",
    "title": "St Philip's Little Surprise Cinques",
    "notation": "9.7.E.149.7.9.7.369.14E.7.9.167,1",
    "stage": "11"
  },
  {
    "name": "Regulus",
    "title": "Regulus Alliance Cinques",
    "notation": "345.1.345.E.345.1.345.E.345.1.345.E.345.1.345.E.345.1.345.E,12E",
    "stage": "11"
  },
  {
    "name": "Kent",
    "title": "Kent Treble Place Cinques",
    "notation": "34E.E.34E.1.E.12E.E.1.E.12E.E.1.E.12E.E.1.E.12E.E.1.E.12E,1",
    "stage": "11"
  },
  {
    "name": "Original",
    "title": "Original Cinques",
    "notation": "E.1",
    "stage": "11"
  },
  {
    "name": "Titanic",
    "title": "Titanic Cinques",
    "notation": "E.1.E.3",
    "stage": "11"
  },
  {
    "name": "Erin",
    "title": "Erin Cinques",
    "notation": "E.3.1.3.1.3",
    "stage": "11"
  },
  {
    "name": "Nirerin",
    "title": "Nirerin Cinques",
    "notation": "9.E.9.E.9.3.1.3.1.3",
    "stage": "11"
  },
  {
    "name": "Brunel",
    "title": "Brunel Cinques",
    "notation": "1.3.E.1.3.1.3.1.E.3.1.E",
    "stage": "11"
  },
  {
    "name": "Cabot",
    "title": "Cabot Cinques",
    "notation": "3.1.E.1.3.E.3.1.E.1.3.1",
    "stage": "11"
  },
  {
    "name": "Stedman",
    "title": "Stedman Cinques",
    "notation": "3.1.E.3.1.3.1.3.E.1.3.1",
    "stage": "11"
  },
  {
    "name": "Birmingham Carter",
    "title": "Birmingham Carter Cinques",
    "notation": "3.1.E.3.1.3.1.3.E.1.3.E",
    "stage": "11"
  },
  {
    "name": "Tyler's",
    "title": "Tyler's Cinques",
    "notation": "5.1.5.1.5.1.5.E.1.3.1.E",
    "stage": "11"
  },
  {
    "name": "Carter",
    "title": "Carter Cinques",
    "notation": "E.3.1.3.E.1.3.5.3.5.3.1",
    "stage": "11"
  },
  {
    "name": "Baldrick",
    "title": "Baldrick Differential Little Bob Cinques",
    "notation": "E.1.E.14E,12E",
    "stage": "11"
  }
]
