"id","stage","name","title","notation"
"id4535","20",,"Little Bob Twenty","-1J-14,12"
"id14752","20","York","York Surprise Twenty","-3J-14-12-3J.14-14.3J.14-14.3J.14-14.3J.14-14.3J.14-14.3J.14-14.3J.14-14.3J.14-14.3J,12"
"id14753","20","Feering","Feering Surprise Twenty","-3J-14-12-3J.14-14.3J.14-14.3J.14-14.3J.14-14.3J.14-14.3J.14-14.3J.14-14.3J.14-34.HJ,12"
"id14754","20","Newgate","Newgate Surprise Twenty","3J-3J.14-12-3J.14-14.5J.16-16.7J.14.58.14.9J.14-14.9J.14-14.9J.14-14.9J.14-14.9J.14-14.9J,12"
