"id","stage","name","title","notation"
"id4520","14","Plain","Plain Bob Fourteen","-1B-1B-1B-1B-1B-1B-1B,12"
"id4521","14","Bastow","Bastow Little Bob Fourteen","-12,1B"
"id4522","14","Kent","Kent Little Bob Fourteen","34.12,1B"
"id4523","14",,"Little Bob Fourteen","-1B-14,12"
"id4524","14","Crayford","Crayford Little Bob Fourteen","-1B-14,1B"
"id4525","14","Gainsborough","Gainsborough Little Bob Fourteen","-1B-1B-16,12"
"id4526","14","Grandsire","Grandsire Fourteen","3B,1B-1B-1B-1B-1B-1B-1B-"
"id14688","14","York","York Surprise Fourteen","-3B-14-12-3B.14-14.3B.14-14.3B.14-14.3B.14-14.3B.14-14.3B,12"
"id14689","14","Aerilon","Aerilon Surprise Fourteen","-3B-14-12.5B.36-34-145B-34-7B-16-7B.16-16.7B.16-16.7B,1B"
"id14690","14","Starbuck","Starbuck Surprise Fourteen","-3B-14-1256-16-14-5B-14-5B-14-5B-14-5B-34-5B,12"
"id14691","14","Winchester","Winchester Surprise Fourteen","-3B-14-125B-36-127B-38-149B-50-16EB-7T-18-9B-1T-AB,12"
"id14692","14","Cambridge","Cambridge Surprise Fourteen","-3B-14-125B-36-147B-58-169B-70-18EB-9T-10-EB-1T-AB,12"
"id14693","14","St Swithun","St Swithun Surprise Fourteen","-3B-14-56-16-14-5B-14-5B-14-5B-12-5B-14-5B,12"
"id14694","14","Vermuyden","Vermuyden Surprise Fourteen","-3B-14-56-36-14-5B-14-5B-14-5B-14-5B-14-5B,12"
"id14695","14","Libran","Libran Surprise Fourteen","-3B-14-5B-16-127B-38-14-5B-16-9B-78-9B-78-9B,1B"
"id14696","14","Yorkshire","Yorkshire Surprise Fourteen","-3B-14-5B-16-127B-38-149B-50-16EB-7T-18-9B-10-AB,12"
"id14697","14","Woodstock","Woodstock Surprise Fourteen","-3B-14-5B-16-127B-38-149B-50-16EB-7T-18-9B-10-AB,1B"
"id14698","14","Albanian","Albanian Surprise Fourteen","-3B-14-5B-16-7B-18-129B-30-14EB-5T-16-7B-18-AB,12"
"id14699","14","Lincolnshire","Lincolnshire Surprise Fourteen","-3B-14-5B-16-7B-18-9B-10-EB-1T-10-EB-9T-AB,12"
"id14700","14","Cornish","Cornish Surprise Fourteen","-56-14-56-3B-14-5B-14-5B-14-5B-14-5B-12-5B,1B"
"id14701","14","Zalinky","Zalinky Surprise Fourteen","-5T-14.5T-12.3T.14-12.5B.16-16.7B.58-18.9B-18-EB-90-EB,1B"
"id14702","14","Tintwistle","Tintwistle Surprise Fourteen","-5B-14-56-16-14-5B-14-5B-14-5B-14-5B-14-5B,12"
"id14703","14","Leatherhead","Leatherhead Surprise Fourteen","-5B-14-56-36.14-14.5B.14-14.5B.14-14.5B.14-14.5B.14-14.5B,12"
"id14704","14","Oberon","Oberon Surprise Fourteen","-5B-14.5B-12.3B.14-12.5B.14-36.7B.18-18.9B-18-EB.10-1T.AB,1B"
"id14705","14","Ariella","Ariella Surprise Fourteen","-5B-14.5B-12.3B.14-12.5B.14-369B.70.18-18.9B.18-18.EB-90-EB,1B"
"id14706","14","Leonis","Leonis Surprise Fourteen","-5B-14.5B-12.3B.14-12.5B.16-16.7B.58-18.9B-18-9B-78-9B,1B"
"id14707","14","Worcester","Worcester Surprise Fourteen","-5B-14.5B-5B.36.14-14.5B-14-7B-78-7B-78-7B-78-1B,1B"
"id14708","14","Bristow","Bristow Surprise Fourteen","-5B-14.5B-5B.36.14-7B.58.16-9B.70.18-18EB.9T-18-7B-78-1B,1B"
"id14709","14","Tauron","Tauron Surprise Fourteen","-5B-14.5B-5B.36.14-7B.58.16-9B.70.18-EB.9T-18-EB.18.9T-1B,1B"
"id14710","14","Canceron","Canceron Surprise Fourteen","-5B-14.5B-5B.36.14-7B.58.16-9B.70.18-EB.9T-90.18.90EB-90-1B,1B"
"id14711","14","Agathon","Agathon Surprise Fourteen","-5B-14.5B-5B.36.14-7B.58.16-9B.70.18-EB.9T.1270-10.EB-10-AB,1B"
"id14712","14","Horsleydown","Horsleydown Surprise Fourteen","-5B-14.5B-5B.36.14-7B.58.16-9B.70.18-EB.9T.10-10.EB-10-1B,12"
"id14713","14","Bristol","Bristol Surprise Fourteen","-5B-14.5B-5B.36.14-7B.58.16-9B.70.18-EB.9T.10-10.EB-10-1B,1B"
"id14714","14","Aquarion","Aquarion Surprise Fourteen","-5B-14.5B-5B.36.14-7B.58.16-9B.70.18-EB.9T.10-10.EB-10.7T.1B,1B"
"id14715","14","Pudsey","Pudsey Surprise Fourteen","-5B-16-127B-38-149B-50-16EB-7T-18-9B-10-EB-1T-AB,12"
"id14716","14","Athena","Athena Surprise Fourteen","-5B-16-56-36-34-3B-14-7B-16-7B-16-7B-16-7B,1B"
"id14717","14","Gemenon","Gemenon Surprise Fourteen","-5B-16-5B-16-34-3B-14-345B-14-5B-14-5B-14-5B,1B"
"id14718","14","Picon","Picon Surprise Fourteen","34-5B.16-56-36.7B.12-5B-16-7B-78.16.7B-78.16.7B-78-1B,1B"
"id14719","14","Zarek","Zarek Surprise Fourteen","36-56.14.5B-5B.36-12-3B-1456-5B-1456-145B-56-145B-1456-5B,1B"
"id14720","14","Newgate","Newgate Surprise Fourteen","3B-3B.14-12-3B.14-14.5B.16-16.7B.14.58.14.9B.14-14.9B.14-14.9B,12"
"id14721","14","London No.3","London No.3 Surprise Fourteen","3B-3B.14-12-3B.14-14.5B.16-16.7B.14.58.14.9B.14.58.14.9B.14.58.14.9B,12"
"id14722","14","Leicestershire","Leicestershire Surprise Fourteen","3B-5B.14-5B-3B.14-14.5B.14-14.5B.14-14.5B.14-14.5B.14-14.5B,12"
"id14723","14","Fulham","Fulham Surprise Fourteen","56-56.14-5B-36.14-14.5B-14-3B-34-3B-34-3B-34-1B,1B"
"id14724","14","Littleport","Littleport Little Surprise Fourteen","-5B-14.5B-5B.36.14-14.5B-14-18,1B"
"id14725","14","Bristol","Bristol Little Surprise Fourteen","-5B-14.5B-5B.36.14-7B.58.16-16.7B-16-10,1B"
"id14726","14","Bristol12","Bristol12 Little Surprise Fourteen","-5B-14.5B-5B.36.14-7B.58.16-9B.70.18-18.9B-18-1T,1B"
"id18349","14","Yellowstone","Yellowstone Delight Fourteen","-3B-14-12-3B.14-34.1B.34-34.1B.34-34.1B.34-34.1B.34-34.1B,12"
"id19177","14","Oxford","Oxford Treble Bob Fourteen","-34-1B-12-1B-12-1B-12-1B-12-1B-12-1B-12-1B,1B"
"id19178","14","Kent","Kent Treble Bob Fourteen","34-34.1B-12-1B-12-1B-12-1B-12-1B-12-1B-12-1B,1B"
"id19179","14","Gonville","Gonville Little Treble Bob Fourteen","34-34.12,1B"
"id20552","14","Old Milverton","Old Milverton Alliance Fourteen","-5B-14.5B-5B.36.147B.58.16.7B-1T-EB-1B,1B"
"id20553","14","Maypole","Maypole Alliance Fourteen","-5B-14.5B-5B.36.147B.58.169B.70.18EB.9T.10-10.EB-10-1B,1B"
"id20554","14","Cranesthorpe","Cranesthorpe Alliance Fourteen","-5B-14.5B-5B.36.147B.58.16.70-9B.10-10.EB.10-10-10.EB,1B"
"id20555","14","Akenfield","Akenfield Alliance Fourteen","-5B-14.5B-5B.36.147B.58.169B.70.18.9B.10-10.EB.10-10-10.EB,1B"
"id20556","14","Julie McDonnell","Julie McDonnell Little Alliance Fourteen","-1B-56-14,12"
"id20557","14","Linx","Linx Little Alliance Fourteen","-1B-14.36.5B.16.5B.36,1B"
