"name","notation","stage","title"
"Plain","-1B-1B-1B-1B-1B-1B-1B,12","14","Plain Bob Fourteen"
"Bastow","-12,1B","14","Bastow Little Bob Fourteen"
"Kent","34.12,1B","14","Kent Little Bob Fourteen"
,"-1B-14,12","14","Little Bob Fourteen"
"Crayford","-1B-14,1B","14","Crayford Little Bob Fourteen"
"Gainsborough","-1B-1B-16,12","14","Gainsborough Little Bob Fourteen"
"Grandsire","3B,1B-1B-1B-1B-1B-1B-1B-","14","Grandsire Fourteen"
"York","-3B-14-12-3B.14-14.3B.14-14.3B.14-14.3B.14-14.3B.14-14.3B,12","14","York Surprise Fourteen"
"Aerilon","-3B-14-12.5B.36-34-145B-34-7B-16-7B.16-16.7B.16-16.7B,1B","14","Aerilon Surprise Fourteen"
"Starbuck","-3B-14-1256-16-14-5B-14-5B-14-5B-14-5B-34-5B,12","14","Starbuck Surprise Fourteen"
"Winchester","-3B-14-125B-36-127B-38-149B-50-16EB-7T-18-9B-1T-AB,12","14","Winchester Surprise Fourteen"
"Cambridge","-3B-14-125B-36-147B-58-169B-70-18EB-9T-10-EB-1T-AB,12","14","Cambridge Surprise Fourteen"
"St Swithun","-3B-14-56-16-14-5B-14-5B-14-5B-12-5B-14-5B,12","14","St Swithun Surprise Fourteen"
"Vermuyden","-3B-14-56-36-14-5B-14-5B-14-5B-14-5B-14-5B,12","14","Vermuyden Surprise Fourteen"
"Libran","-3B-14-5B-16-127B-38-14-5B-16-9B-78-9B-78-9B,1B","14","Libran Surprise Fourteen"
"Yorkshire","-3B-14-5B-16-127B-38-149B-50-16EB-7T-18-9B-10-AB,12","14","Yorkshire Surprise Fourteen"
"Woodstock","-3B-14-5B-16-127B-38-149B-50-16EB-7T-18-9B-10-AB,1B","14","Woodstock Surprise Fourteen"
"Albanian","-3B-14-5B-16-7B-18-129B-30-14EB-5T-16-7B-18-AB,12","14","Albanian Surprise Fourteen"
"Lincolnshire","-3B-14-5B-16-7B-18-9B-10-EB-1T-10-EB-9T-AB,12","14","Lincolnshire Surprise Fourteen"
"Cornish","-56-14-56-3B-14-5B-14-5B-14-5B-14-5B-12-5B,1B","14","Cornish Surprise Fourteen"
"Zalinky","-5T-14.5T-12.3T.14-12.5B.16-16.7B.58-18.9B-18-EB-90-EB,1B","14","Zalinky Surprise Fourteen"
"Tintwistle","-5B-14-56-16-14-5B-14-5B-14-5B-14-5B-14-5B,12","14","Tintwistle Surprise Fourteen"
"Leatherhead","-5B-14-56-36.14-14.5B.14-14.5B.14-14.5B.14-14.5B.14-14.5B,12","14","Leatherhead Surprise Fourteen"
"Oberon","-5B-14.5B-12.3B.14-12.5B.14-36.7B.18-18.9B-18-EB.10-1T.AB,1B","14","Oberon Surprise Fourteen"
"Ariella","-5B-14.5B-12.3B.14-12.5B.14-369B.70.18-18.9B.18-18.EB-90-EB,1B","14","Ariella Surprise Fourteen"
"Leonis","-5B-14.5B-12.3B.14-12.5B.16-16.7B.58-18.9B-18-9B-78-9B,1B","14","Leonis Surprise Fourteen"
"Worcester","-5B-14.5B-5B.36.14-14.5B-14-7B-78-7B-78-7B-78-1B,1B","14","Worcester Surprise Fourteen"
"Bristow","-5B-14.5B-5B.36.14-7B.58.16-9B.70.18-18EB.9T-18-7B-78-1B,1B","14","Bristow Surprise Fourteen"
"Tauron","-5B-14.5B-5B.36.14-7B.58.16-9B.70.18-EB.9T-18-EB.18.9T-1B,1B","14","Tauron Surprise Fourteen"
"Canceron","-5B-14.5B-5B.36.14-7B.58.16-9B.70.18-EB.9T-90.18.90EB-90-1B,1B","14","Canceron Surprise Fourteen"
"Agathon","-5B-14.5B-5B.36.14-7B.58.16-9B.70.18-EB.9T.1270-10.EB-10-AB,1B","14","Agathon Surprise Fourteen"
"Horsleydown","-5B-14.5B-5B.36.14-7B.58.16-9B.70.18-EB.9T.10-10.EB-10-1B,12","14","Horsleydown Surprise Fourteen"
"Bristol","-5B-14.5B-5B.36.14-7B.58.16-9B.70.18-EB.9T.10-10.EB-10-1B,1B","14","Bristol Surprise Fourteen"
"Aquarion","-5B-14.5B-5B.36.14-7B.58.16-9B.70.18-EB.9T.10-10.EB-10.7T.1B,1B","14","Aquarion Surprise Fourteen"
"Pudsey","-5B-16-127B-38-149B-50-16EB-7T-18-9B-10-EB-1T-AB,12","14","Pudsey Surprise Fourteen"
"Athena","-5B-16-56-36-34-3B-14-7B-16-7B-16-7B-16-7B,1B","14","Athena Surprise Fourteen"
"Gemenon","-5B-16-5B-16-34-3B-14-345B-14-5B-14-5B-14-5B,1B","14","Gemenon Surprise Fourteen"
"Picon","34-5B.16-56-36.7B.12-5B-16-7B-78.16.7B-78.16.7B-78-1B,1B","14","Picon Surprise Fourteen"
"Zarek","36-56.14.5B-5B.36-12-3B-1456-5B-1456-145B-56-145B-1456-5B,1B","14","Zarek Surprise Fourteen"
"Newgate","3B-3B.14-12-3B.14-14.5B.16-16.7B.14.58.14.9B.14-14.9B.14-14.9B,12","14","Newgate Surprise Fourteen"
"London No.3","3B-3B.14-12-3B.14-14.5B.16-16.7B.14.58.14.9B.14.58.14.9B.14.58.14.9B,12","14","London No.3 Surprise Fourteen"
"Leicestershire","3B-5B.14-5B-3B.14-14.5B.14-14.5B.14-14.5B.14-14.5B.14-14.5B,12","14","Leicestershire Surprise Fourteen"
"Fulham","56-56.14-5B-36.14-14.5B-14-3B-34-3B-34-3B-34-1B,1B","14","Fulham Surprise Fourteen"
"Littleport","-5B-14.5B-5B.36.14-14.5B-14-18,1B","14","Littleport Little Surprise Fourteen"
"Bristol","-5B-14.5B-5B.36.14-7B.58.16-16.7B-16-10,1B","14","Bristol Little Surprise Fourteen"
"Bristol12","-5B-14.5B-5B.36.14-7B.58.16-9B.70.18-18.9B-18-1T,1B","14","Bristol12 Little Surprise Fourteen"
"Yellowstone","-3B-14-12-3B.14-34.1B.34-34.1B.34-34.1B.34-34.1B.34-34.1B,12","14","Yellowstone Delight Fourteen"
"Oxford","-34-1B-12-1B-12-1B-12-1B-12-1B-12-1B-12-1B,1B","14","Oxford Treble Bob Fourteen"
"Kent","34-34.1B-12-1B-12-1B-12-1B-12-1B-12-1B-12-1B,1B","14","Kent Treble Bob Fourteen"
"Gonville","34-34.12,1B","14","Gonville Little Treble Bob Fourteen"
"Old Milverton","-5B-14.5B-5B.36.147B.58.16.7B-1T-EB-1B,1B","14","Old Milverton Alliance Fourteen"
"Maypole","-5B-14.5B-5B.36.147B.58.169B.70.18EB.9T.10-10.EB-10-1B,1B","14","Maypole Alliance Fourteen"
"Cranesthorpe","-5B-14.5B-5B.36.147B.58.16.70-9B.10-10.EB.10-10-10.EB,1B","14","Cranesthorpe Alliance Fourteen"
"Akenfield","-5B-14.5B-5B.36.147B.58.169B.70.18.9B.10-10.EB.10-10-10.EB,1B","14","Akenfield Alliance Fourteen"
"Julie McDonnell","-1B-56-14,12","14","Julie McDonnell Little Alliance Fourteen"
"Linx","-1B-14.36.5B.16.5B.36,1B","14","Linx Little Alliance Fourteen"
