[
  {
    "name": "Plain",
    "title": "Plain Bob Septuples",
    "notation": "C.1.C.1.C.1.C.1.C.1.C.1.C.1.C,12C",
    "stage": "15"
  },
  {
    "name": "Grandsire",
    "title": "Grandsire Septuples",
    "notation": "3,1.C.1.C.1.C.1.C.1.C.1.C.1.C.1",
    "stage": "15"
  },
  {
    "name": "Erin",
    "title": "Erin Septuples",
    "notation": "C.3.1.3.1.3",
    "stage": "15"
  },
  {
    "name": "Stedman",
    "title": "Stedman Septuples",
    "notation": "3.1.C.3.1.3.1.3.C.1.3.1",
    "stage": "15"
  }
]
