[
  {
    "id": "id4527",
    "stage": "15",
    "name": "Plain",
    "title": "Plain Bob Septuples",
    "notation": "C.1.C.1.C.1.C.1.C.1.C.1.C.1.C,12C"
  },
  {
    "id": "id4528",
    "stage": "15",
    "name": "Grandsire",
    "title": "Grandsire Septuples",
    "notation": "3,1.C.1.C.1.C.1.C.1.C.1.C.1.C.1"
  },
  {
    "id": "id21770",
    "stage": "15",
    "name": "Erin",
    "title": "Erin Septuples",
    "notation": "C.3.1.3.1.3"
  },
  {
    "id": "id21771",
    "stage": "15",
    "name": "Stedman",
    "title": "Stedman Septuples",
    "notation": "3.1.C.3.1.3.1.3.C.1.3.1"
  }
]
