[
  {
    "name": "Plain",
    "title": "Plain Bob Minimus",
    "notation": "-14-14,12",
    "stage": "4"
  },
  {
    "name": "Double",
    "title": "Double Bob Minimus",
    "notation": "-14-34,12",
    "stage": "4"
  },
  {
    "name": "Reverse",
    "title": "Reverse Bob Minimus",
    "notation": "-14-34,14",
    "stage": "4"
  },
  {
    "name": "Reverse Court",
    "title": "Reverse Court Place Minimus",
    "notation": "-14.12.14,14",
    "stage": "4"
  },
  {
    "name": "Reverse St Nicholas",
    "title": "Reverse St Nicholas Bob Minimus",
    "notation": "-14.12.34,12",
    "stage": "4"
  },
  {
    "name": "Canterbury",
    "title": "Canterbury Place Minimus",
    "notation": "-14.12.34,14",
    "stage": "4"
  },
  {
    "name": "Reverse Canterbury",
    "title": "Reverse Canterbury Place Minimus",
    "notation": "34.14-14,12",
    "stage": "4"
  },
  {
    "name": "Single Court",
    "title": "Single Court Place Minimus",
    "notation": "34.14-14,14",
    "stage": "4"
  },
  {
    "name": "St Nicholas",
    "title": "St Nicholas Bob Minimus",
    "notation": "34.14-34,12",
    "stage": "4"
  },
  {
    "name": "Double Court",
    "title": "Double Court Place Minimus",
    "notation": "34.14.12.14,14",
    "stage": "4"
  },
  {
    "name": "Double Canterbury",
    "title": "Double Canterbury Place Minimus",
    "notation": "34.14.12.34,12",
    "stage": "4"
  },
  {
    "name": "Cheeky",
    "title": "Cheeky Little Place Minimus",
    "notation": "14.12",
    "stage": "4"
  },
  {
    "name": "Itram",
    "title": "Itram Little Place Minimus",
    "notation": "14.34",
    "stage": "4"
  },
  {
    "name": "Bastow",
    "title": "Bastow Little Bob Minimus",
    "notation": "-12,14",
    "stage": "4"
  },
  {
    "name": "St Aelhaiarn",
    "title": "St Aelhaiarn Little Place Minimus",
    "notation": "34.12,14",
    "stage": "4"
  },
  {
    "name": "Llanarthne",
    "title": "Llanarthne Little Bob Minimus",
    "notation": "-14-34",
    "stage": "4"
  },
  {
    "name": "Double Trouble",
    "title": "Double Trouble Little Place Minimus",
    "notation": "12.14.34.14",
    "stage": "4"
  },
  {
    "name": "Barton",
    "title": "Barton Little Bob Minimus",
    "notation": "-14.34,12",
    "stage": "4"
  },
  {
    "name": "Melsonby",
    "title": "Melsonby Little Place Minimus",
    "notation": "-14.34,14",
    "stage": "4"
  },
  {
    "name": "East Layton",
    "title": "East Layton Little Place Minimus",
    "notation": "34.14.34,12",
    "stage": "4"
  },
  {
    "name": "Reverse Grandsire",
    "title": "Reverse Grandsire Place Minimus",
    "notation": "-,14-14.12",
    "stage": "4"
  },
  {
    "name": "Grandsire",
    "title": "Grandsire Place Minimus",
    "notation": "34,14-14-",
    "stage": "4"
  },
  {
    "name": "Lonk",
    "title": "Lonk Bob Minimus",
    "notation": "-14-14.12.14-12",
    "stage": "4"
  },
  {
    "name": "Soay",
    "title": "Soay Bob Minimus",
    "notation": "-14.12.14-14-12",
    "stage": "4"
  },
  {
    "name": "Charollais",
    "title": "Charollais Place Minimus",
    "notation": "34.14-14.12.14.34.12",
    "stage": "4"
  },
  {
    "name": "Lleyn",
    "title": "Lleyn Place Minimus",
    "notation": "34.14.12.14-14.34.12",
    "stage": "4"
  },
  {
    "name": "Wader Wodon",
    "title": "Wader Wodon Hybrid Minimus",
    "notation": "-14-12.14.34",
    "stage": "4"
  },
  {
    "name": "Ypsen Harpen",
    "title": "Ypsen Harpen Hybrid Minimus",
    "notation": "-14.12-14.34",
    "stage": "4"
  },
  {
    "name": "Lathors Cure",
    "title": "Lathors Cure Hybrid Minimus",
    "notation": "34.14-12.14-",
    "stage": "4"
  },
  {
    "name": "Smod Hole Inn",
    "title": "Smod Hole Inn Hybrid Minimus",
    "notation": "34.14.12-14-",
    "stage": "4"
  },
  {
    "name": "Cherington",
    "title": "Cherington Hybrid Minimus",
    "notation": "-14-14-14.34",
    "stage": "4"
  },
  {
    "name": "Stanway",
    "title": "Stanway Hybrid Minimus",
    "notation": "-14-34-14.34",
    "stage": "4"
  },
  {
    "name": "Wyck Rissington",
    "title": "Wyck Rissington Hybrid Minimus",
    "notation": "-14.12.34.12.14.34",
    "stage": "4"
  },
  {
    "name": "Elmstone Hardwicke",
    "title": "Elmstone Hardwicke Hybrid Minimus",
    "notation": "34.14-14-14-",
    "stage": "4"
  },
  {
    "name": "Daglingworth",
    "title": "Daglingworth Hybrid Minimus",
    "notation": "34.14-34-14-",
    "stage": "4"
  },
  {
    "name": "Clearwell",
    "title": "Clearwell Hybrid Minimus",
    "notation": "34.14.12.34.12.14-",
    "stage": "4"
  },
  {
    "name": "Parsley",
    "title": "Parsley Hybrid Minimus",
    "notation": "-14-12.14-12",
    "stage": "4"
  },
  {
    "name": "Rosemary",
    "title": "Rosemary Hybrid Minimus",
    "notation": "-14-12.14-14",
    "stage": "4"
  },
  {
    "name": "Sage",
    "title": "Sage Hybrid Minimus",
    "notation": "-14.12-14-12",
    "stage": "4"
  },
  {
    "name": "Thyme",
    "title": "Thyme Hybrid Minimus",
    "notation": "-14.12-14-14",
    "stage": "4"
  },
  {
    "name": "Rhubarb",
    "title": "Rhubarb Hybrid Minimus",
    "notation": "34.14-12.14.34.12",
    "stage": "4"
  },
  {
    "name": "Custard",
    "title": "Custard Hybrid Minimus",
    "notation": "34.14.12-14.34.12",
    "stage": "4"
  },
  {
    "name": "Black Pudding",
    "title": "Black Pudding Hybrid Minimus",
    "notation": "-14-14.12.14.12-12.14",
    "stage": "4"
  },
  {
    "name": "Gertrude",
    "title": "Gertrude Hybrid Minimus",
    "notation": "12-12.14-14.12-12.14.34.14",
    "stage": "4"
  },
  {
    "name": "Ada",
    "title": "Ada Hybrid Minimus",
    "notation": "12-12.14.12.14.12-12.14-14",
    "stage": "4"
  },
  {
    "name": "Ma",
    "title": "Ma Hybrid Minimus",
    "notation": "12-12.14-14.34-34.14.34.14",
    "stage": "4"
  },
  {
    "name": "Ethel",
    "title": "Ethel Hybrid Minimus",
    "notation": "12-12.14.12.14.34-34.14-14",
    "stage": "4"
  },
  {
    "name": "Audrey",
    "title": "Audrey Hybrid Minimus",
    "notation": "14-14.34-34.14.12.14.12-12",
    "stage": "4"
  },
  {
    "name": "Elsie Mary",
    "title": "Elsie Mary Hybrid Minimus",
    "notation": "14.34.14.34-34.14-14.12-12",
    "stage": "4"
  },
  {
    "name": "Flat Rock",
    "title": "Flat Rock Hybrid Minimus",
    "notation": "34.14.34-34.14-14.34-34.14",
    "stage": "4"
  },
  {
    "name": "Uluru",
    "title": "Uluru Hybrid Minimus",
    "notation": "14.34-34.14-14.34-34.14.12",
    "stage": "4"
  },
  {
    "name": "Ermin",
    "title": "Ermin Little Hybrid Minimus",
    "notation": "-34.14",
    "stage": "4"
  },
  {
    "name": "Fosse",
    "title": "Fosse Little Hybrid Minimus",
    "notation": "34-14",
    "stage": "4"
  },
  {
    "name": "Coln Valley",
    "title": "Coln Valley Little Hybrid Minimus",
    "notation": "-14.34.14.34",
    "stage": "4"
  },
  {
    "name": "Churn Valley",
    "title": "Churn Valley Little Hybrid Minimus",
    "notation": "34.14.34.14-",
    "stage": "4"
  },
  {
    "name": "Original",
    "title": "Original Minimus",
    "notation": "-14",
    "stage": "4"
  },
  {
    "name": "Llanarthne",
    "title": "Llanarthne Minimus",
    "notation": "12.14.34",
    "stage": "4"
  },
  {
    "name": "Badbury",
    "title": "Badbury Minimus",
    "notation": "-14.34.14",
    "stage": "4"
  },
  {
    "name": "Reverse Finchampstead",
    "title": "Reverse Finchampstead Minimus",
    "notation": "12-12.14",
    "stage": "4"
  },
  {
    "name": "Finchampstead",
    "title": "Finchampstead Minimus",
    "notation": "34-34.14",
    "stage": "4"
  },
  {
    "name": "Reverse Erin",
    "title": "Reverse Erin Minimus",
    "notation": "-12.14.12.14.12",
    "stage": "4"
  },
  {
    "name": "Erin",
    "title": "Erin Minimus",
    "notation": "-34.14.34.14.34",
    "stage": "4"
  },
  {
    "name": "Reverse Stanton",
    "title": "Reverse Stanton Minimus",
    "notation": "12-12.14.34.14",
    "stage": "4"
  },
  {
    "name": "Stanton",
    "title": "Stanton Minimus",
    "notation": "34-34.14.12.14",
    "stage": "4"
  },
  {
    "name": "Cross",
    "title": "Cross Differential Minimus",
    "notation": "-",
    "stage": "4"
  },
  {
    "name": "Llanarthne",
    "title": "Llanarthne Differential Minimus",
    "notation": "12.34",
    "stage": "4"
  },
  {
    "name": "St Alphege",
    "title": "St Alphege Differential Minimus",
    "notation": "-14.34-34.14",
    "stage": "4"
  },
  {
    "name": "Mr Wood's Double",
    "title": "Mr Wood's Double Differential Minimus",
    "notation": "12.34.14.34.12.14",
    "stage": "4"
  },
  {
    "name": "Ten Rides",
    "title": "Ten Rides Differential Minimus",
    "notation": "34.14.12.14.34.14",
    "stage": "4"
  },
  {
    "name": "Boatman's",
    "title": "Boatman's Differential Minimus",
    "notation": "14-34.14.34-14.34",
    "stage": "4"
  },
  {
    "name": "New Boatman's",
    "title": "New Boatman's Differential Minimus",
    "notation": "14.34-14-34.14.34",
    "stage": "4"
  },
  {
    "name": "Egloskerry",
    "title": "Egloskerry Differential Minimus",
    "notation": "34.14.12-12.14.34-",
    "stage": "4"
  },
  {
    "name": "Ayston",
    "title": "Ayston Differential Minimus",
    "notation": "12.14-14.34.14.12.14-14.12.14",
    "stage": "4"
  },
  {
    "name": "Tinwell",
    "title": "Tinwell Differential Minimus",
    "notation": "12.14-14.34.14.34.14-14.34.14",
    "stage": "4"
  },
  {
    "name": "Lyndon",
    "title": "Lyndon Differential Minimus",
    "notation": "12.14.12.14.34.14.34.14.12.14.34.14",
    "stage": "4"
  },
  {
    "name": "Baines Johnson",
    "title": "Baines Johnson Differential Minimus",
    "notation": "12.14.34.14.12.14.34.14.34.14.12.14",
    "stage": "4"
  },
  {
    "name": "Daisy",
    "title": "Daisy Differential Minimus",
    "notation": "14.34-34.14.12.14.12-12.14.12",
    "stage": "4"
  },
  {
    "name": "Reverse Tinwell",
    "title": "Reverse Tinwell Differential Minimus",
    "notation": "34.14-14.12.14.12.14-14.12.14",
    "stage": "4"
  },
  {
    "name": "Morcott",
    "title": "Morcott Differential Minimus",
    "notation": "34.14-14.12.14.34.14-14.34.14",
    "stage": "4"
  },
  {
    "name": "Ridlington",
    "title": "Ridlington Differential Minimus",
    "notation": "34.14.34-34.14.34.14.12-12.14",
    "stage": "4"
  }
]
