[
  {
    "id": "id4527",
    "name": "Plain",
    "title": "Plain Bob Septuples",
    "notation": "C.1.C.1.C.1.C.1.C.1.C.1.C.1.C,12C",
    "lengthOfLead": "30",
    "numberOfHunts": "1",
    "huntbellPath": "1 2 3 4 5 6 7 8 9 10 11 12 13 14 15 15 14 13 12 11 10 9 8 7 6 5 4 3 2 1",
    "leadHeadCode": "p",
    "stage": "15",
    "symmetry": "palindromic",
    "classification_text": "Bob",
    "classification_plain": "true"
  },
  {
    "id": "id4528",
    "name": "Grandsire",
    "title": "Grandsire Septuples",
    "notation": "3,1.C.1.C.1.C.1.C.1.C.1.C.1.C.1",
    "lengthOfLead": "30",
    "numberOfHunts": "2",
    "huntbellPath": "1 2 3 4 5 6 7 8 9 10 11 12 13 14 15 15 14 13 12 11 10 9 8 7 6 5 4 3 2 1",
    "leadHeadCode": "a",
    "stage": "15",
    "symmetry": "palindromic",
    "classification_text": "Bob",
    "classification_plain": "true"
  },
  {
    "id": "id21770",
    "name": "Erin",
    "title": "Erin Septuples",
    "notation": "C.3.1.3.1.3",
    "lengthOfLead": "6",
    "numberOfHunts": "0",
    "leadHead": "241638507T9BECA",
    "stage": "15",
    "symmetry": "palindromic"
  },
  {
    "id": "id21771",
    "name": "Stedman",
    "title": "Stedman Septuples",
    "notation": "3.1.C.3.1.3.1.3.C.1.3.1",
    "lengthOfLead": "12",
    "numberOfHunts": "0",
    "leadHead": "6348201T5B7C9AE",
    "stage": "15",
    "symmetry": "palindromic"
  }
]
