"classification_little","classification_plain","classification_text","huntbellPath","id","leadHead","leadHeadCode","lengthOfLead","name","notation","numberOfHunts","stage","symmetry","title"
,"true","Bob","1 2 3 4 4 3 2 1","id0001",,"a","8","Plain","-14-14,12","1","4","palindromic","Plain Bob Minimus"
,"true","Bob","1 2 3 4 4 3 2 1","id0002",,"f","8","Double","-14-34,12","1","4","palindromic double rotational","Double Bob Minimus"
,"true","Bob","1 2 3 4 4 3 2 1","id0003",,"g","8","Reverse","-14-34,14","1","4","palindromic","Reverse Bob Minimus"
,"true","Place","1 2 3 4 4 3 2 1","id0004",,"m","8","Reverse Court","-14.12.14,14","1","4","palindromic","Reverse Court Place Minimus"
,"true","Bob","1 2 3 4 4 3 2 1","id0005",,"f","8","Reverse St Nicholas","-14.12.34,12","1","4","palindromic","Reverse St Nicholas Bob Minimus"
,"true","Place","1 2 3 4 4 3 2 1","id0006",,"g","8","Canterbury","-14.12.34,14","1","4","palindromic","Canterbury Place Minimus"
,"true","Place","1 2 3 4 4 3 2 1","id0007",,"f","8","Reverse Canterbury","34.14-14,12","1","4","palindromic","Reverse Canterbury Place Minimus"
,"true","Place","1 2 3 4 4 3 2 1","id0008",,"g","8","Single Court","34.14-14,14","1","4","palindromic","Single Court Place Minimus"
,"true","Bob","1 2 3 4 4 3 2 1","id0009",,"a","8","St Nicholas","34.14-34,12","1","4","palindromic","St Nicholas Bob Minimus"
,"true","Place","1 2 3 4 4 3 2 1","id0010",,"m","8","Double Court","34.14.12.14,14","1","4","palindromic double rotational","Double Court Place Minimus"
,"true","Place","1 2 3 4 4 3 2 1","id0011",,"a","8","Double Canterbury","34.14.12.34,12","1","4","palindromic double rotational","Double Canterbury Place Minimus"
"true","true","Place","1 1","id0012",,"a","2","Cheeky","14.12","1","4","palindromic","Cheeky Little Place Minimus"
"true","true","Place","4 4","id0013","3124",,"2","Itram","14.34","1","4","palindromic","Itram Little Place Minimus"
"true","true","Bob","1 2 2 1","id0014",,"m","4","Bastow","-12,14","1","4","palindromic","Bastow Little Bob Minimus"
"true","true","Place","1 2 2 1","id0015",,"m","4","St Aelhaiarn","34.12,14","1","4","palindromic","St Aelhaiarn Little Place Minimus"
"true","true","Bob","3 4 4 3","id0016","2431",,"4","Llanarthne","-14-34","1","4","palindromic","Llanarthne Little Bob Minimus"
"true","true","Place","2 3 3 2","id0017","4213",,"4","Double Trouble","12.14.34.14","1","4","palindromic double rotational","Double Trouble Little Place Minimus"
"true","true","Bob","1 2 3 3 2 1","id0018",,"f","6","Barton","-14.34,12","1","4","palindromic","Barton Little Bob Minimus"
"true","true","Place","1 2 3 3 2 1","id0019",,"g","6","Melsonby","-14.34,14","1","4","palindromic","Melsonby Little Place Minimus"
"true","true","Place","1 2 3 3 2 1","id0020",,"a","6","East Layton","34.14.34,12","1","4","palindromic","East Layton Little Place Minimus"
,"true","Place","1 2 3 4 4 3 2 1","id0021","1243",,"8","Reverse Grandsire","-,14-14.12","2","4","palindromic","Reverse Grandsire Place Minimus"
,"true","Place","1 2 3 4 4 3 2 1","id0022","1243",,"8","Grandsire","34,14-14-","2","4","palindromic","Grandsire Place Minimus"
,"true","Bob","1 2 3 4 4 3 2 1","id0023","1432",,"8","Lonk","-14-14.12.14-12","2","4",,"Lonk Bob Minimus"
,"true","Bob","1 2 3 4 4 3 2 1","id0024","1324",,"8","Soay","-14.12.14-14-12","2","4",,"Soay Bob Minimus"
,"true","Place","1 2 3 4 4 3 2 1","id0025","1324",,"8","Charollais","34.14-14.12.14.34.12","2","4",,"Charollais Place Minimus"
,"true","Place","1 2 3 4 4 3 2 1","id0026","1432",,"8","Lleyn","34.14.12.14-14.34.12","2","4",,"Lleyn Place Minimus"
,,,"1 2 3 4 3 2","id21326","1423",,"6","Wader Wodon","-14-12.14.34","1","4","rotational","Wader Wodon Hybrid Minimus"
,,,"1 2 3 4 3 2","id21327","1423",,"6","Ypsen Harpen","-14.12-14.34","1","4","double","Ypsen Harpen Hybrid Minimus"
,,,"1 2 3 4 3 2","id21328","1342",,"6","Lathors Cure","34.14-12.14-","1","4","double","Lathors Cure Hybrid Minimus"
,,,"1 2 3 4 3 2","id21329","1342",,"6","Smod Hole Inn","34.14.12-14-","1","4","rotational","Smod Hole Inn Hybrid Minimus"
,,,"1 2 3 4 4 3 2","id21330","1342",,"7","Cherington","-14-14-14.34","1","4",,"Cherington Hybrid Minimus"
,,,"1 2 3 4 4 3 2","id21331","1423",,"7","Stanway","-14-34-14.34","1","4",,"Stanway Hybrid Minimus"
,,,"1 2 3 4 4 3 2","id21332","1423",,"7","Wyck Rissington","-14.12.34.12.14.34","1","4",,"Wyck Rissington Hybrid Minimus"
,,,"1 2 3 4 4 3 2","id21333","1423",,"7","Elmstone Hardwicke","34.14-14-14-","1","4",,"Elmstone Hardwicke Hybrid Minimus"
,,,"1 2 3 4 4 3 2","id21334","1342",,"7","Daglingworth","34.14-34-14-","1","4",,"Daglingworth Hybrid Minimus"
,,,"1 2 3 4 4 3 2","id21335","1342",,"7","Clearwell","34.14.12.34.12.14-","1","4",,"Clearwell Hybrid Minimus"
,,,"1 2 3 4 3 2 1","id21336","1423",,"7","Parsley","-14-12.14-12","1","4",,"Parsley Hybrid Minimus"
,,,"1 2 3 4 3 2 1","id21337","1342",,"7","Rosemary","-14-12.14-14","1","4",,"Rosemary Hybrid Minimus"
,,,"1 2 3 4 3 2 1","id21338","1423",,"7","Sage","-14.12-14-12","1","4",,"Sage Hybrid Minimus"
,,,"1 2 3 4 3 2 1","id21339","1342",,"7","Thyme","-14.12-14-14","1","4",,"Thyme Hybrid Minimus"
,,,"1 2 3 4 3 2 1","id21340","1342",,"7","Rhubarb","34.14-12.14.34.12","1","4",,"Rhubarb Hybrid Minimus"
,,,"1 2 3 4 3 2 1","id21341","1342",,"7","Custard","34.14.12-14.34.12","1","4",,"Custard Hybrid Minimus"
,,,"1 2 3 4 4 3 2 2 1 1","id21342","1243",,"10","Black Pudding","-14-14.12.14.12-12.14","2","4",,"Black Pudding Hybrid Minimus"
,,,"1 1 2 2 3 4 4 3 4 3 2 1","id21343","1432",,"12","Gertrude","12-12.14-14.12-12.14.34.14","2","4","palindromic","Gertrude Hybrid Minimus"
,,,"1 1 2 2 3 4 4 3 4 3 2 1","id21344","1432",,"12","Ada","12-12.14.12.14.12-12.14-14","2","4","palindromic","Ada Hybrid Minimus"
,,,"1 1 2 2 3 4 4 4 3 3 2 1","id21345","1432",,"12","Ma","12-12.14-14.34-34.14.34.14","2","4",,"Ma Hybrid Minimus"
,,,"1 1 2 2 3 4 4 4 3 3 2 1","id21346","1432",,"12","Ethel","12-12.14.12.14.34-34.14-14","2","4",,"Ethel Hybrid Minimus"
,,,"1 1 2 3 3 4 4 4 3 2 2 1","id21347","1432",,"12","Audrey","14-14.34-34.14.12.14.12-12","2","4",,"Audrey Hybrid Minimus"
,,,"1 1 2 3 3 4 4 4 3 2 2 1","id21348","1432",,"12","Elsie Mary","14.34.14.34-34.14-14.12-12","2","4",,"Elsie Mary Hybrid Minimus"
,,,"1 2 3 3 4 4 4 3 2 1 2 1","id21349","1243",,"12","Flat Rock","34.14.34-34.14-14.34-34.14","2","4","palindromic","Flat Rock Hybrid Minimus"
,,,"3 2 1 2 1 1 2 3 3 4 4 4","id21350","2134",,"12","Uluru","14.34-34.14-14.34-34.14.12","2","4","palindromic","Uluru Hybrid Minimus"
,,,"1 2 1","id21351","1423",,"3","Ermin","-34.14","1","4",,"Ermin Little Hybrid Minimus"
,,,"1 2 1","id21352","1423",,"3","Fosse","34-14","1","4",,"Fosse Little Hybrid Minimus"
,,,"1 2 3 3 2","id21353","1423",,"5","Coln Valley","-14.34.14.34","1","4",,"Coln Valley Little Hybrid Minimus"
,,,"1 2 3 3 2","id21354","1342",,"5","Churn Valley","34.14.34.14-","1","4",,"Churn Valley Little Hybrid Minimus"
,,,,"id21444","2413",,"2","Original","-14","0","4","palindromic double rotational","Original Minimus"
,,,,"id21445","4123",,"3","Llanarthne","12.14.34","0","4","rotational","Llanarthne Minimus"
,,,,"id21446","4123",,"4","Badbury","-14.34.14","0","4","palindromic","Badbury Minimus"
,,,,"id21447","2413",,"4","Reverse Finchampstead","12-12.14","0","4","palindromic","Reverse Finchampstead Minimus"
,,,,"id21448","2413",,"4","Finchampstead","34-34.14","0","4","palindromic","Finchampstead Minimus"
,,,,"id21449","2413",,"6","Reverse Erin","-12.14.12.14.12","0","4","palindromic","Reverse Erin Minimus"
,,,,"id21450","2413",,"6","Erin","-34.14.34.14.34","0","4","palindromic","Erin Minimus"
,,,,"id21451","4123",,"6","Reverse Stanton","12-12.14.34.14","0","4","palindromic","Reverse Stanton Minimus"
,,,,"id21452","2341",,"6","Stanton","34-34.14.12.14","0","4","palindromic","Stanton Minimus"
,,,,"id21773","2143",,"1","Cross","-","0","4","palindromic double rotational","Cross Differential Minimus"
,,,,"id21774","2143",,"2","Llanarthne","12.34","0","4","palindromic double rotational","Llanarthne Differential Minimus"
,,,,"id21775","4321",,"6","St Alphege","-14.34-34.14","0","4","palindromic","St Alphege Differential Minimus"
,,,,"id21776","4321",,"6","Mr Wood's Double","12.34.14.34.12.14","0","4","palindromic double rotational","Mr Wood's Double Differential Minimus"
,,,,"id21777","4321",,"6","Ten Rides","34.14.12.14.34.14","0","4","palindromic","Ten Rides Differential Minimus"
,,,,"id21778","2143",,"8","Boatman's","14-34.14.34-14.34","0","4","palindromic","Boatman's Differential Minimus"
,,,,"id21779","2143",,"8","New Boatman's","14.34-14-34.14.34","0","4","palindromic","New Boatman's Differential Minimus"
,,,,"id21780","3412",,"8","Egloskerry","34.14.12-12.14.34-","0","4","palindromic double rotational","Egloskerry Differential Minimus"
,,,,"id21781","2143",,"12","Ayston","12.14-14.34.14.12.14-14.12.14","0","4",,"Ayston Differential Minimus"
,,,,"id21782","2143",,"12","Tinwell","12.14-14.34.14.34.14-14.34.14","0","4",,"Tinwell Differential Minimus"
,,,,"id21783","2143",,"12","Lyndon","12.14.12.14.34.14.34.14.12.14.34.14","0","4","rotational","Lyndon Differential Minimus"
,,,,"id21784","2143",,"12","Baines Johnson","12.14.34.14.12.14.34.14.34.14.12.14","0","4","rotational","Baines Johnson Differential Minimus"
,,,,"id21785","2143",,"12","Daisy","14.34-34.14.12.14.12-12.14.12","0","4","palindromic","Daisy Differential Minimus"
,,,,"id21786","2143",,"12","Reverse Tinwell","34.14-14.12.14.12.14-14.12.14","0","4",,"Reverse Tinwell Differential Minimus"
,,,,"id21787","2143",,"12","Morcott","34.14-14.12.14.34.14-14.34.14","0","4",,"Morcott Differential Minimus"
,,,,"id21788","2143",,"12","Ridlington","34.14.34-34.14.34.14.12-12.14","0","4","palindromic","Ridlington Differential Minimus"
