"id","stage","name","title","notation","leadHead","leadHeadCode","lengthOfLead","symmetry","numberOfHunts","huntbellPath","classification_text","classification_little","classification_differential","classification_plain"
"id0001","4","Plain","Plain Bob Minimus","-14-14,12",,"a","8","palindromic","1","1 2 3 4 4 3 2 1","Bob",,,"true"
"id0002","4","Double","Double Bob Minimus","-14-34,12",,"f","8","palindromic double rotational","1","1 2 3 4 4 3 2 1","Bob",,,"true"
"id0003","4","Reverse","Reverse Bob Minimus","-14-34,14",,"g","8","palindromic","1","1 2 3 4 4 3 2 1","Bob",,,"true"
"id0004","4","Reverse Court","Reverse Court Place Minimus","-14.12.14,14",,"m","8","palindromic","1","1 2 3 4 4 3 2 1","Place",,,"true"
"id0005","4","Reverse St Nicholas","Reverse St Nicholas Bob Minimus","-14.12.34,12",,"f","8","palindromic","1","1 2 3 4 4 3 2 1","Bob",,,"true"
"id0006","4","Canterbury","Canterbury Place Minimus","-14.12.34,14",,"g","8","palindromic","1","1 2 3 4 4 3 2 1","Place",,,"true"
"id0007","4","Reverse Canterbury","Reverse Canterbury Place Minimus","34.14-14,12",,"f","8","palindromic","1","1 2 3 4 4 3 2 1","Place",,,"true"
"id0008","4","Single Court","Single Court Place Minimus","34.14-14,14",,"g","8","palindromic","1","1 2 3 4 4 3 2 1","Place",,,"true"
"id0009","4","St Nicholas","St Nicholas Bob Minimus","34.14-34,12",,"a","8","palindromic","1","1 2 3 4 4 3 2 1","Bob",,,"true"
"id0010","4","Double Court","Double Court Place Minimus","34.14.12.14,14",,"m","8","palindromic double rotational","1","1 2 3 4 4 3 2 1","Place",,,"true"
"id0011","4","Double Canterbury","Double Canterbury Place Minimus","34.14.12.34,12",,"a","8","palindromic double rotational","1","1 2 3 4 4 3 2 1","Place",,,"true"
"id0012","4","Cheeky","Cheeky Little Place Minimus","14.12",,"a","2","palindromic","1","1 1","Place","true",,"true"
"id0013","4","Itram","Itram Little Place Minimus","14.34","3124",,"2","palindromic","1","4 4","Place","true",,"true"
"id0014","4","Bastow","Bastow Little Bob Minimus","-12,14",,"m","4","palindromic","1","1 2 2 1","Bob","true",,"true"
"id0015","4","St Aelhaiarn","St Aelhaiarn Little Place Minimus","34.12,14",,"m","4","palindromic","1","1 2 2 1","Place","true",,"true"
"id0016","4","Llanarthne","Llanarthne Little Bob Minimus","-14-34","2431",,"4","palindromic","1","3 4 4 3","Bob","true",,"true"
"id0017","4","Double Trouble","Double Trouble Little Place Minimus","12.14.34.14","4213",,"4","palindromic double rotational","1","2 3 3 2","Place","true",,"true"
"id0018","4","Barton","Barton Little Bob Minimus","-14.34,12",,"f","6","palindromic","1","1 2 3 3 2 1","Bob","true",,"true"
"id0019","4","Melsonby","Melsonby Little Place Minimus","-14.34,14",,"g","6","palindromic","1","1 2 3 3 2 1","Place","true",,"true"
"id0020","4","East Layton","East Layton Little Place Minimus","34.14.34,12",,"a","6","palindromic","1","1 2 3 3 2 1","Place","true",,"true"
"id0021","4","Reverse Grandsire","Reverse Grandsire Place Minimus","-,14-14.12","1243",,"8","palindromic","2","1 2 3 4 4 3 2 1","Place",,,"true"
"id0022","4","Grandsire","Grandsire Place Minimus","34,14-14-","1243",,"8","palindromic","2","1 2 3 4 4 3 2 1","Place",,,"true"
"id0023","4","Lonk","Lonk Bob Minimus","-14-14.12.14-12","1432",,"8",,"2","1 2 3 4 4 3 2 1","Bob",,,"true"
"id0024","4","Soay","Soay Bob Minimus","-14.12.14-14-12","1324",,"8",,"2","1 2 3 4 4 3 2 1","Bob",,,"true"
"id0025","4","Charollais","Charollais Place Minimus","34.14-14.12.14.34.12","1324",,"8",,"2","1 2 3 4 4 3 2 1","Place",,,"true"
"id0026","4","Lleyn","Lleyn Place Minimus","34.14.12.14-14.34.12","1432",,"8",,"2","1 2 3 4 4 3 2 1","Place",,,"true"
"id21326","4","Wader Wodon","Wader Wodon Hybrid Minimus","-14-12.14.34","1423",,"6","rotational","1","1 2 3 4 3 2",,,,
"id21327","4","Ypsen Harpen","Ypsen Harpen Hybrid Minimus","-14.12-14.34","1423",,"6","double","1","1 2 3 4 3 2",,,,
"id21328","4","Lathors Cure","Lathors Cure Hybrid Minimus","34.14-12.14-","1342",,"6","double","1","1 2 3 4 3 2",,,,
"id21329","4","Smod Hole Inn","Smod Hole Inn Hybrid Minimus","34.14.12-14-","1342",,"6","rotational","1","1 2 3 4 3 2",,,,
"id21330","4","Cherington","Cherington Hybrid Minimus","-14-14-14.34","1342",,"7",,"1","1 2 3 4 4 3 2",,,,
"id21331","4","Stanway","Stanway Hybrid Minimus","-14-34-14.34","1423",,"7",,"1","1 2 3 4 4 3 2",,,,
"id21332","4","Wyck Rissington","Wyck Rissington Hybrid Minimus","-14.12.34.12.14.34","1423",,"7",,"1","1 2 3 4 4 3 2",,,,
"id21333","4","Elmstone Hardwicke","Elmstone Hardwicke Hybrid Minimus","34.14-14-14-","1423",,"7",,"1","1 2 3 4 4 3 2",,,,
"id21334","4","Daglingworth","Daglingworth Hybrid Minimus","34.14-34-14-","1342",,"7",,"1","1 2 3 4 4 3 2",,,,
"id21335","4","Clearwell","Clearwell Hybrid Minimus","34.14.12.34.12.14-","1342",,"7",,"1","1 2 3 4 4 3 2",,,,
"id21336","4","Parsley","Parsley Hybrid Minimus","-14-12.14-12","1423",,"7",,"1","1 2 3 4 3 2 1",,,,
"id21337","4","Rosemary","Rosemary Hybrid Minimus","-14-12.14-14","1342",,"7",,"1","1 2 3 4 3 2 1",,,,
"id21338","4","Sage","Sage Hybrid Minimus","-14.12-14-12","1423",,"7",,"1","1 2 3 4 3 2 1",,,,
"id21339","4","Thyme","Thyme Hybrid Minimus","-14.12-14-14","1342",,"7",,"1","1 2 3 4 3 2 1",,,,
"id21340","4","Rhubarb","Rhubarb Hybrid Minimus","34.14-12.14.34.12","1342",,"7",,"1","1 2 3 4 3 2 1",,,,
"id21341","4","Custard","Custard Hybrid Minimus","34.14.12-14.34.12","1342",,"7",,"1","1 2 3 4 3 2 1",,,,
"id21342","4","Black Pudding","Black Pudding Hybrid Minimus","-14-14.12.14.12-12.14","1243",,"10",,"2","1 2 3 4 4 3 2 2 1 1",,,,
"id21343","4","Gertrude","Gertrude Hybrid Minimus","12-12.14-14.12-12.14.34.14","1432",,"12","palindromic","2","1 1 2 2 3 4 4 3 4 3 2 1",,,,
"id21344","4","Ada","Ada Hybrid Minimus","12-12.14.12.14.12-12.14-14","1432",,"12","palindromic","2","1 1 2 2 3 4 4 3 4 3 2 1",,,,
"id21345","4","Ma","Ma Hybrid Minimus","12-12.14-14.34-34.14.34.14","1432",,"12",,"2","1 1 2 2 3 4 4 4 3 3 2 1",,,,
"id21346","4","Ethel","Ethel Hybrid Minimus","12-12.14.12.14.34-34.14-14","1432",,"12",,"2","1 1 2 2 3 4 4 4 3 3 2 1",,,,
"id21347","4","Audrey","Audrey Hybrid Minimus","14-14.34-34.14.12.14.12-12","1432",,"12",,"2","1 1 2 3 3 4 4 4 3 2 2 1",,,,
"id21348","4","Elsie Mary","Elsie Mary Hybrid Minimus","14.34.14.34-34.14-14.12-12","1432",,"12",,"2","1 1 2 3 3 4 4 4 3 2 2 1",,,,
"id21349","4","Flat Rock","Flat Rock Hybrid Minimus","34.14.34-34.14-14.34-34.14","1243",,"12","palindromic","2","1 2 3 3 4 4 4 3 2 1 2 1",,,,
"id21350","4","Uluru","Uluru Hybrid Minimus","14.34-34.14-14.34-34.14.12","2134",,"12","palindromic","2","3 2 1 2 1 1 2 3 3 4 4 4",,,,
"id21351","4","Ermin","Ermin Little Hybrid Minimus","-34.14","1423",,"3",,"1","1 2 1",,,,
"id21352","4","Fosse","Fosse Little Hybrid Minimus","34-14","1423",,"3",,"1","1 2 1",,,,
"id21353","4","Coln Valley","Coln Valley Little Hybrid Minimus","-14.34.14.34","1423",,"5",,"1","1 2 3 3 2",,,,
"id21354","4","Churn Valley","Churn Valley Little Hybrid Minimus","34.14.34.14-","1342",,"5",,"1","1 2 3 3 2",,,,
"id21444","4","Original","Original Minimus","-14","2413",,"2","palindromic double rotational","0",,,,,
"id21445","4","Llanarthne","Llanarthne Minimus","12.14.34","4123",,"3","rotational","0",,,,,
"id21446","4","Badbury","Badbury Minimus","-14.34.14","4123",,"4","palindromic","0",,,,,
"id21447","4","Reverse Finchampstead","Reverse Finchampstead Minimus","12-12.14","2413",,"4","palindromic","0",,,,,
"id21448","4","Finchampstead","Finchampstead Minimus","34-34.14","2413",,"4","palindromic","0",,,,,
"id21449","4","Reverse Erin","Reverse Erin Minimus","-12.14.12.14.12","2413",,"6","palindromic","0",,,,,
"id21450","4","Erin","Erin Minimus","-34.14.34.14.34","2413",,"6","palindromic","0",,,,,
"id21451","4","Reverse Stanton","Reverse Stanton Minimus","12-12.14.34.14","4123",,"6","palindromic","0",,,,,
"id21452","4","Stanton","Stanton Minimus","34-34.14.12.14","2341",,"6","palindromic","0",,,,,
"id21773","4","Cross","Cross Differential Minimus","-","2143",,"1","palindromic double rotational","0",,,,,
"id21774","4","Llanarthne","Llanarthne Differential Minimus","12.34","2143",,"2","palindromic double rotational","0",,,,,
"id21775","4","St Alphege","St Alphege Differential Minimus","-14.34-34.14","4321",,"6","palindromic","0",,,,,
"id21776","4","Mr Wood's Double","Mr Wood's Double Differential Minimus","12.34.14.34.12.14","4321",,"6","palindromic double rotational","0",,,,,
"id21777","4","Ten Rides","Ten Rides Differential Minimus","34.14.12.14.34.14","4321",,"6","palindromic","0",,,,,
"id21778","4","Boatman's","Boatman's Differential Minimus","14-34.14.34-14.34","2143",,"8","palindromic","0",,,,,
"id21779","4","New Boatman's","New Boatman's Differential Minimus","14.34-14-34.14.34","2143",,"8","palindromic","0",,,,,
"id21780","4","Egloskerry","Egloskerry Differential Minimus","34.14.12-12.14.34-","3412",,"8","palindromic double rotational","0",,,,,
"id21781","4","Ayston","Ayston Differential Minimus","12.14-14.34.14.12.14-14.12.14","2143",,"12",,"0",,,,,
"id21782","4","Tinwell","Tinwell Differential Minimus","12.14-14.34.14.34.14-14.34.14","2143",,"12",,"0",,,,,
"id21783","4","Lyndon","Lyndon Differential Minimus","12.14.12.14.34.14.34.14.12.14.34.14","2143",,"12","rotational","0",,,,,
"id21784","4","Baines Johnson","Baines Johnson Differential Minimus","12.14.34.14.12.14.34.14.34.14.12.14","2143",,"12","rotational","0",,,,,
"id21785","4","Daisy","Daisy Differential Minimus","14.34-34.14.12.14.12-12.14.12","2143",,"12","palindromic","0",,,,,
"id21786","4","Reverse Tinwell","Reverse Tinwell Differential Minimus","34.14-14.12.14.12.14-14.12.14","2143",,"12",,"0",,,,,
"id21787","4","Morcott","Morcott Differential Minimus","34.14-14.12.14.34.14-14.34.14","2143",,"12",,"0",,,,,
"id21788","4","Ridlington","Ridlington Differential Minimus","34.14.34-34.14.34.14.12-12.14","2143",,"12","palindromic","0",,,,,
