"id","stage","name","title","notation"
"id4282","11","Thamesmead","Thamesmead Bob Cinques","3.1.9.36E.9.1.E.167.E.149.E,12E"
"id4283","11","Holt","Holt Bob Cinques","3.1.9.36E.9.145.36E.127.36E.9.E,12E"
"id4284","11","Overton","Overton Bob Cinques","3.1.E.3.7.38E.169.3.18E.7.E,12E"
"id4285","11","Avon Dassett","Avon Dassett Bob Cinques","3.14E.9.1.9.18E.9.145.36E.5.E,12E"
"id4286","11","Enford","Enford Bob Cinques","349.1.7.189.E.1.9.145.E.9.E,12E"
"id4287","11","Upton St Leonard","Upton St Leonard Bob Cinques","349.18E.569.18E.9.5.149.7.14E.589.E,12E"
"id4288","11","Dorcan","Dorcan Bob Cinques","349.18E.9.1.9.5.9.5.E.3.E,12E"
"id4289","11","Canterbury Pleasure","Canterbury Pleasure Bob Cinques","34E.1.E.1.E.1.E.1.E.1.E,12E"
"id4290","11","Tewkesbury","Tewkesbury Bob Cinques","369.147.E.169.7.38E.169.7.14E.369.E,12E"
"id4291","11","Zealhampton","Zealhampton Bob Cinques","5.1.7.38E.9.1.34E.5.36E.589.E,12E"
"id4292","11","Gleveham","Gleveham Bob Cinques","5.1.E.1.349.1.34E.5.14E.7.E,12E"
"id4293","11","Wiltshire","Wiltshire Bob Cinques","5.147.5.16E.7.58E.169.347.58E.9.E,12E"
"id4294","11","Lydney","Lydney Bob Cinques","5.147.58E.3.147.38E.9.123.58E.1.E,12E"
"id4295","11","Covington","Covington Bob Cinques","5.147.E.189.E.1.E.1.E.589.E,12E"
"id4296","11","Ramsborough","Ramsborough Bob Cinques","569.1.E.1.E.1.36E.145.E.149.E,12E"
"id4297","11","Corinium","Corinium Bob Cinques","569.14E.7.16E.349.1.E.3.16E.9.E,12E"
"id4298","11","Hunslet","Hunslet Bob Cinques","56E.1.E.1.E.1.E.1.E.1.E,12E"
"id4299","11","Bath","Bath Bob Cinques","589.1.7.369.78E.1.34E.1.E.149.E,12E"
"id4300","11","Yanworth","Yanworth Bob Cinques","589.1.E.1.349.58E.149.5.34E.1.E,12E"
"id4301","11","Rendham","Rendham Bob Cinques","7.14E.9.167.E.145.E.147.58E.147.E,12E"
"id4302","11","Elston","Elston Bob Cinques","7.16E.5.369.147.3.9.1.58E.167.E,12E"
"id4303","11","Elderfield","Elderfield Bob Cinques","7.18E.5.1.9.1.36E.147.58E.147.E,12E"
"id4304","11","Crazy Horse","Crazy Horse Bob Cinques","78E.1.E.1.E.1.E.1.E.1.E,12E"
"id4305","11","Middlesex","Middlesex Bob Cinques","9.1.E.1.E.1.E.1.E.1.E,129"
"id4306","11","Ridgeway","Ridgeway Bob Cinques","9.1.E.167.9.1.569.3.14E.367.E,12E"
"id4307","11","Nempnett","Nempnett Bob Cinques","90E.1.E.1.E.1.E.1.E.1.E,12E"
"id4308","11","Oddingham","Oddingham Bob Cinques","E.1.7.1.34E.589.16E.5.18E.5.E,12E"
"id4309","11","Plain","Plain Bob Cinques","E.1.E.1.E.1.E.1.E.1.E,12E"
"id4310","11","St Martin's","St Martin's Bob Cinques","E.1.E.123.E.123.E.123.E.123.E,12E"
"id4311","11","Julie McDonnell New","Julie McDonnell New Bob Cinques","E.1.E.3.E.123.E.123.E.123.E,129"
"id4312","11","St Simon's","St Simon's Bob Cinques","E.1.E.3.E.3.E.3.E.3.E,12E"
"id4313","11","Leiden","Leiden Little Bob Cinques","3.1.5.3.5,12E"
"id4314","11","Miserden","Miserden Little Bob Cinques","3.14E.5.1.5,12E"
"id4315","11","Century","Century Little Bob Cinques","5.1.5.1.5,12E"
"id4316","11","Twerton","Twerton Little Bob Cinques","E.1.E.1.5,12E"
"id4317","11","Stonesfield","Stonesfield Little Bob Cinques","E.1.58E.1.78E.145.7,12E"
"id4318","11","Little Penultimus","Little Penultimus Little Place Cinques","E.1.E.1.E.1.E.1.E.10E,1"
"id4319","11","Wake Court","Wake Court Bob Cinques","3,1.5.1.E.3.9.1.E.7.E.1"
"id4320","11","Marlborough","Marlborough Bob Cinques","3,1.5.1.E.3.E.1.E.1.E.9"
"id4321","11","Shropshire","Shropshire Bob Cinques","3,1.5.16E.9.3.E.5.E.5.14E.7"
"id4322","11","Aldborough","Aldborough Bob Cinques","3,1.58E.1.7.18E.349.1.36E.147.E.9"
"id4323","11","Essex","Essex Bob Cinques","3,1.E.1.7.3.9.145.E.7.12E.3"
"id4324","11","Itchen","Itchen Bob Cinques","3,1.E.1.7.3.9.145.E.7.E.3"
"id4325","11","Axbridge","Axbridge Bob Cinques","3,1.E.1.9.18E.349.1.E.1.E.1"
"id4326","11","Market Lavington","Market Lavington Bob Cinques","3,1.E.1.9.3.9.3.E.1.E.1"
"id4327","11","Ideford","Ideford Bob Cinques","3,1.E.1.9.38E.149.3.E.1.E.1"
"id4328","11","Kinnersley","Kinnersley Bob Cinques","3,1.E.1.E.1.9.1.E.1.34E.5"
"id4329","11","Richmond","Richmond Bob Cinques","3,1.E.1.E.1.9.1.E.1.E.5"
"id4330","11","Fulbeck","Fulbeck Bob Cinques","3,1.E.1.E.1.E.1.E.1.34E.9"
"id4331","11","Leadenham","Leadenham Bob Cinques","3,1.E.1.E.1.E.1.E.1.56E.9"
"id4332","11","Hackington","Hackington Bob Cinques","3,1.E.1.E.1.E.1.E.1.78E.9"
"id4333","11","Grandsire","Grandsire Cinques","3,1.E.1.E.1.E.1.E.1.E.1"
"id4334","11","Double Grandsire","Double Grandsire Cinques","3,1.E.1.E.1.E.1.E.1.E.9"
"id4335","11","Rickmansworth","Rickmansworth Bob Cinques","3,1.E.1.E.1.E.1.E.145.36E.9"
"id4336","11","Regina","Regina Bob Cinques","3,1.E.1.E.1.E.1.E.167.58E.9"
"id4337","11","Buxton","Buxton Bob Cinques","3,1.E.1.E.123.E.123.E.123.E.3"
"id4338","11","Fishwick","Fishwick Bob Cinques","3,1.E.1.E.123.E.123.E.3.E.3"
"id4339","11","Coniston","Coniston Bob Cinques","3,1.E.1.E.123.E.3.12E.3.E.3"
"id4340","11","Windermere College","Windermere College Bob Cinques","3,1.E.1.E.123.E.3.E.123.E.3"
"id4341","11","Fielden","Fielden Bob Cinques","3,1.E.1.E.123.E.3.E.3.12E.3"
"id4342","11","Scholfield","Scholfield Bob Cinques","3,1.E.1.E.123.E.3.E.3.E.3"
"id4343","11","Hawkshead","Hawkshead Bob Cinques","3,1.E.1.E.3.12E.3.12E.3.E.3"
"id4344","11","Batley","Batley Bob Cinques","3,1.E.1.E.3.12E.3.E.123.E.3"
"id4345","11","Everleigh","Everleigh Bob Cinques","3,1.E.1.E.3.12E.3.E.3.12E.3"
"id4346","11","Childwall","Childwall Bob Cinques","3,1.E.1.E.3.12E.3.E.3.E.3"
"id4347","11","Battle","Battle Bob Cinques","3,1.E.1.E.3.E.123.E.123.E.3"
"id4348","11","Adlington","Adlington Bob Cinques","3,1.E.1.E.3.E.123.E.3.12E.3"
"id4349","11","Langdale College","Langdale College Bob Cinques","3,1.E.1.E.3.E.123.E.3.E.3"
"id4350","11","Lewes","Lewes Bob Cinques","3,1.E.1.E.3.E.3.12E.3.12E.3"
"id4351","11","Seaford","Seaford Bob Cinques","3,1.E.1.E.3.E.3.12E.3.E.3"
"id4352","11","Blackley","Blackley Bob Cinques","3,1.E.1.E.3.E.3.E.123.E.3"
"id4353","11","Tolleshunt D'Arcy","Tolleshunt D'Arcy Bob Cinques","3,1.E.1.E.3.E.3.E.3.12E.3"
"id4354","11","St Clement's College","St Clement's College Bob Cinques","3,1.E.1.E.3.E.3.E.3.E.3"
"id4355","11","Lammas","Lammas Bob Cinques","3,1.E.167.9.38E.149.5.36E.145.E.3"
"id4356","11","Aynho","Aynho Bob Cinques","3,1.E.167.E.1.E.1.56E.1.E.1"
"id4357","11","Perranzabuloe","Perranzabuloe Bob Cinques","3,1.E.167.E.1.E.1.E.123.78E.3"
"id4358","11","Avening","Avening Bob Cinques","3,1.E.167.E.1.E.1.E.3.78E.3"
"id4359","11","Minal","Minal Bob Cinques","3,1.E.169.7.1.349.1.36E.147.E.7"
"id4360","11","Eldersfield","Eldersfield Bob Cinques","3,1.E.169.7.123.E.125.E.125.78E.5"
"id4361","11","Heddington","Heddington Bob Cinques","3,1.E.169.7.123.E.125.E.5.78E.5"
"id4362","11","Idmiston","Idmiston Bob Cinques","3,1.E.169.7.123.E.5.12E.5.78E.5"
"id4363","11","Rowde","Rowde Bob Cinques","3,1.E.169.7.123.E.5.E.125.78E.5"
"id4364","11","Stoulton","Stoulton Bob Cinques","3,1.E.169.7.123.E.5.E.345.78E.5"
"id4365","11","Sevenhampton","Sevenhampton Bob Cinques","3,1.E.169.7.123.E.5.E.5.78E.5"
"id4366","11","Overbury Imperial","Overbury Imperial Bob Cinques","3,1.E.169.7.3.12E.5.12E.5.78E.5"
"id4367","11","Ripple","Ripple Bob Cinques","3,1.E.169.7.3.12E.5.E.125.78E.5"
"id4368","11","Tenbury","Tenbury Bob Cinques","3,1.E.169.7.3.12E.5.E.345.78E.5"
"id4369","11","Tilshead","Tilshead Bob Cinques","3,1.E.169.7.3.12E.5.E.5.78E.5"
"id4370","11","Dartmoor","Dartmoor Bob Cinques","3,1.E.169.7.3.14E.5.14E.5.78E.5"
"id4371","11","Cropthorne","Cropthorne Bob Cinques","3,1.E.169.7.3.E.125.E.125.78E.5"
"id4372","11","Elmley Castle","Elmley Castle Bob Cinques","3,1.E.169.7.3.E.125.E.345.78E.5"
"id4373","11","Lyneham","Lyneham Bob Cinques","3,1.E.169.7.3.E.125.E.5.78E.5"
"id4374","11","Somerleyton","Somerleyton Bob Cinques","3,1.E.169.7.3.E.3.14E.5.12E.9"
"id4375","11","Savernake","Savernake Bob Cinques","3,1.E.169.7.3.E.3.14E.5.E.9"
"id4376","11","Imber","Imber Bob Cinques","3,1.E.169.7.3.E.5.12E.5.78E.5"
"id4377","11","Wilton Imperial","Wilton Imperial Bob Cinques","3,1.E.169.7.3.E.5.E.125.78E.5"
"id4378","11","Rock","Rock Bob Cinques","3,1.E.169.7.3.E.5.E.345.78E.5"
"id4379","11","Erlestoke","Erlestoke Bob Cinques","3,1.E.169.7.3.E.5.E.5.78E.5"
"id4380","11","Etchingley","Etchingley Bob Cinques","3,1.E.169.7.38E.9.3.E.147.58E.7"
"id4381","11","Ufford","Ufford Bob Cinques","3,1.E.169.78E.3.12E.5.36E.5.16E.7"
"id4382","11","Redruth","Redruth Bob Cinques","3,1.E.169.E.189.E.145.E.127.34E.9"
"id4383","11","North Hill","North Hill Bob Cinques","3,1.E.169.E.189.E.145.E.127.56E.9"
"id4384","11","Otterham","Otterham Bob Cinques","3,1.E.169.E.189.E.145.E.127.E.9"
"id4385","11","Liskeard","Liskeard Bob Cinques","3,1.E.169.E.189.E.145.E.347.12E.9"
"id4386","11","Launceston","Launceston Bob Cinques","3,1.E.169.E.189.E.145.E.347.E.9"
"id4387","11","Crowan","Crowan Bob Cinques","3,1.E.169.E.189.E.145.E.7.12E.9"
"id4388","11","Wendron","Wendron Bob Cinques","3,1.E.169.E.189.E.145.E.7.34E.9"
"id4389","11","Altarnun","Altarnun Bob Cinques","3,1.E.169.E.189.E.145.E.7.56E.9"
"id4390","11","Saltash","Saltash Bob Cinques","3,1.E.169.E.189.E.145.E.7.E.9"
"id4391","11","Fosse","Fosse Bob Cinques","3,1.E.169.E.189.E.3.14E.7.16E.3"
"id4392","11","Rockbeare","Rockbeare Bob Cinques","3,1.E.169.E.3.9.3.14E.5.36E.9"
"id4393","11","Lacock","Lacock Bob Cinques","3,1.E.189.7.38E.9.1.E.1.E.1"
"id4394","11","Elkstone","Elkstone Bob Cinques","3,1.E.189.E.123.9.123.E.7.58E.7"
"id4395","11","Stone","Stone Bob Cinques","3,1.E.189.E.123.9.3.12E.7.58E.7"
"id4396","11","Tirley Imperial","Tirley Imperial Bob Cinques","3,1.E.189.E.123.9.3.E.127.58E.7"
"id4397","11","Chedworth","Chedworth Bob Cinques","3,1.E.189.E.123.9.3.E.7.58E.7"
"id4398","11","Upton","Upton Bob Cinques","3,1.E.189.E.3.129.3.E.7.58E.7"
"id4399","11","Gloucester Imperial","Gloucester Imperial Bob Cinques","3,1.E.189.E.3.9.123.E.127.58E.7"
"id4400","11","Oddington","Oddington Bob Cinques","3,1.E.189.E.3.9.123.E.7.58E.7"
"id4401","11","Longhope","Longhope Bob Cinques","3,1.E.189.E.3.9.3.12E.7.58E.7"
"id4402","11","Glevum","Glevum Bob Cinques","3,1.E.189.E.3.9.3.E.127.58E.7"
"id4403","11","Rendcomb","Rendcomb Bob Cinques","3,1.E.189.E.3.9.3.E.7.58E.7"
"id4404","11","Nunburnholme","Nunburnholme Bob Cinques","3,145.78E.1.9.18E.9.5.16E.345.78E.3"
"id4405","11","East Pennard","East Pennard Bob Cinques","3,147.5.18E.9.3.E.5.16E.5.36E.5"
"id4406","11","Ogborough","Ogborough Bob Cinques","3,149.E.189.E.389.14E.3.E.345.16E.5"
"id4407","11","St James","St James Bob Cinques","3,14E.5.16E.7.18E.9.1.E.1.E.7"
"id4408","11","Great Bedwyn","Great Bedwyn Bob Cinques","3,14E.589.16E.7.3.14E.5.E.5.38E.5"
"id4409","11","Bodmin","Bodmin Bob Cinques","3,14E.9.16E.9.1.9.145.E.7.58E.7"
"id4410","11","Iken","Iken Bob Cinques","3,14E.9.16E.9.18E.9.145.36E.127.36E.7"
"id4411","11","Brecon","Brecon Bob Cinques","3,14E.9.16E.9.18E.9.145.36E.7.36E.7"
"id4412","11","Alton Priors","Alton Priors Bob Cinques","3,16E.9.1.78E.3.9.1.E.145.78E.5"
"id4413","11","Queen Camel","Queen Camel Bob Cinques","3,18E.5.169.E.3.14E.3.16E.5.14E.5"
"id4414","11","Cambridgeshire Court","Cambridgeshire Court Bob Cinques","E,1.5.1.7.3.9.1.E.3.E.1"
"id4415","11","Double Norwich Court","Double Norwich Court Bob Cinques","E,1.5.1.E.3.9.1.E.7.E.1"
"id4416","11","Single Surfleet Court","Single Surfleet Court Bob Cinques","E,1.E.1.7.1.E.1.E.1.E.1"
"id4417","11","Double Surfleet Court","Double Surfleet Court Bob Cinques","E,1.E.1.7.1.E.5.E.1.E.1"
"id4418","11","New London Court","New London Court Bob Cinques","E,1.E.1.E.1.9.1.E.1.E.5"
"id4419","11","Cleatham","Cleatham Bob Cinques","E,1.E.1.E.1.E.1.E.1.34E.9"
"id4420","11","Cleethorpes","Cleethorpes Bob Cinques","E,1.E.1.E.1.E.1.E.1.56E.9"
"id4421","11","Canterbury","Canterbury Bob Cinques","E,1.E.1.E.1.E.1.E.1.78E.9"
"id4422","11","Reverse Grandsire","Reverse Grandsire Cinques","E,1.E.1.E.1.E.1.E.1.E.9"
"id4423","11","Trowbridge","Trowbridge Bob Cinques","E,1.E.1.E.1.E.1.E.145.36E.9"
"id4424","11","Rutherford","Rutherford Bob Cinques","E,1.E.1.E.1.E.1.E.167.58E.9"
"id4425","11","Bromsgrove","Bromsgrove Bob Cinques","E,1.E.1.E.3.12E.3.12E.3.E.3"
"id4426","11","Rous Lench","Rous Lench Bob Cinques","E,1.E.1.E.3.12E.3.E.123.E.3"
"id4427","11","Elcombe","Elcombe Bob Cinques","E,1.E.1.E.3.12E.3.E.3.12E.3"
"id4428","11","Wavertree","Wavertree Bob Cinques","E,1.E.1.E.3.12E.3.E.3.E.3"
"id4429","11","Trentham","Trentham Bob Cinques","E,1.E.1.E.3.E.123.E.3.E.3"
"id4430","11","Mavesyn Ridware","Mavesyn Ridware Bob Cinques","E,1.E.1.E.3.E.3.12E.3.E.3"
"id4431","11","Lesser Wopping","Lesser Wopping Bob Cinques","E,1.E.1.E.3.E.3.E.123.E.3"
"id4432","11","Ogden","Ogden Bob Cinques","E,1.E.1.E.3.E.3.E.3.12E.3"
"id4433","11","Crayford College","Crayford College Bob Cinques","E,1.E.1.E.3.E.3.E.3.E.3"
"id4434","11","Bisham","Bisham Bob Cinques","E,1.E.167.E.1.E.1.E.3.78E.3"
"id4435","11","Highclere","Highclere Bob Cinques","E,1.E.169.7.123.E.125.E.5.78E.5"
"id4436","11","Isle of Wight","Isle of Wight Bob Cinques","E,1.E.169.7.123.E.5.12E.5.78E.5"
"id4437","11","Ropley","Ropley Bob Cinques","E,1.E.169.7.123.E.5.E.125.78E.5"
"id4438","11","Sopley","Sopley Bob Cinques","E,1.E.169.7.123.E.5.E.5.78E.5"
"id4439","11","Woodhenge","Woodhenge Bob Cinques","E,1.E.169.7.18E.9.3.56E.1.56E.3"
"id4440","11","Privett","Privett Bob Cinques","E,1.E.169.7.3.12E.5.E.5.78E.5"
"id4441","11","Mottisfont","Mottisfont Bob Cinques","E,1.E.169.7.3.E.125.E.5.78E.5"
"id4442","11","Amport","Amport Bob Cinques","E,1.E.169.7.3.E.5.12E.5.78E.5"
"id4443","11","Hampshire","Hampshire Bob Cinques","E,1.E.169.7.3.E.5.E.125.78E.5"
"id4444","11","Ellisfield","Ellisfield Bob Cinques","E,1.E.169.7.3.E.5.E.5.78E.5"
"id4445","11","Cunetio","Cunetio Bob Cinques","E,1.E.169.78E.1.349.1.E.167.E.5"
"id4446","11","Netheravon","Netheravon Bob Cinques","E,1.E.169.78E.1.9.1.E.367.E.1"
"id4447","11","Reading","Reading Bob Cinques","E,1.E.169.E.189.E.145.E.127.34E.9"
"id4448","11","Kintbury","Kintbury Bob Cinques","E,1.E.169.E.189.E.145.E.127.56E.9"
"id4449","11","East Garston","East Garston Bob Cinques","E,1.E.169.E.189.E.145.E.127.E.9"
"id4450","11","Radley Imperial","Radley Imperial Bob Cinques","E,1.E.169.E.189.E.145.E.347.12E.9"
"id4451","11","Inkpen","Inkpen Bob Cinques","E,1.E.169.E.189.E.145.E.347.E.9"
"id4452","11","Beedon","Beedon Bob Cinques","E,1.E.169.E.189.E.145.E.7.12E.9"
"id4453","11","Shrivenham","Shrivenham Bob Cinques","E,1.E.169.E.189.E.145.E.7.34E.9"
"id4454","11","Hungerford","Hungerford Bob Cinques","E,1.E.169.E.189.E.145.E.7.56E.9"
"id4455","11","Englefield","Englefield Bob Cinques","E,1.E.169.E.189.E.145.E.7.E.9"
"id4456","11","Letcombe Bassett","Letcombe Bassett Bob Cinques","E,1.E.189.7.3.14E.3.E.1.E.1"
"id4457","11","Skilgate","Skilgate Bob Cinques","E,1.E.189.E.123.9.123.E.7.58E.7"
"id4458","11","Exford","Exford Bob Cinques","E,1.E.189.E.123.9.3.12E.7.58E.7"
"id4459","11","Thorn Falcon","Thorn Falcon Bob Cinques","E,1.E.189.E.123.9.3.E.127.58E.7"
"id4460","11","Road","Road Bob Cinques","E,1.E.189.E.123.9.3.E.7.58E.7"
"id4461","11","Englishcombe","Englishcombe Bob Cinques","E,1.E.189.E.3.129.3.E.7.58E.7"
"id4462","11","Kennet","Kennet Bob Cinques","E,1.E.189.E.3.14E.3.E.1.E.9"
"id4463","11","Rowdean","Rowdean Bob Cinques","E,1.E.189.E.3.9.1.E.3.E.1"
"id4464","11","Mudford","Mudford Bob Cinques","E,1.E.189.E.3.9.123.E.7.58E.7"
"id4465","11","Old Cleeve","Old Cleeve Bob Cinques","E,1.E.189.E.3.9.3.12E.7.58E.7"
"id4466","11","Somerset","Somerset Bob Cinques","E,1.E.189.E.3.9.3.E.127.58E.7"
"id4467","11","Spaxton","Spaxton Bob Cinques","E,1.E.189.E.3.9.3.E.7.58E.7"
"id4468","11","Keevil","Keevil Bob Cinques","E,1.E.189.E.389.12E.3.E.1.E.3"
"id4469","11","Exmoor","Exmoor Bob Cinques","E,169.E.169.7.18E.349.1.56E.7.58E.7"
"id4470","11","Bastow","Bastow Little Bob Cinques","E,1.3.1"
"id4471","11","Bedwyn Parva","Bedwyn Parva Little Bob Cinques","3,14E.9.14E.9"
"id4472","11","Little Grandsire","Little Grandsire Cinques","3,1.E.1.5.1"
"id4473","11","St Lawrence","St Lawrence Little Bob Cinques","3,14E.5.1.5.1"
"id4474","11","Glamorgan","Glamorgan Little Bob Cinques","E,167.5.16E.7.36E.7"
"id4475","11","Gainsborough","Gainsborough Little Bob Cinques","3,1.E.1.E.1.7.1"
"id4476","11","Wellington","Wellington Little Bob Cinques","E,1.E.1.E.1.7.1"
"id4477","11","Devon","Devon Little Bob Cinques","E,149.567.18E.7.189.E.589.E"
"id4478","11","Welland","Welland Little Bob Cinques","3,1.E.169.7.3.E.5.9.7"
"id4479","11","Upwey","Upwey Little Bob Cinques","3,14E.9.16E.9.1.9.145.9.5"
"id4480","11","Oxfordshire","Oxfordshire Little Bob Cinques","3,167.58E.169.7.389.E.1.9.1"
"id4481","11","York","York Little Bob Cinques","E.1.E.14E,14E"
"id14068","11","St Philip's","St Philip's Little Surprise Cinques","9.7.E.149.7.9.7.369.14E.7.9.167,1"
"id20406","11","Regulus","Regulus Alliance Cinques","345.1.345.E.345.1.345.E.345.1.345.E.345.1.345.E.345.1.345.E,12E"
"id21309","11","Kent","Kent Treble Place Cinques","34E.E.34E.1.E.12E.E.1.E.12E.E.1.E.12E.E.1.E.12E.E.1.E.12E,1"
"id21749","11","Original","Original Cinques","E.1"
"id21750","11","Titanic","Titanic Cinques","E.1.E.3"
"id21751","11","Erin","Erin Cinques","E.3.1.3.1.3"
"id21752","11","Nirerin","Nirerin Cinques","9.E.9.E.9.3.1.3.1.3"
"id21753","11","Brunel","Brunel Cinques","1.3.E.1.3.1.3.1.E.3.1.E"
"id21754","11","Cabot","Cabot Cinques","3.1.E.1.3.E.3.1.E.1.3.1"
"id21755","11","Stedman","Stedman Cinques","3.1.E.3.1.3.1.3.E.1.3.1"
"id21756","11","Birmingham Carter","Birmingham Carter Cinques","3.1.E.3.1.3.1.3.E.1.3.E"
"id21757","11","Tyler's","Tyler's Cinques","5.1.5.1.5.1.5.E.1.3.1.E"
"id21758","11","Carter","Carter Cinques","E.3.1.3.E.1.3.5.3.5.3.1"
"id22108","11","Baldrick","Baldrick Differential Little Bob Cinques","E.1.E.14E,12E"
