[
  {
    "id": "id2271",
    "stage": "7",
    "name": "Yorkshire Wolds",
    "title": "Yorkshire Wolds Bob Triples",
    "notation": "3.1.5.1.7.1.7,147"
  },
  {
    "id": "id2272",
    "stage": "7",
    "name": "Mulbarton",
    "title": "Mulbarton Bob Triples",
    "notation": "3.1.5.1.7.145.7,127"
  },
  {
    "id": "id2273",
    "stage": "7",
    "name": "Giles",
    "title": "Giles Bob Triples",
    "notation": "3.1.5.123.7.12345.7,127"
  },
  {
    "id": "id2274",
    "stage": "7",
    "name": "Piccadilly",
    "title": "Piccadilly Bob Triples",
    "notation": "3.1.5.123.7.125.7,127"
  },
  {
    "id": "id2275",
    "stage": "7",
    "name": "Ronald",
    "title": "Ronald Bob Triples",
    "notation": "3.1.5.123.7.345.7,127"
  },
  {
    "id": "id2276",
    "stage": "7",
    "name": "Bakerloo",
    "title": "Bakerloo Bob Triples",
    "notation": "3.1.5.123.7.5.7,127"
  },
  {
    "id": "id2277",
    "stage": "7",
    "name": "Hamish",
    "title": "Hamish Bob Triples",
    "notation": "3.1.5.3.127.345.7,127"
  },
  {
    "id": "id2278",
    "stage": "7",
    "name": "Elmham",
    "title": "Elmham Bob Triples",
    "notation": "3.1.5.3.127.5.7,127"
  },
  {
    "id": "id2279",
    "stage": "7",
    "name": "Stansted",
    "title": "Stansted Bob Triples",
    "notation": "3.1.5.3.147.3.7,127"
  },
  {
    "id": "id2280",
    "stage": "7",
    "name": "Margaret",
    "title": "Margaret Bob Triples",
    "notation": "3.1.5.3.7.12345.7,127"
  },
  {
    "id": "id2281",
    "stage": "7",
    "name": "St Stephen",
    "title": "St Stephen Bob Triples",
    "notation": "3.1.5.3.7.125.7,127"
  },
  {
    "id": "id2282",
    "stage": "7",
    "name": "Susan",
    "title": "Susan Bob Triples",
    "notation": "3.1.5.3.7.345.7,127"
  },
  {
    "id": "id2283",
    "stage": "7",
    "name": "Waterloo Reverse",
    "title": "Waterloo Reverse Bob Triples",
    "notation": "3.1.5.3.7.5.167,1"
  },
  {
    "id": "id2284",
    "stage": "7",
    "name": "Waterloo",
    "title": "Waterloo Bob Triples",
    "notation": "3.1.5.3.7.5.7,127"
  },
  {
    "id": "id2285",
    "stage": "7",
    "name": "German Bight",
    "title": "German Bight Bob Triples",
    "notation": "3.1.567.123.7.12345.7,127"
  },
  {
    "id": "id2286",
    "stage": "7",
    "name": "Ecclefechan",
    "title": "Ecclefechan Bob Triples",
    "notation": "3.1.567.123.7.125.7,127"
  },
  {
    "id": "id2287",
    "stage": "7",
    "name": "Thames",
    "title": "Thames Bob Triples",
    "notation": "3.1.567.123.7.345.7,127"
  },
  {
    "id": "id2288",
    "stage": "7",
    "name": "Woodhouse",
    "title": "Woodhouse Bob Triples",
    "notation": "3.1.567.123.7.5.7,127"
  },
  {
    "id": "id2289",
    "stage": "7",
    "name": "Biscay",
    "title": "Biscay Bob Triples",
    "notation": "3.1.567.3.127.345.7,127"
  },
  {
    "id": "id2290",
    "stage": "7",
    "name": "Parkgate",
    "title": "Parkgate Bob Triples",
    "notation": "3.1.567.3.127.5.7,127"
  },
  {
    "id": "id2291",
    "stage": "7",
    "name": "Dogger",
    "title": "Dogger Bob Triples",
    "notation": "3.1.567.3.7.12345.7,127"
  },
  {
    "id": "id2292",
    "stage": "7",
    "name": "Handsworth",
    "title": "Handsworth Bob Triples",
    "notation": "3.1.567.3.7.125.7,127"
  },
  {
    "id": "id2293",
    "stage": "7",
    "name": "Fisher",
    "title": "Fisher Bob Triples",
    "notation": "3.1.567.3.7.345.7,127"
  },
  {
    "id": "id2294",
    "stage": "7",
    "name": "Sheffield",
    "title": "Sheffield Bob Triples",
    "notation": "3.1.567.3.7.5.7,127"
  },
  {
    "id": "id2295",
    "stage": "7",
    "name": "Huntspill",
    "title": "Huntspill Bob Triples",
    "notation": "3.1.7.123.7.123.7,127"
  },
  {
    "id": "id2296",
    "stage": "7",
    "name": "Remembrance Day",
    "title": "Remembrance Day Bob Triples",
    "notation": "3.1.7.3.147.5.7,127"
  },
  {
    "id": "id2297",
    "stage": "7",
    "name": "New",
    "title": "New Bob Triples",
    "notation": "3.1.7.3.7.3.7,127"
  },
  {
    "id": "id2298",
    "stage": "7",
    "name": "Stiltshire",
    "title": "Stiltshire Bob Triples",
    "notation": "3.145.7.1.7.1.7,125"
  },
  {
    "id": "id2299",
    "stage": "7",
    "name": "Paston",
    "title": "Paston Bob Triples",
    "notation": "3.145.7.3.7.3.7,127"
  },
  {
    "id": "id2300",
    "stage": "7",
    "name": "Croydon",
    "title": "Croydon Bob Triples",
    "notation": "3.147.5.1.7.5.167,1"
  },
  {
    "id": "id2301",
    "stage": "7",
    "name": "Shipway",
    "title": "Shipway Place Triples",
    "notation": "3.147.5.167.7.1.7,127"
  },
  {
    "id": "id2302",
    "stage": "7",
    "name": "Westminster II",
    "title": "Westminster II Bob Triples",
    "notation": "3.147.5.367.7.3.7,127"
  },
  {
    "id": "id2303",
    "stage": "7",
    "name": "Rondo",
    "title": "Rondo Bob Triples",
    "notation": "3.167.5.123.7.12345.7,127"
  },
  {
    "id": "id2304",
    "stage": "7",
    "name": "Pythagorean",
    "title": "Pythagorean Bob Triples",
    "notation": "3.167.5.123.7.125.7,127"
  },
  {
    "id": "id2305",
    "stage": "7",
    "name": "Toccata",
    "title": "Toccata Bob Triples",
    "notation": "3.167.5.123.7.345.7,127"
  },
  {
    "id": "id2306",
    "stage": "7",
    "name": "Marylebone",
    "title": "Marylebone Bob Triples",
    "notation": "3.167.5.123.7.5.7,127"
  },
  {
    "id": "id2307",
    "stage": "7",
    "name": "Palestrina",
    "title": "Palestrina Bob Triples",
    "notation": "3.167.5.3.127.345.7,127"
  },
  {
    "id": "id2308",
    "stage": "7",
    "name": "Century",
    "title": "Century Bob Triples",
    "notation": "3.167.5.3.127.5.7,127"
  },
  {
    "id": "id2309",
    "stage": "7",
    "name": "Facade",
    "title": "Facade Bob Triples",
    "notation": "3.167.5.3.7.12345.7,127"
  },
  {
    "id": "id2310",
    "stage": "7",
    "name": "Lundy",
    "title": "Lundy Bob Triples",
    "notation": "3.167.5.3.7.125.7,127"
  },
  {
    "id": "id2311",
    "stage": "7",
    "name": "Passacaglia",
    "title": "Passacaglia Bob Triples",
    "notation": "3.167.5.3.7.345.7,127"
  },
  {
    "id": "id2312",
    "stage": "7",
    "name": "Tinsley",
    "title": "Tinsley Bob Triples",
    "notation": "3.167.5.3.7.5.7,127"
  },
  {
    "id": "id2313",
    "stage": "7",
    "name": "East Ilsley",
    "title": "East Ilsley Bob Triples",
    "notation": "345.1.127.123.7.12345.7,125"
  },
  {
    "id": "id2314",
    "stage": "7",
    "name": "Plaza",
    "title": "Plaza Bob Triples",
    "notation": "345.1.5.123.7.12345.7,127"
  },
  {
    "id": "id2315",
    "stage": "7",
    "name": "Salford",
    "title": "Salford Bob Triples",
    "notation": "345.1.5.123.7.125.7,127"
  },
  {
    "id": "id2316",
    "stage": "7",
    "name": "Robert",
    "title": "Robert Bob Triples",
    "notation": "345.1.5.123.7.345.7,127"
  },
  {
    "id": "id2317",
    "stage": "7",
    "name": "Abba",
    "title": "Abba Bob Triples",
    "notation": "345.1.5.123.7.5.7,127"
  },
  {
    "id": "id2318",
    "stage": "7",
    "name": "Biryani",
    "title": "Biryani Bob Triples",
    "notation": "345.1.5.3.127.345.7,127"
  },
  {
    "id": "id2319",
    "stage": "7",
    "name": "Flat-iron",
    "title": "Flat-iron Bob Triples",
    "notation": "345.1.5.3.127.5.7,127"
  },
  {
    "id": "id2320",
    "stage": "7",
    "name": "Marcus",
    "title": "Marcus Bob Triples",
    "notation": "345.1.5.3.7.12345.7,127"
  },
  {
    "id": "id2321",
    "stage": "7",
    "name": "Thermopylae",
    "title": "Thermopylae Bob Triples",
    "notation": "345.1.5.3.7.125.7,127"
  },
  {
    "id": "id2322",
    "stage": "7",
    "name": "Ian",
    "title": "Ian Bob Triples",
    "notation": "345.1.5.3.7.345.7,127"
  },
  {
    "id": "id2323",
    "stage": "7",
    "name": "Trafalgar",
    "title": "Trafalgar Bob Triples",
    "notation": "345.1.5.3.7.5.7,127"
  },
  {
    "id": "id2324",
    "stage": "7",
    "name": "Tyne",
    "title": "Tyne Bob Triples",
    "notation": "345.1.567.123.7.12345.7,127"
  },
  {
    "id": "id2325",
    "stage": "7",
    "name": "Attercliffe",
    "title": "Attercliffe Bob Triples",
    "notation": "345.1.567.123.7.125.7,127"
  },
  {
    "id": "id2326",
    "stage": "7",
    "name": "Ronaldsway",
    "title": "Ronaldsway Bob Triples",
    "notation": "345.1.567.123.7.345.7,127"
  },
  {
    "id": "id2327",
    "stage": "7",
    "name": "Brightside",
    "title": "Brightside Bob Triples",
    "notation": "345.1.567.123.7.5.7,127"
  },
  {
    "id": "id2328",
    "stage": "7",
    "name": "Shannon",
    "title": "Shannon Bob Triples",
    "notation": "345.1.567.3.127.345.7,127"
  },
  {
    "id": "id2329",
    "stage": "7",
    "name": "Darnall",
    "title": "Darnall Bob Triples",
    "notation": "345.1.567.3.127.5.7,127"
  },
  {
    "id": "id2330",
    "stage": "7",
    "name": "Finnisterre",
    "title": "Finnisterre Bob Triples",
    "notation": "345.1.567.3.7.12345.7,127"
  },
  {
    "id": "id2331",
    "stage": "7",
    "name": "Aldewarke",
    "title": "Aldewarke Bob Triples",
    "notation": "345.1.567.3.7.125.7,127"
  },
  {
    "id": "id2332",
    "stage": "7",
    "name": "Patmos",
    "title": "Patmos Bob Triples",
    "notation": "345.1.567.3.7.345.7,127"
  },
  {
    "id": "id2333",
    "stage": "7",
    "name": "Roundwood",
    "title": "Roundwood Bob Triples",
    "notation": "345.1.567.3.7.5.7,127"
  },
  {
    "id": "id2334",
    "stage": "7",
    "name": "St Peter Port",
    "title": "St Peter Port Bob Triples",
    "notation": "345.1.7.1.7.1.7,125"
  },
  {
    "id": "id2335",
    "stage": "7",
    "name": "Highclere New",
    "title": "Highclere New Bob Triples",
    "notation": "345.1.7.123.7.12345.7,125"
  },
  {
    "id": "id2336",
    "stage": "7",
    "name": "Hungerford New",
    "title": "Hungerford New Bob Triples",
    "notation": "345.1.7.123.7.5.7,125"
  },
  {
    "id": "id2337",
    "stage": "7",
    "name": "Ashmore Green",
    "title": "Ashmore Green Bob Triples",
    "notation": "345.1.7.3.7.5.7,125"
  },
  {
    "id": "id2338",
    "stage": "7",
    "name": "Lune",
    "title": "Lune Bob Triples",
    "notation": "345.167.5.123.7.12345.7,127"
  },
  {
    "id": "id2339",
    "stage": "7",
    "name": "Wye",
    "title": "Wye Bob Triples",
    "notation": "345.167.5.123.7.125.7,127"
  },
  {
    "id": "id2340",
    "stage": "7",
    "name": "Healey",
    "title": "Healey Bob Triples",
    "notation": "345.167.5.123.7.345.7,127"
  },
  {
    "id": "id2341",
    "stage": "7",
    "name": "Humber",
    "title": "Humber Bob Triples",
    "notation": "345.167.5.123.7.5.7,127"
  },
  {
    "id": "id2342",
    "stage": "7",
    "name": "Heywood",
    "title": "Heywood Bob Triples",
    "notation": "345.167.5.12367.7.5.7,127"
  },
  {
    "id": "id2343",
    "stage": "7",
    "name": "Ceviche",
    "title": "Ceviche Bob Triples",
    "notation": "345.167.5.3.127.345.7,127"
  },
  {
    "id": "id2344",
    "stage": "7",
    "name": "Trent",
    "title": "Trent Bob Triples",
    "notation": "345.167.5.3.127.5.7,127"
  },
  {
    "id": "id2345",
    "stage": "7",
    "name": "Shawclough",
    "title": "Shawclough Bob Triples",
    "notation": "345.167.5.3.7.12345.7,127"
  },
  {
    "id": "id2346",
    "stage": "7",
    "name": "Severn",
    "title": "Severn Bob Triples",
    "notation": "345.167.5.3.7.125.7,127"
  },
  {
    "id": "id2347",
    "stage": "7",
    "name": "Ellwoodii",
    "title": "Ellwoodii Bob Triples",
    "notation": "345.167.5.3.7.345.7,127"
  },
  {
    "id": "id2348",
    "stage": "7",
    "name": "Avon",
    "title": "Avon Bob Triples",
    "notation": "345.167.5.3.7.5.7,127"
  },
  {
    "id": "id2349",
    "stage": "7",
    "name": "Westminster Abbey Coronation",
    "title": "Westminster Abbey Coronation Place Triples",
    "notation": "34567.1.127.123.127.123.7,127"
  },
  {
    "id": "id2350",
    "stage": "7",
    "name": "Balmoral on Royal Deeside",
    "title": "Balmoral on Royal Deeside Bob Triples",
    "notation": "34567.1.127.123.127.3.7,127"
  },
  {
    "id": "id2351",
    "stage": "7",
    "name": "Jane's New",
    "title": "Jane's New Place Triples",
    "notation": "34567.1.127.123.7.123.7,127"
  },
  {
    "id": "id2352",
    "stage": "7",
    "name": "Jakeman's",
    "title": "Jakeman's Bob Triples",
    "notation": "34567.1.127.123.7.3.7,127"
  },
  {
    "id": "id2353",
    "stage": "7",
    "name": "Windsor Platinum",
    "title": "Windsor Platinum Place Triples",
    "notation": "34567.1.127.3.127.123.7,127"
  },
  {
    "id": "id2354",
    "stage": "7",
    "name": "Gloucestershire Golden Oldies",
    "title": "Gloucestershire Golden Oldies Bob Triples",
    "notation": "34567.1.127.3.127.3.7,127"
  },
  {
    "id": "id2355",
    "stage": "7",
    "name": "Golden Year",
    "title": "Golden Year Bob Triples",
    "notation": "34567.1.127.3.7.123.7,127"
  },
  {
    "id": "id2356",
    "stage": "7",
    "name": "Charlotte",
    "title": "Charlotte Bob Triples",
    "notation": "34567.1.127.3.7.3.7,127"
  },
  {
    "id": "id2357",
    "stage": "7",
    "name": "Snoopy",
    "title": "Snoopy Bob Triples",
    "notation": "34567.1.5.123.7.12345.7,127"
  },
  {
    "id": "id2358",
    "stage": "7",
    "name": "Peatling Parva",
    "title": "Peatling Parva Bob Triples",
    "notation": "34567.1.5.123.7.125.7,127"
  },
  {
    "id": "id2359",
    "stage": "7",
    "name": "Bramble",
    "title": "Bramble Bob Triples",
    "notation": "34567.1.5.123.7.345.7,127"
  },
  {
    "id": "id2360",
    "stage": "7",
    "name": "Hanover",
    "title": "Hanover Bob Triples",
    "notation": "34567.1.5.123.7.5.7,127"
  },
  {
    "id": "id2361",
    "stage": "7",
    "name": "Woodstock",
    "title": "Woodstock Bob Triples",
    "notation": "34567.1.5.3.127.345.7,127"
  },
  {
    "id": "id2362",
    "stage": "7",
    "name": "Anstey",
    "title": "Anstey Bob Triples",
    "notation": "34567.1.5.3.127.5.7,127"
  },
  {
    "id": "id2363",
    "stage": "7",
    "name": "Pushkin",
    "title": "Pushkin Bob Triples",
    "notation": "34567.1.5.3.7.12345.7,127"
  },
  {
    "id": "id2364",
    "stage": "7",
    "name": "Brunswick",
    "title": "Brunswick Bob Triples",
    "notation": "34567.1.5.3.7.125.7,127"
  },
  {
    "id": "id2365",
    "stage": "7",
    "name": "Sundance",
    "title": "Sundance Bob Triples",
    "notation": "34567.1.5.3.7.345.7,127"
  },
  {
    "id": "id2366",
    "stage": "7",
    "name": "Willoughby Waterleys",
    "title": "Willoughby Waterleys Bob Triples",
    "notation": "34567.1.5.3.7.5.7,127"
  },
  {
    "id": "id2367",
    "stage": "7",
    "name": "Guisborough",
    "title": "Guisborough Place Triples",
    "notation": "34567.1.567.123.7.12345.7,127"
  },
  {
    "id": "id2368",
    "stage": "7",
    "name": "Ashfell",
    "title": "Ashfell Bob Triples",
    "notation": "34567.1.567.123.7.125.7,127"
  },
  {
    "id": "id2369",
    "stage": "7",
    "name": "Marske-by-the-Sea",
    "title": "Marske-by-the-Sea Bob Triples",
    "notation": "34567.1.567.123.7.345.7,127"
  },
  {
    "id": "id2370",
    "stage": "7",
    "name": "Chorlton-cum-Hardy",
    "title": "Chorlton-cum-Hardy Bob Triples",
    "notation": "34567.1.567.123.7.5.7,127"
  },
  {
    "id": "id2371",
    "stage": "7",
    "name": "Dormanstown",
    "title": "Dormanstown Bob Triples",
    "notation": "34567.1.567.3.127.345.7,127"
  },
  {
    "id": "id2372",
    "stage": "7",
    "name": "Newlands",
    "title": "Newlands Bob Triples",
    "notation": "34567.1.567.3.127.5.7,127"
  },
  {
    "id": "id2373",
    "stage": "7",
    "name": "Redcar",
    "title": "Redcar Bob Triples",
    "notation": "34567.1.567.3.7.12345.7,127"
  },
  {
    "id": "id2374",
    "stage": "7",
    "name": "Ikaria",
    "title": "Ikaria Bob Triples",
    "notation": "34567.1.567.3.7.125.7,127"
  },
  {
    "id": "id2375",
    "stage": "7",
    "name": "Grangetown",
    "title": "Grangetown Bob Triples",
    "notation": "34567.1.567.3.7.345.7,127"
  },
  {
    "id": "id2376",
    "stage": "7",
    "name": "Egerton",
    "title": "Egerton Bob Triples",
    "notation": "34567.1.567.3.7.5.7,127"
  },
  {
    "id": "id2377",
    "stage": "7",
    "name": "Aberdare St Elvan",
    "title": "Aberdare St Elvan Place Triples",
    "notation": "34567.1.7.1.7.1.7,127"
  },
  {
    "id": "id2378",
    "stage": "7",
    "name": "Magnis Campanis",
    "title": "Magnis Campanis Place Triples",
    "notation": "34567.1.7.123.127.123.7,127"
  },
  {
    "id": "id2379",
    "stage": "7",
    "name": "Dewbys Bells",
    "title": "Dewbys Bells Bob Triples",
    "notation": "34567.1.7.123.127.3.7,127"
  },
  {
    "id": "id2380",
    "stage": "7",
    "name": "Bishop of Monmouth",
    "title": "Bishop of Monmouth Place Triples",
    "notation": "34567.1.7.123.7.123.7,127"
  },
  {
    "id": "id2381",
    "stage": "7",
    "name": "Malling Diamond",
    "title": "Malling Diamond Bob Triples",
    "notation": "34567.1.7.123.7.3.7,127"
  },
  {
    "id": "id2382",
    "stage": "7",
    "name": "St Laurence",
    "title": "St Laurence Bob Triples",
    "notation": "34567.1.7.3.127.123.7,127"
  },
  {
    "id": "id2383",
    "stage": "7",
    "name": "Pukerua Bay",
    "title": "Pukerua Bay Bob Triples",
    "notation": "34567.1.7.3.127.3.7,127"
  },
  {
    "id": "id2384",
    "stage": "7",
    "name": "90th Birthday",
    "title": "90th Birthday Bob Triples",
    "notation": "34567.1.7.3.7.123.7,127"
  },
  {
    "id": "id2385",
    "stage": "7",
    "name": "Holy Trinity",
    "title": "Holy Trinity Bob Triples",
    "notation": "34567.1.7.3.7.3.7,127"
  },
  {
    "id": "id2386",
    "stage": "7",
    "name": "St Michael and All Angels",
    "title": "St Michael and All Angels Bob Triples",
    "notation": "347.1.127.123.127.123.7,127"
  },
  {
    "id": "id2387",
    "stage": "7",
    "name": "St Philip",
    "title": "St Philip Bob Triples",
    "notation": "347.1.127.123.7.123.7,127"
  },
  {
    "id": "id2388",
    "stage": "7",
    "name": "Wakeman's",
    "title": "Wakeman's Bob Triples",
    "notation": "347.1.127.123.7.3.7,127"
  },
  {
    "id": "id2389",
    "stage": "7",
    "name": "Madeira Island",
    "title": "Madeira Island Bob Triples",
    "notation": "347.1.127.3.127.123.7,127"
  },
  {
    "id": "id2390",
    "stage": "7",
    "name": "St Lawrence's",
    "title": "St Lawrence's Bob Triples",
    "notation": "347.1.127.3.7.123.7,127"
  },
  {
    "id": "id2391",
    "stage": "7",
    "name": "Rockall",
    "title": "Rockall Bob Triples",
    "notation": "347.1.127.3.7.3.7,127"
  },
  {
    "id": "id2392",
    "stage": "7",
    "name": "Canterbury Pleasure",
    "title": "Canterbury Pleasure Bob Triples",
    "notation": "347.1.7.1.7.1.7,127"
  },
  {
    "id": "id2393",
    "stage": "7",
    "name": "Drellingore",
    "title": "Drellingore Place Triples",
    "notation": "347.1.7.1.7.123.7,125"
  },
  {
    "id": "id2394",
    "stage": "7",
    "name": "The Bees",
    "title": "The Bees Bob Triples",
    "notation": "347.1.7.1.7.145.7,127"
  },
  {
    "id": "id2395",
    "stage": "7",
    "name": "Samphire Hoe",
    "title": "Samphire Hoe Bob Triples",
    "notation": "347.1.7.1.7.3.7,125"
  },
  {
    "id": "id2396",
    "stage": "7",
    "name": "Gallybagger",
    "title": "Gallybagger Bob Triples",
    "notation": "347.1.7.1.7.3.7,127"
  },
  {
    "id": "id2397",
    "stage": "7",
    "name": "St Luke",
    "title": "St Luke Bob Triples",
    "notation": "347.1.7.123.127.123.7,127"
  },
  {
    "id": "id2398",
    "stage": "7",
    "name": "St Matthew",
    "title": "St Matthew Bob Triples",
    "notation": "347.1.7.123.127.3.7,127"
  },
  {
    "id": "id2399",
    "stage": "7",
    "name": "Temple Ewell",
    "title": "Temple Ewell Place Triples",
    "notation": "347.1.7.123.7.123.7,125"
  },
  {
    "id": "id2400",
    "stage": "7",
    "name": "Winchendon",
    "title": "Winchendon Bob Triples",
    "notation": "347.1.7.123.7.123.7,127"
  },
  {
    "id": "id2401",
    "stage": "7",
    "name": "Aldbourne",
    "title": "Aldbourne Bob Triples",
    "notation": "347.1.7.123.7.125.7,127"
  },
  {
    "id": "id2402",
    "stage": "7",
    "name": "Western Heights",
    "title": "Western Heights Bob Triples",
    "notation": "347.1.7.123.7.3.7,125"
  },
  {
    "id": "id2403",
    "stage": "7",
    "name": "St Bernadette",
    "title": "St Bernadette Bob Triples",
    "notation": "347.1.7.123.7.3.7,127"
  },
  {
    "id": "id2404",
    "stage": "7",
    "name": "Romsey",
    "title": "Romsey Bob Triples",
    "notation": "347.1.7.123.7.5.7,127"
  },
  {
    "id": "id2405",
    "stage": "7",
    "name": "Warden Hill",
    "title": "Warden Hill Bob Triples",
    "notation": "347.1.7.3.127.123.7,127"
  },
  {
    "id": "id2406",
    "stage": "7",
    "name": "Kearsney Abbey",
    "title": "Kearsney Abbey Bob Triples",
    "notation": "347.1.7.3.127.3.7,125"
  },
  {
    "id": "id2407",
    "stage": "7",
    "name": "St Agatha",
    "title": "St Agatha Bob Triples",
    "notation": "347.1.7.3.127.3.7,127"
  },
  {
    "id": "id2408",
    "stage": "7",
    "name": "Nolan",
    "title": "Nolan Bob Triples",
    "notation": "347.1.7.3.7.123.7,125"
  },
  {
    "id": "id2409",
    "stage": "7",
    "name": "St Margaret",
    "title": "St Margaret Bob Triples",
    "notation": "347.1.7.3.7.123.7,127"
  },
  {
    "id": "id2410",
    "stage": "7",
    "name": "Downton",
    "title": "Downton Bob Triples",
    "notation": "347.1.7.3.7.125.7,127"
  },
  {
    "id": "id2411",
    "stage": "7",
    "name": "Maison Dieu",
    "title": "Maison Dieu Bob Triples",
    "notation": "347.1.7.3.7.3.7,125"
  },
  {
    "id": "id2412",
    "stage": "7",
    "name": "St Nicholas",
    "title": "St Nicholas Bob Triples",
    "notation": "347.1.7.3.7.3.7,127"
  },
  {
    "id": "id2413",
    "stage": "7",
    "name": "St Merwenna",
    "title": "St Merwenna Bob Triples",
    "notation": "347.1.7.3.7.5.7,127"
  },
  {
    "id": "id2414",
    "stage": "7",
    "name": "Philadelphus",
    "title": "Philadelphus Bob Triples",
    "notation": "367.1.5.123.7.12345.7,127"
  },
  {
    "id": "id2415",
    "stage": "7",
    "name": "Superlation",
    "title": "Superlation Bob Triples",
    "notation": "367.1.5.123.7.125.7,127"
  },
  {
    "id": "id2416",
    "stage": "7",
    "name": "Chrysanthemum",
    "title": "Chrysanthemum Bob Triples",
    "notation": "367.1.5.123.7.345.7,127"
  },
  {
    "id": "id2417",
    "stage": "7",
    "name": "Bunter",
    "title": "Bunter Bob Triples",
    "notation": "367.1.5.123.7.5.7,127"
  },
  {
    "id": "id2418",
    "stage": "7",
    "name": "Buddleia",
    "title": "Buddleia Bob Triples",
    "notation": "367.1.5.3.127.345.7,127"
  },
  {
    "id": "id2419",
    "stage": "7",
    "name": "Kea",
    "title": "Kea Bob Triples",
    "notation": "367.1.5.3.127.5.7,127"
  },
  {
    "id": "id2420",
    "stage": "7",
    "name": "Rhododendron",
    "title": "Rhododendron Bob Triples",
    "notation": "367.1.5.3.7.12345.7,127"
  },
  {
    "id": "id2421",
    "stage": "7",
    "name": "Wimsey",
    "title": "Wimsey Bob Triples",
    "notation": "367.1.5.3.7.125.7,127"
  },
  {
    "id": "id2422",
    "stage": "7",
    "name": "Astilbe",
    "title": "Astilbe Bob Triples",
    "notation": "367.1.5.3.7.345.7,127"
  },
  {
    "id": "id2423",
    "stage": "7",
    "name": "Sayers",
    "title": "Sayers Bob Triples",
    "notation": "367.1.5.3.7.5.7,127"
  },
  {
    "id": "id2424",
    "stage": "7",
    "name": "Middlesbrough",
    "title": "Middlesbrough Bob Triples",
    "notation": "367.1.567.123.7.12345.7,127"
  },
  {
    "id": "id2425",
    "stage": "7",
    "name": "Chalfont",
    "title": "Chalfont Bob Triples",
    "notation": "367.1.567.123.7.125.7,127"
  },
  {
    "id": "id2426",
    "stage": "7",
    "name": "Teeside",
    "title": "Teeside Bob Triples",
    "notation": "367.1.567.123.7.345.7,127"
  },
  {
    "id": "id2427",
    "stage": "7",
    "name": "Craythorne",
    "title": "Craythorne Bob Triples",
    "notation": "367.1.567.123.7.5.7,127"
  },
  {
    "id": "id2428",
    "stage": "7",
    "name": "South Bank",
    "title": "South Bank Bob Triples",
    "notation": "367.1.567.3.127.345.7,127"
  },
  {
    "id": "id2429",
    "stage": "7",
    "name": "Brampton",
    "title": "Brampton Bob Triples",
    "notation": "367.1.567.3.127.5.7,127"
  },
  {
    "id": "id2430",
    "stage": "7",
    "name": "Cleveland",
    "title": "Cleveland Bob Triples",
    "notation": "367.1.567.3.7.12345.7,127"
  },
  {
    "id": "id2431",
    "stage": "7",
    "name": "Kench Hill",
    "title": "Kench Hill Bob Triples",
    "notation": "367.1.567.3.7.125.7,127"
  },
  {
    "id": "id2432",
    "stage": "7",
    "name": "Saltburn",
    "title": "Saltburn Bob Triples",
    "notation": "367.1.567.3.7.345.7,127"
  },
  {
    "id": "id2433",
    "stage": "7",
    "name": "Beresford",
    "title": "Beresford Bob Triples",
    "notation": "367.1.567.3.7.5.7,127"
  },
  {
    "id": "id2434",
    "stage": "7",
    "name": "Kintbury New",
    "title": "Kintbury New Bob Triples",
    "notation": "5.1.127.123.7.5.7,125"
  },
  {
    "id": "id2435",
    "stage": "7",
    "name": "Cringleford",
    "title": "Cringleford Bob Triples",
    "notation": "5.1.5.1.347.125.7,127"
  },
  {
    "id": "id2436",
    "stage": "7",
    "name": "Dereham",
    "title": "Dereham Bob Triples",
    "notation": "5.1.5.1.347.5.7,127"
  },
  {
    "id": "id2437",
    "stage": "7",
    "name": "Kingsclere",
    "title": "Kingsclere Bob Triples",
    "notation": "5.1.5.1.7.1.7,125"
  },
  {
    "id": "id2438",
    "stage": "7",
    "name": "Carshalton",
    "title": "Carshalton Bob Triples",
    "notation": "5.1.5.1.7.5.7,127"
  },
  {
    "id": "id2439",
    "stage": "7",
    "name": "Little Orchard",
    "title": "Little Orchard Bob Triples",
    "notation": "5.1.5.123.7.145.7,127"
  },
  {
    "id": "id2440",
    "stage": "7",
    "name": "St Ethelflaeda",
    "title": "St Ethelflaeda Bob Triples",
    "notation": "5.1.5.3.127.3.7,127"
  },
  {
    "id": "id2441",
    "stage": "7",
    "name": "Aquarius",
    "title": "Aquarius Bob Triples",
    "notation": "5.1.5.3.7.123.7,127"
  },
  {
    "id": "id2442",
    "stage": "7",
    "name": "Hurstbourne Priors",
    "title": "Hurstbourne Priors Bob Triples",
    "notation": "5.1.5.3.7.3.7,125"
  },
  {
    "id": "id2443",
    "stage": "7",
    "name": "St Edmundsbury",
    "title": "St Edmundsbury Bob Triples",
    "notation": "5.1.5.3.7.3.7,127"
  },
  {
    "id": "id2444",
    "stage": "7",
    "name": "Middlesex",
    "title": "Middlesex Bob Triples",
    "notation": "5.1.7.1.7.1.7,125"
  },
  {
    "id": "id2445",
    "stage": "7",
    "name": "Hawkhurst",
    "title": "Hawkhurst Bob Triples",
    "notation": "5.1.7.1.7.3.7,127"
  },
  {
    "id": "id2446",
    "stage": "7",
    "name": "Chieveley",
    "title": "Chieveley Bob Triples",
    "notation": "5.1.7.123.7.12345.7,125"
  },
  {
    "id": "id2447",
    "stage": "7",
    "name": "Bucklebury",
    "title": "Bucklebury Bob Triples",
    "notation": "5.1.7.123.7.5.7,125"
  },
  {
    "id": "id2448",
    "stage": "7",
    "name": "Golden Gate",
    "title": "Golden Gate Bob Triples",
    "notation": "5.1.7.3.347.3.7,125"
  },
  {
    "id": "id2449",
    "stage": "7",
    "name": "Cold Ash",
    "title": "Cold Ash Bob Triples",
    "notation": "5.1.7.3.7.5.7,125"
  },
  {
    "id": "id2450",
    "stage": "7",
    "name": "Penning's",
    "title": "Penning's Bob Triples",
    "notation": "5.147.5.3.147.3.7,127"
  },
  {
    "id": "id2451",
    "stage": "7",
    "name": "Aluminium",
    "title": "Aluminium Bob Triples",
    "notation": "5.147.5.3.7.123.7,127"
  },
  {
    "id": "id2452",
    "stage": "7",
    "name": "Clavis",
    "title": "Clavis Bob Triples",
    "notation": "5.147.5.3.7.3.7,127"
  },
  {
    "id": "id2453",
    "stage": "7",
    "name": "Wyatts Yard",
    "title": "Wyatts Yard Bob Triples",
    "notation": "567.1.127.123.127.123.7,127"
  },
  {
    "id": "id2454",
    "stage": "7",
    "name": "God Save the King!",
    "title": "God Save the King! Bob Triples",
    "notation": "567.1.127.123.7.123.7,127"
  },
  {
    "id": "id2455",
    "stage": "7",
    "name": "Mythering",
    "title": "Mythering Bob Triples",
    "notation": "567.1.127.123.7.3.7,127"
  },
  {
    "id": "id2456",
    "stage": "7",
    "name": "Treetops",
    "title": "Treetops Bob Triples",
    "notation": "567.1.127.3.127.123.7,127"
  },
  {
    "id": "id2457",
    "stage": "7",
    "name": "Alta Kabano",
    "title": "Alta Kabano Bob Triples",
    "notation": "567.1.127.3.7.123.7,127"
  },
  {
    "id": "id2458",
    "stage": "7",
    "name": "Hermitage",
    "title": "Hermitage Bob Triples",
    "notation": "567.1.127.3.7.3.7,127"
  },
  {
    "id": "id2459",
    "stage": "7",
    "name": "Banstead",
    "title": "Banstead Bob Triples",
    "notation": "567.1.7.1.7.1.7,125"
  },
  {
    "id": "id2460",
    "stage": "7",
    "name": "Hunslet",
    "title": "Hunslet Bob Triples",
    "notation": "567.1.7.1.7.1.7,127"
  },
  {
    "id": "id2461",
    "stage": "7",
    "name": "St Peter's College",
    "title": "St Peter's College Bob Triples",
    "notation": "567.1.7.1.7.145.7,127"
  },
  {
    "id": "id2462",
    "stage": "7",
    "name": "St Mary's",
    "title": "St Mary's Bob Triples",
    "notation": "567.1.7.1.7.3.7,127"
  },
  {
    "id": "id2463",
    "stage": "7",
    "name": "Wilderness",
    "title": "Wilderness Bob Triples",
    "notation": "567.1.7.123.127.123.7,127"
  },
  {
    "id": "id2464",
    "stage": "7",
    "name": "Erica Magnis",
    "title": "Erica Magnis Bob Triples",
    "notation": "567.1.7.123.127.3.7,127"
  },
  {
    "id": "id2465",
    "stage": "7",
    "name": "Crossways",
    "title": "Crossways Bob Triples",
    "notation": "567.1.7.123.7.123.7,127"
  },
  {
    "id": "id2466",
    "stage": "7",
    "name": "Devonport Naval Base",
    "title": "Devonport Naval Base Bob Triples",
    "notation": "567.1.7.123.7.125.7,127"
  },
  {
    "id": "id2467",
    "stage": "7",
    "name": "Wellington",
    "title": "Wellington Bob Triples",
    "notation": "567.1.7.123.7.3.7,127"
  },
  {
    "id": "id2468",
    "stage": "7",
    "name": "Owl",
    "title": "Owl Bob Triples",
    "notation": "567.1.7.123.7.345.7,127"
  },
  {
    "id": "id2469",
    "stage": "7",
    "name": "Bicycle Ring on Tour",
    "title": "Bicycle Ring on Tour Bob Triples",
    "notation": "567.1.7.3.127.123.7,127"
  },
  {
    "id": "id2470",
    "stage": "7",
    "name": "Bicycle Ring",
    "title": "Bicycle Ring Bob Triples",
    "notation": "567.1.7.3.127.3.7,127"
  },
  {
    "id": "id2471",
    "stage": "7",
    "name": "Robin",
    "title": "Robin Bob Triples",
    "notation": "567.1.7.3.127.345.7,127"
  },
  {
    "id": "id2472",
    "stage": "7",
    "name": "Stoke Minster",
    "title": "Stoke Minster Bob Triples",
    "notation": "567.1.7.3.7.123.7,127"
  },
  {
    "id": "id2473",
    "stage": "7",
    "name": "Blackbird",
    "title": "Blackbird Bob Triples",
    "notation": "567.1.7.3.7.125.7,127"
  },
  {
    "id": "id2474",
    "stage": "7",
    "name": "20th Birthday",
    "title": "20th Birthday Bob Triples",
    "notation": "567.1.7.3.7.345.7,127"
  },
  {
    "id": "id2475",
    "stage": "7",
    "name": "Albatross",
    "title": "Albatross Bob Triples",
    "notation": "567.1.7.3.7.5.7,127"
  },
  {
    "id": "id2476",
    "stage": "7",
    "name": "Pudsey",
    "title": "Pudsey Bob Triples",
    "notation": "567.167.7.1.7.1.7,125"
  },
  {
    "id": "id2477",
    "stage": "7",
    "name": "St Anne's",
    "title": "St Anne's Bob Triples",
    "notation": "7.1.127.123.127.123.7,127"
  },
  {
    "id": "id2478",
    "stage": "7",
    "name": "Finlay",
    "title": "Finlay Bob Triples",
    "notation": "7.1.127.123.127.3.7,127"
  },
  {
    "id": "id2479",
    "stage": "7",
    "name": "Dame Vera Lynn New",
    "title": "Dame Vera Lynn New Bob Triples",
    "notation": "7.1.127.123.7.123.7,125"
  },
  {
    "id": "id2480",
    "stage": "7",
    "name": "Eynesbury",
    "title": "Eynesbury Bob Triples",
    "notation": "7.1.127.123.7.123.7,127"
  },
  {
    "id": "id2481",
    "stage": "7",
    "name": "St John the Baptist",
    "title": "St John the Baptist Bob Triples",
    "notation": "7.1.127.123.7.3.7,127"
  },
  {
    "id": "id2482",
    "stage": "7",
    "name": "St Helena",
    "title": "St Helena Bob Triples",
    "notation": "7.1.127.3.127.123.7,127"
  },
  {
    "id": "id2483",
    "stage": "7",
    "name": "St Patrick's",
    "title": "St Patrick's Bob Triples",
    "notation": "7.1.127.3.127.3.7,127"
  },
  {
    "id": "id2484",
    "stage": "7",
    "name": "St Piran",
    "title": "St Piran Bob Triples",
    "notation": "7.1.127.3.7.123.7,127"
  },
  {
    "id": "id2485",
    "stage": "7",
    "name": "St Osmund",
    "title": "St Osmund Bob Triples",
    "notation": "7.1.127.3.7.3.7,127"
  },
  {
    "id": "id2486",
    "stage": "7",
    "name": "Dordrecht",
    "title": "Dordrecht Bob Triples",
    "notation": "7.1.5.1.7.145.7,127"
  },
  {
    "id": "id2487",
    "stage": "7",
    "name": "Hammersmith",
    "title": "Hammersmith Bob Triples",
    "notation": "7.1.5.123.7.345.7,127"
  },
  {
    "id": "id2488",
    "stage": "7",
    "name": "St Thomas's",
    "title": "St Thomas's Bob Triples",
    "notation": "7.1.5.123.7.5.7,127"
  },
  {
    "id": "id2489",
    "stage": "7",
    "name": "Horringer",
    "title": "Horringer Bob Triples",
    "notation": "7.1.5.3.127.5.7,127"
  },
  {
    "id": "id2490",
    "stage": "7",
    "name": "Baker Street",
    "title": "Baker Street Bob Triples",
    "notation": "7.1.5.3.7.125.7,127"
  },
  {
    "id": "id2491",
    "stage": "7",
    "name": "Kings Cross",
    "title": "Kings Cross Bob Triples",
    "notation": "7.1.5.3.7.345.7,127"
  },
  {
    "id": "id2492",
    "stage": "7",
    "name": "St Pancras",
    "title": "St Pancras Bob Triples",
    "notation": "7.1.5.3.7.5.7,127"
  },
  {
    "id": "id2493",
    "stage": "7",
    "name": "Brue",
    "title": "Brue Bob Triples",
    "notation": "7.1.567.3.7.125.7,127"
  },
  {
    "id": "id2494",
    "stage": "7",
    "name": "Axe",
    "title": "Axe Bob Triples",
    "notation": "7.1.567.3.7.5.7,127"
  },
  {
    "id": "id2495",
    "stage": "7",
    "name": "Fork Handles",
    "title": "Fork Handles Bob Triples",
    "notation": "7.1.7.1.347.5.7,125"
  },
  {
    "id": "id2496",
    "stage": "7",
    "name": "Reverse",
    "title": "Reverse Bob Triples",
    "notation": "7.1.7.1.7.1.167,1"
  },
  {
    "id": "id2497",
    "stage": "7",
    "name": "Plain",
    "title": "Plain Bob Triples",
    "notation": "7.1.7.1.7.1.7,127"
  },
  {
    "id": "id2498",
    "stage": "7",
    "name": "Farthingloe",
    "title": "Farthingloe Bob Triples",
    "notation": "7.1.7.1.7.123.7,125"
  },
  {
    "id": "id2499",
    "stage": "7",
    "name": "Owen C R Webster",
    "title": "Owen C R Webster Bob Triples",
    "notation": "7.1.7.1.7.3.7,125"
  },
  {
    "id": "id2500",
    "stage": "7",
    "name": "Quasimodo",
    "title": "Quasimodo Bob Triples",
    "notation": "7.1.7.1.7.3.7,127"
  },
  {
    "id": "id2501",
    "stage": "7",
    "name": "Four Candles",
    "title": "Four Candles Bob Triples",
    "notation": "7.1.7.1.7.345.7,125"
  },
  {
    "id": "id2502",
    "stage": "7",
    "name": "Ray Morgan",
    "title": "Ray Morgan Bob Triples",
    "notation": "7.1.7.1.7.5.7,125"
  },
  {
    "id": "id2503",
    "stage": "7",
    "name": "St Barnabas",
    "title": "St Barnabas Bob Triples",
    "notation": "7.1.7.123.127.123.7,127"
  },
  {
    "id": "id2504",
    "stage": "7",
    "name": "Garnet",
    "title": "Garnet Bob Triples",
    "notation": "7.1.7.123.127.3.7,127"
  },
  {
    "id": "id2505",
    "stage": "7",
    "name": "Dover White Cliffs",
    "title": "Dover White Cliffs Bob Triples",
    "notation": "7.1.7.123.7.123.7,125"
  },
  {
    "id": "id2506",
    "stage": "7",
    "name": "St Martin's",
    "title": "St Martin's Bob Triples",
    "notation": "7.1.7.123.7.123.7,127"
  },
  {
    "id": "id2507",
    "stage": "7",
    "name": "Egret",
    "title": "Egret Bob Triples",
    "notation": "7.1.7.123.7.125.7,127"
  },
  {
    "id": "id2508",
    "stage": "7",
    "name": "Bluebells Over",
    "title": "Bluebells Over Bob Triples",
    "notation": "7.1.7.123.7.3.7,125"
  },
  {
    "id": "id2509",
    "stage": "7",
    "name": "St Andrew",
    "title": "St Andrew Bob Triples",
    "notation": "7.1.7.123.7.3.7,127"
  },
  {
    "id": "id2510",
    "stage": "7",
    "name": "Greenfinch",
    "title": "Greenfinch Bob Triples",
    "notation": "7.1.7.123.7.5.7,127"
  },
  {
    "id": "id2511",
    "stage": "7",
    "name": "St Mary the Virgin",
    "title": "St Mary the Virgin Bob Triples",
    "notation": "7.1.7.3.127.123.7,127"
  },
  {
    "id": "id2512",
    "stage": "7",
    "name": "Alfreton",
    "title": "Alfreton Bob Triples",
    "notation": "7.1.7.3.127.3.7,125"
  },
  {
    "id": "id2513",
    "stage": "7",
    "name": "St Alkmund",
    "title": "St Alkmund Bob Triples",
    "notation": "7.1.7.3.127.3.7,127"
  },
  {
    "id": "id2514",
    "stage": "7",
    "name": "Alkham Valley",
    "title": "Alkham Valley Bob Triples",
    "notation": "7.1.7.3.147.3.7,127"
  },
  {
    "id": "id2515",
    "stage": "7",
    "name": "Crabble Mill",
    "title": "Crabble Mill Bob Triples",
    "notation": "7.1.7.3.147.5.7,127"
  },
  {
    "id": "id2516",
    "stage": "7",
    "name": "Julie McDonnell New",
    "title": "Julie McDonnell New Bob Triples",
    "notation": "7.1.7.3.7.123.7,125"
  },
  {
    "id": "id2517",
    "stage": "7",
    "name": "St Peter",
    "title": "St Peter Bob Triples",
    "notation": "7.1.7.3.7.123.7,127"
  },
  {
    "id": "id2518",
    "stage": "7",
    "name": "Dotterel",
    "title": "Dotterel Bob Triples",
    "notation": "7.1.7.3.7.125.7,127"
  },
  {
    "id": "id2519",
    "stage": "7",
    "name": "Quadruple Double Extreme",
    "title": "Quadruple Double Extreme Bob Triples",
    "notation": "7.1.7.3.7.145.7,127"
  },
  {
    "id": "id2520",
    "stage": "7",
    "name": "Royal Holloway College",
    "title": "Royal Holloway College Bob Triples",
    "notation": "7.1.7.3.7.3.7,125"
  },
  {
    "id": "id2521",
    "stage": "7",
    "name": "St Simon's",
    "title": "St Simon's Bob Triples",
    "notation": "7.1.7.3.7.3.7,127"
  },
  {
    "id": "id2522",
    "stage": "7",
    "name": "Capercaillie",
    "title": "Capercaillie Bob Triples",
    "notation": "7.1.7.3.7.5.7,127"
  },
  {
    "id": "id2523",
    "stage": "7",
    "name": "Diamond",
    "title": "Diamond Bob Triples",
    "notation": "7.145.7.3.7.123.7,127"
  },
  {
    "id": "id2524",
    "stage": "7",
    "name": "Amethyst",
    "title": "Amethyst Bob Triples",
    "notation": "7.145.7.3.7.3.7,127"
  },
  {
    "id": "id2525",
    "stage": "7",
    "name": "Platinum",
    "title": "Platinum Bob Triples",
    "notation": "7.147.7.3.7.345.7,127"
  },
  {
    "id": "id2526",
    "stage": "7",
    "name": "Bistow",
    "title": "Bistow Little Bob Triples",
    "notation": "7.127,1"
  },
  {
    "id": "id2527",
    "stage": "7",
    "name": "Ashford",
    "title": "Ashford Little Bob Triples",
    "notation": "7.1.3,127"
  },
  {
    "id": "id2528",
    "stage": "7",
    "name": "Axminster",
    "title": "Axminster Little Bob Triples",
    "notation": "345.1.5.1.5,127"
  },
  {
    "id": "id2529",
    "stage": "7",
    "name": "Octopod",
    "title": "Octopod Little Bob Triples",
    "notation": "345.1.5.3.5,127"
  },
  {
    "id": "id2530",
    "stage": "7",
    "name": "Century",
    "title": "Century Little Bob Triples",
    "notation": "5.1.5.1.5,127"
  },
  {
    "id": "id2531",
    "stage": "7",
    "name": "West Sussex",
    "title": "West Sussex Little Bob Triples",
    "notation": "5.1.5.3.5,127"
  },
  {
    "id": "id2532",
    "stage": "7",
    "name": "Strike-Back",
    "title": "Strike-Back Little Bob Triples",
    "notation": "5.167.5.167.5,127"
  },
  {
    "id": "id2533",
    "stage": "7",
    "name": "Sherlock",
    "title": "Sherlock Little Bob Triples",
    "notation": "7.1.5.1.5,127"
  },
  {
    "id": "id2534",
    "stage": "7",
    "name": "Hever",
    "title": "Hever Little Bob Triples",
    "notation": "7.1.5.3.5,127"
  },
  {
    "id": "id2535",
    "stage": "7",
    "name": "St Simon's",
    "title": "St Simon's Little Bob Triples",
    "notation": "7.1.7.3.5,127"
  },
  {
    "id": "id2536",
    "stage": "7",
    "name": "Sherborne Abbey",
    "title": "Sherborne Abbey Little Bob Triples",
    "notation": "7.145.5.3.5,127"
  },
  {
    "id": "id2537",
    "stage": "7",
    "name": "Jane Austen",
    "title": "Jane Austen Little Bob Triples",
    "notation": "5.1.5.1.7.167,1"
  },
  {
    "id": "id2538",
    "stage": "7",
    "name": "Little Little Little Little Little Penultimus",
    "title": "Little Little Little Little Little Penultimus Little Place Triples",
    "notation": "7.1.7.1.7.167,1"
  },
  {
    "id": "id2539",
    "stage": "7",
    "name": "Single Oxford",
    "title": "Single Oxford Bob Triples",
    "notation": "3,1.5.1.7.1.7.1"
  },
  {
    "id": "id2540",
    "stage": "7",
    "name": "Hereward",
    "title": "Hereward Bob Triples",
    "notation": "3,1.5.1.7.3.7.1"
  },
  {
    "id": "id2541",
    "stage": "7",
    "name": "Stanstead",
    "title": "Stanstead Bob Triples",
    "notation": "3,1.5.1.7.3.7.3"
  },
  {
    "id": "id2542",
    "stage": "7",
    "name": "Double Oxford",
    "title": "Double Oxford Bob Triples",
    "notation": "3,1.5.1.7.3.7.5"
  },
  {
    "id": "id2543",
    "stage": "7",
    "name": "Grandsire",
    "title": "Grandsire Triples",
    "notation": "3,1.7.1.7.1.7.1"
  },
  {
    "id": "id2544",
    "stage": "7",
    "name": "London New",
    "title": "London New Bob Triples",
    "notation": "3,1.7.1.7.1.7.3"
  },
  {
    "id": "id2545",
    "stage": "7",
    "name": "Double Grandsire",
    "title": "Double Grandsire Triples",
    "notation": "3,1.7.1.7.1.7.5"
  },
  {
    "id": "id2546",
    "stage": "7",
    "name": "Aldington Pleasure",
    "title": "Aldington Pleasure Bob Triples",
    "notation": "3,1.7.1.7.3.7.1"
  },
  {
    "id": "id2547",
    "stage": "7",
    "name": "St Clement's College",
    "title": "St Clement's College Bob Triples",
    "notation": "3,1.7.1.7.3.7.3"
  },
  {
    "id": "id2548",
    "stage": "7",
    "name": "Single Darlaston",
    "title": "Single Darlaston Bob Triples",
    "notation": "5,1.5.1.7.1.7.1"
  },
  {
    "id": "id2549",
    "stage": "7",
    "name": "Ledbury",
    "title": "Ledbury Bob Triples",
    "notation": "5,1.5.1.7.1.7.3"
  },
  {
    "id": "id2550",
    "stage": "7",
    "name": "Albion Delight",
    "title": "Albion Delight Bob Triples",
    "notation": "5,1.5.1.7.3.7.5"
  },
  {
    "id": "id2551",
    "stage": "7",
    "name": "London Delight",
    "title": "London Delight Bob Triples",
    "notation": "5,1.7.1.7.1.7.5"
  },
  {
    "id": "id2552",
    "stage": "7",
    "name": "Single Court",
    "title": "Single Court Bob Triples",
    "notation": "7,1.5.1.7.1.7.1"
  },
  {
    "id": "id2553",
    "stage": "7",
    "name": "Wenlock",
    "title": "Wenlock Bob Triples",
    "notation": "7,1.5.1.7.1.7.5"
  },
  {
    "id": "id2554",
    "stage": "7",
    "name": "Double Court",
    "title": "Double Court Bob Triples",
    "notation": "7,1.5.1.7.3.7.1"
  },
  {
    "id": "id2555",
    "stage": "7",
    "name": "London",
    "title": "London Bob Triples",
    "notation": "7,1.5.1.7.3.7.5"
  },
  {
    "id": "id2556",
    "stage": "7",
    "name": "Reverse Grandsire",
    "title": "Reverse Grandsire Triples",
    "notation": "7,1.7.1.7.1.7.5"
  },
  {
    "id": "id2557",
    "stage": "7",
    "name": "Bridge's Pleasure",
    "title": "Bridge's Pleasure Bob Triples",
    "notation": "7,1.7.1.7.3.7.1"
  },
  {
    "id": "id2558",
    "stage": "7",
    "name": "College",
    "title": "College Bob Triples",
    "notation": "7,1.7.1.7.3.7.3"
  },
  {
    "id": "id2559",
    "stage": "7",
    "name": "Dewsbury",
    "title": "Dewsbury Bob Triples",
    "notation": "7,1.7.1.7.3.7.5"
  },
  {
    "id": "id2560",
    "stage": "7",
    "name": "Little Grandsire",
    "title": "Little Grandsire Triples",
    "notation": "3,1.7.1.5.1"
  },
  {
    "id": "id2561",
    "stage": "7",
    "name": "Poyle",
    "title": "Poyle Slow Course Triples",
    "notation": "3.1.7.1.7.1.567,123"
  },
  {
    "id": "id2562",
    "stage": "7",
    "name": "Da Staines-upon-Thames Massive",
    "title": "Da Staines-upon-Thames Massive Slow Course Triples",
    "notation": "345.1.7.1.7.1.567,123"
  },
  {
    "id": "id2563",
    "stage": "7",
    "name": "Candlesby",
    "title": "Candlesby Slow Course Triples",
    "notation": "7.1.7.1.7.1.567,127"
  },
  {
    "id": "id2564",
    "stage": "7",
    "name": "Rugby",
    "title": "Rugby Slow Course Triples",
    "notation": "7.1.7.3.7.3.127,127"
  },
  {
    "id": "id2565",
    "stage": "7",
    "name": "Canny",
    "title": "Canny Bob Triples",
    "notation": "7.1.7.1.7.1.7,147"
  },
  {
    "id": "id2566",
    "stage": "7",
    "name": "St Hugh",
    "title": "St Hugh Bob Triples",
    "notation": "3.1.7.1.7.1.7.1.7.1.7.1.7.123"
  },
  {
    "id": "id2567",
    "stage": "7",
    "name": "Barrow-upon-Humber",
    "title": "Barrow-upon-Humber Bob Triples",
    "notation": "3.1.7.1.7.1.7.1.7.1.7.1.7.127"
  },
  {
    "id": "id2568",
    "stage": "7",
    "name": "John David",
    "title": "John David Bob Triples",
    "notation": "3.1.7.1.7.3.7.3.7.3.7.1.7.123"
  },
  {
    "id": "id2569",
    "stage": "7",
    "name": "Holy Orders",
    "title": "Holy Orders Bob Triples",
    "notation": "7.1.7.1.7.1.7.1.7.1.7.1.3.123"
  },
  {
    "id": "id2570",
    "stage": "7",
    "name": "Elizabeth Regina",
    "title": "Elizabeth Regina Bob Triples",
    "notation": "7.1.7.123.7.3.7.3.127.3.7.1.7.127"
  },
  {
    "id": "id2571",
    "stage": "7",
    "name": "Clun",
    "title": "Clun Bob Triples",
    "notation": "7.1.7.3.127.3.7.3.7.123.7.1.7.127"
  },
  {
    "id": "id2572",
    "stage": "7",
    "name": "Lenton",
    "title": "Lenton Bob Triples",
    "notation": "7.1.7.3.7.3.7.3.7.3.7.1.3.123"
  },
  {
    "id": "id2573",
    "stage": "7",
    "name": "Single Cambridge Cyclic",
    "title": "Single Cambridge Cyclic Bob Triples",
    "notation": "3.1.5.1.7.1.7.1.7.1.7.1.7.1"
  },
  {
    "id": "id2574",
    "stage": "7",
    "name": "Camberwell",
    "title": "Camberwell Bob Triples",
    "notation": "3.1.5.1.7.1.7.3.7.3.7.1.5.1"
  },
  {
    "id": "id2575",
    "stage": "7",
    "name": "Greenwich",
    "title": "Greenwich Bob Triples",
    "notation": "3.1.5.1.7.1.7.5.7.3.7.1.5.1"
  },
  {
    "id": "id2576",
    "stage": "7",
    "name": "Double Cambridge Cyclic",
    "title": "Double Cambridge Cyclic Bob Triples",
    "notation": "3.1.5.1.7.1.7.5.7.3.7.1.7.1"
  },
  {
    "id": "id2577",
    "stage": "7",
    "name": "Yorkshire Court",
    "title": "Yorkshire Court Bob Triples",
    "notation": "3.1.5.1.7.3.7.1.7.1.7.1.7.1"
  },
  {
    "id": "id2578",
    "stage": "7",
    "name": "Hackney",
    "title": "Hackney Bob Triples",
    "notation": "3.1.5.1.7.3.7.3.7.1.7.1.5.1"
  },
  {
    "id": "id2579",
    "stage": "7",
    "name": "Chiswick",
    "title": "Chiswick Bob Triples",
    "notation": "3.1.5.1.7.3.7.5.7.1.7.1.5.1"
  },
  {
    "id": "id2580",
    "stage": "7",
    "name": "Pearl",
    "title": "Pearl Bob Triples",
    "notation": "3.1.5.1.7.3.7.5.7.3.7.1.7.1"
  },
  {
    "id": "id2581",
    "stage": "7",
    "name": "Union",
    "title": "Union Triples",
    "notation": "3.1.7.1.7.1.7.1.7.1.7.1.5.1"
  },
  {
    "id": "id2582",
    "stage": "7",
    "name": "Calvary",
    "title": "Calvary Bob Triples",
    "notation": "3.1.7.1.7.1.7.1.7.3.7.1.5.1"
  },
  {
    "id": "id2583",
    "stage": "7",
    "name": "Tottenham",
    "title": "Tottenham Bob Triples",
    "notation": "3.1.7.1.7.3.7.3.7.1.7.1.7.1"
  },
  {
    "id": "id2584",
    "stage": "7",
    "name": "Annable's Diamond",
    "title": "Annable's Diamond Bob Triples",
    "notation": "3.1.7.1.7.3.7.5.7.3.7.1.5.1"
  },
  {
    "id": "id2585",
    "stage": "7",
    "name": "Brillig",
    "title": "Brillig Bob Triples",
    "notation": "3.1.7.1.7.5.7.5.7.1.5.1.7.1"
  },
  {
    "id": "id2586",
    "stage": "7",
    "name": "Glastonbury",
    "title": "Glastonbury Bob Triples",
    "notation": "3.1.7.1.7.5.7.5.7.3.5.1.5.1"
  },
  {
    "id": "id2587",
    "stage": "7",
    "name": "Winford",
    "title": "Winford Bob Triples",
    "notation": "3.1.7.3.7.3.7.1.7.1.5.1.5.1"
  },
  {
    "id": "id2588",
    "stage": "7",
    "name": "Kensington",
    "title": "Kensington Bob Triples",
    "notation": "5.1.5.1.7.1.7.1.7.3.7.1.5.1"
  },
  {
    "id": "id2589",
    "stage": "7",
    "name": "St Mary Bourne",
    "title": "St Mary Bourne Bob Triples",
    "notation": "5.1.5.1.7.1.7.5.7.1.7.1.7.1"
  },
  {
    "id": "id2590",
    "stage": "7",
    "name": "Annable's Richmond",
    "title": "Annable's Richmond Bob Triples",
    "notation": "5.1.5.1.7.3.7.1.7.1.7.1.5.1"
  },
  {
    "id": "id2591",
    "stage": "7",
    "name": "Wallers' Goodwill",
    "title": "Wallers' Goodwill Bob Triples",
    "notation": "5.1.5.1.7.3.7.1.7.1.7.1.7.1"
  },
  {
    "id": "id2592",
    "stage": "7",
    "name": "Stephen Bateman",
    "title": "Stephen Bateman Bob Triples",
    "notation": "5.1.5.3.7.3.7.1.7.3.5.1.5.1"
  },
  {
    "id": "id2593",
    "stage": "7",
    "name": "Hankinson's Goodwill",
    "title": "Hankinson's Goodwill Bob Triples",
    "notation": "5.1.7.1.7.1.7.1.7.3.7.1.5.1"
  },
  {
    "id": "id2594",
    "stage": "7",
    "name": "Hornmead",
    "title": "Hornmead Bob Triples",
    "notation": "5.1.7.1.7.3.7.5.7.3.7.1.5.1"
  },
  {
    "id": "id2595",
    "stage": "7",
    "name": "Evening Exercise",
    "title": "Evening Exercise Bob Triples",
    "notation": "7.1.5.1.7.3.7.1.7.1.7.1.7.1"
  },
  {
    "id": "id2596",
    "stage": "7",
    "name": "Longparish",
    "title": "Longparish Bob Triples",
    "notation": "7.1.5.1.7.3.7.3.7.1.7.1.7.1"
  },
  {
    "id": "id2597",
    "stage": "7",
    "name": "Battersea",
    "title": "Battersea Bob Triples",
    "notation": "7.1.5.1.7.3.7.3.7.3.7.1.7.1"
  },
  {
    "id": "id2598",
    "stage": "7",
    "name": "Evening Delight",
    "title": "Evening Delight Bob Triples",
    "notation": "7.1.7.1.7.1.7.1.7.3.7.1.5.1"
  },
  {
    "id": "id2599",
    "stage": "7",
    "name": "Peasemore",
    "title": "Peasemore Bob Triples",
    "notation": "7.1.7.1.7.1.7.3.7.3.7.1.5.1"
  },
  {
    "id": "id2600",
    "stage": "7",
    "name": "Surfleet Reverse",
    "title": "Surfleet Reverse Bob Triples",
    "notation": "7.1.7.1.7.1.7.5.7.3.7.1.7.1"
  },
  {
    "id": "id2601",
    "stage": "7",
    "name": "Annable's Chelsea",
    "title": "Annable's Chelsea Bob Triples",
    "notation": "7.1.7.1.7.3.7.3.7.3.7.1.5.1"
  },
  {
    "id": "id2602",
    "stage": "7",
    "name": "Reverse Union",
    "title": "Reverse Union Triples",
    "notation": "7.1.7.1.7.3.7.5.7.1.7.1.7.1"
  },
  {
    "id": "id2603",
    "stage": "7",
    "name": "Christ Church",
    "title": "Christ Church Little Bob Triples",
    "notation": "3.1.7.1.5.1.5.1.5.1"
  },
  {
    "id": "id19502",
    "stage": "7",
    "name": "Berkeley",
    "title": "Berkeley Alliance Triples",
    "notation": "7.1.5.3.7.345.5.345.7,127"
  },
  {
    "id": "id19503",
    "stage": "7",
    "name": "Barbury",
    "title": "Barbury Alliance Triples",
    "notation": "7.1.5.3.7.5.345.5.7,127"
  },
  {
    "id": "id19504",
    "stage": "7",
    "name": "Buckfast Abbey",
    "title": "Buckfast Abbey Alliance Triples",
    "notation": "7.145.5.3.7.345.5.345.7,127"
  },
  {
    "id": "id19505",
    "stage": "7",
    "name": "Blunsdon Abbey",
    "title": "Blunsdon Abbey Alliance Triples",
    "notation": "7.145.5.3.7.5.345.5.7,127"
  },
  {
    "id": "id19506",
    "stage": "7",
    "name": "J R Hartley's",
    "title": "J R Hartley's Alliance Triples",
    "notation": "7.1.7.127.7.1.7.127.7.1.7.127,1"
  },
  {
    "id": "id21248",
    "stage": "7",
    "name": "Kent",
    "title": "Kent Treble Place Triples",
    "notation": "347.7.347.1.7.127.7.1.7.127.7.1.7.127,1"
  },
  {
    "id": "id21249",
    "stage": "7",
    "name": "Oxford",
    "title": "Oxford Treble Place Triples",
    "notation": "7.347.7.1.7.127.7.1.7.127.7.1.7.127,1"
  },
  {
    "id": "id21250",
    "stage": "7",
    "name": "Candlesby",
    "title": "Candlesby Treble Place Triples",
    "notation": "7.1.7.1.7.1.567.1.7.1.7.1.7.1,127"
  },
  {
    "id": "id21251",
    "stage": "7",
    "name": "Bushey",
    "title": "Bushey Treble Place Triples",
    "notation": "5.347.5.1.5.127.5.1.5.7.5.123.5.167,127"
  },
  {
    "id": "id21252",
    "stage": "7",
    "name": "Tadgel Short Course",
    "title": "Tadgel Short Course Treble Place Triples",
    "notation": "7.1.7.1.7.1.7.1.7.1.7.1.7.123,127"
  },
  {
    "id": "id21695",
    "stage": "7",
    "name": "Original",
    "title": "Original Triples",
    "notation": "7.1"
  },
  {
    "id": "id21696",
    "stage": "7",
    "name": "Titanic",
    "title": "Titanic Triples",
    "notation": "7.1.7.3"
  },
  {
    "id": "id21697",
    "stage": "7",
    "name": "Erin",
    "title": "Erin Triples",
    "notation": "7.3.1.3.1.3"
  },
  {
    "id": "id21698",
    "stage": "7",
    "name": "Stedman",
    "title": "Stedman Triples",
    "notation": "3.1.7.3.1.3.1.3.7.1.3.1"
  },
  {
    "id": "id21699",
    "stage": "7",
    "name": "Birmingham Carter",
    "title": "Birmingham Carter Triples",
    "notation": "3.1.7.3.1.3.1.3.7.1.3.7"
  },
  {
    "id": "id21700",
    "stage": "7",
    "name": "Reverse Stedman",
    "title": "Reverse Stedman Triples",
    "notation": "5.7.1.5.7.5.7.5.1.7.5.7"
  },
  {
    "id": "id21701",
    "stage": "7",
    "name": "Carter",
    "title": "Carter Triples",
    "notation": "7.3.1.3.7.1.3.5.3.5.3.1"
  },
  {
    "id": "id21702",
    "stage": "7",
    "name": "Orpheus",
    "title": "Orpheus Triples",
    "notation": "3.123.1.123.7.123.3.123.1.123.3.123.1.123.3.123.7.123.1.123.3.123.1.123"
  },
  {
    "id": "id21703",
    "stage": "7",
    "name": "Scientific",
    "title": "Scientific Triples",
    "notation": "3.1.7.1.5.1.7.1.7.5.1.7.1.7.1.7.1.7.1.5.1.5.1.7.1.7.1.7.1.7"
  },
  {
    "id": "id21704",
    "stage": "7",
    "name": "Martin's",
    "title": "Martin's Triples",
    "notation": "5.3.1.7.1.7.3.1.7.3.7.1.3.1.7.1.7.3.1.3.1.3.7.1.7.3.1.3.7.1"
  },
  {
    "id": "id21705",
    "stage": "7",
    "name": "Artistic",
    "title": "Artistic Triples",
    "notation": "7.1.7.1.7.3.7.3.7.1.3.1.7.3.7.3.1.3.1.3.7.3.1.3.1.3.7.1.7.1"
  },
  {
    "id": "id21854",
    "stage": "7",
    "name": "Upham",
    "title": "Upham Differential Triples",
    "notation": "5.3.7.5.147.5.3.145.3.5.127.5.3.7.3.5.1.7.3.5.1.5.3.1.3.5.1.5.3.7.5.1.5.1.7.1.5.1.5.7.3.5.1.5.3.1.3.5.1.5.3.7.1.5.3.7.3.5.127.5.3.145.3.5.147.5.7.3.5.147"
  },
  {
    "id": "id22064",
    "stage": "7",
    "name": "St Dunstan's",
    "title": "St Dunstan's Differential Bob Triples",
    "notation": "3.1.5.3.7.1.7,1"
  },
  {
    "id": "id22065",
    "stage": "7",
    "name": "Single College",
    "title": "Single College Differential Bob Triples",
    "notation": "5.1.5.1.7.1.7,1"
  },
  {
    "id": "id22066",
    "stage": "7",
    "name": "Double College",
    "title": "Double College Differential Bob Triples",
    "notation": "5.1.5.3.7.3.7,1"
  },
  {
    "id": "id22067",
    "stage": "7",
    "name": "Single Fulham",
    "title": "Single Fulham Differential Bob Triples",
    "notation": "7.1.5.1.7.1.7,1"
  },
  {
    "id": "id22068",
    "stage": "7",
    "name": "Two Towers",
    "title": "Two Towers Differential Bob Triples",
    "notation": "7.1.5.3.7.5.7,1"
  },
  {
    "id": "id22069",
    "stage": "7",
    "name": "Sole",
    "title": "Sole Differential Bob Triples",
    "notation": "7.147.7.3.7.345.7,1"
  },
  {
    "id": "id22070",
    "stage": "7",
    "name": "Darling",
    "title": "Darling Differential Little Bob Triples",
    "notation": "347.1.7.147,127"
  },
  {
    "id": "id22071",
    "stage": "7",
    "name": "Baldrick",
    "title": "Baldrick Differential Little Bob Triples",
    "notation": "7.1.7.147,127"
  },
  {
    "id": "id22072",
    "stage": "7",
    "name": "Middlesex",
    "title": "Middlesex Differential Little Bob Triples",
    "notation": "5.1.7.1.567,125"
  },
  {
    "id": "id22073",
    "stage": "7",
    "name": "Return of the King",
    "title": "Return of the King Differential Little Bob Triples",
    "notation": "7.1.5.3.5,1"
  },
  {
    "id": "id22074",
    "stage": "7",
    "name": "Twerton",
    "title": "Twerton Differential Little Bob Triples",
    "notation": "7.1.7.1.5,127"
  },
  {
    "id": "id22075",
    "stage": "7",
    "name": "Bob Palin",
    "title": "Bob Palin Differential Little Bob Triples",
    "notation": "7.1.7.1.7.167,127"
  },
  {
    "id": "id22076",
    "stage": "7",
    "name": "Blackadder",
    "title": "Blackadder Differential Alliance Triples",
    "notation": "7.1.7.1.7.347.7.1.7.347,127"
  },
  {
    "id": "id22077",
    "stage": "7",
    "name": "Fellowship of the Ring",
    "title": "Fellowship of the Ring Differential Alliance Triples",
    "notation": "7.1.5.3.7.5.3.5.7,1"
  }
]
