[
  {
    "name": "Yorkshire Wolds",
    "title": "Yorkshire Wolds Bob Triples",
    "notation": "3.1.5.1.7.1.7,147",
    "stage": "7"
  },
  {
    "name": "Mulbarton",
    "title": "Mulbarton Bob Triples",
    "notation": "3.1.5.1.7.145.7,127",
    "stage": "7"
  },
  {
    "name": "Giles",
    "title": "Giles Bob Triples",
    "notation": "3.1.5.123.7.12345.7,127",
    "stage": "7"
  },
  {
    "name": "Piccadilly",
    "title": "Piccadilly Bob Triples",
    "notation": "3.1.5.123.7.125.7,127",
    "stage": "7"
  },
  {
    "name": "Ronald",
    "title": "Ronald Bob Triples",
    "notation": "3.1.5.123.7.345.7,127",
    "stage": "7"
  },
  {
    "name": "Bakerloo",
    "title": "Bakerloo Bob Triples",
    "notation": "3.1.5.123.7.5.7,127",
    "stage": "7"
  },
  {
    "name": "Hamish",
    "title": "Hamish Bob Triples",
    "notation": "3.1.5.3.127.345.7,127",
    "stage": "7"
  },
  {
    "name": "Elmham",
    "title": "Elmham Bob Triples",
    "notation": "3.1.5.3.127.5.7,127",
    "stage": "7"
  },
  {
    "name": "Stansted",
    "title": "Stansted Bob Triples",
    "notation": "3.1.5.3.147.3.7,127",
    "stage": "7"
  },
  {
    "name": "Margaret",
    "title": "Margaret Bob Triples",
    "notation": "3.1.5.3.7.12345.7,127",
    "stage": "7"
  },
  {
    "name": "St Stephen",
    "title": "St Stephen Bob Triples",
    "notation": "3.1.5.3.7.125.7,127",
    "stage": "7"
  },
  {
    "name": "Susan",
    "title": "Susan Bob Triples",
    "notation": "3.1.5.3.7.345.7,127",
    "stage": "7"
  },
  {
    "name": "Waterloo Reverse",
    "title": "Waterloo Reverse Bob Triples",
    "notation": "3.1.5.3.7.5.167,1",
    "stage": "7"
  },
  {
    "name": "Waterloo",
    "title": "Waterloo Bob Triples",
    "notation": "3.1.5.3.7.5.7,127",
    "stage": "7"
  },
  {
    "name": "German Bight",
    "title": "German Bight Bob Triples",
    "notation": "3.1.567.123.7.12345.7,127",
    "stage": "7"
  },
  {
    "name": "Ecclefechan",
    "title": "Ecclefechan Bob Triples",
    "notation": "3.1.567.123.7.125.7,127",
    "stage": "7"
  },
  {
    "name": "Thames",
    "title": "Thames Bob Triples",
    "notation": "3.1.567.123.7.345.7,127",
    "stage": "7"
  },
  {
    "name": "Woodhouse",
    "title": "Woodhouse Bob Triples",
    "notation": "3.1.567.123.7.5.7,127",
    "stage": "7"
  },
  {
    "name": "Biscay",
    "title": "Biscay Bob Triples",
    "notation": "3.1.567.3.127.345.7,127",
    "stage": "7"
  },
  {
    "name": "Parkgate",
    "title": "Parkgate Bob Triples",
    "notation": "3.1.567.3.127.5.7,127",
    "stage": "7"
  },
  {
    "name": "Dogger",
    "title": "Dogger Bob Triples",
    "notation": "3.1.567.3.7.12345.7,127",
    "stage": "7"
  },
  {
    "name": "Handsworth",
    "title": "Handsworth Bob Triples",
    "notation": "3.1.567.3.7.125.7,127",
    "stage": "7"
  },
  {
    "name": "Fisher",
    "title": "Fisher Bob Triples",
    "notation": "3.1.567.3.7.345.7,127",
    "stage": "7"
  },
  {
    "name": "Sheffield",
    "title": "Sheffield Bob Triples",
    "notation": "3.1.567.3.7.5.7,127",
    "stage": "7"
  },
  {
    "name": "Huntspill",
    "title": "Huntspill Bob Triples",
    "notation": "3.1.7.123.7.123.7,127",
    "stage": "7"
  },
  {
    "name": "Remembrance Day",
    "title": "Remembrance Day Bob Triples",
    "notation": "3.1.7.3.147.5.7,127",
    "stage": "7"
  },
  {
    "name": "New",
    "title": "New Bob Triples",
    "notation": "3.1.7.3.7.3.7,127",
    "stage": "7"
  },
  {
    "name": "Stiltshire",
    "title": "Stiltshire Bob Triples",
    "notation": "3.145.7.1.7.1.7,125",
    "stage": "7"
  },
  {
    "name": "Paston",
    "title": "Paston Bob Triples",
    "notation": "3.145.7.3.7.3.7,127",
    "stage": "7"
  },
  {
    "name": "Croydon",
    "title": "Croydon Bob Triples",
    "notation": "3.147.5.1.7.5.167,1",
    "stage": "7"
  },
  {
    "name": "Shipway",
    "title": "Shipway Place Triples",
    "notation": "3.147.5.167.7.1.7,127",
    "stage": "7"
  },
  {
    "name": "Westminster II",
    "title": "Westminster II Bob Triples",
    "notation": "3.147.5.367.7.3.7,127",
    "stage": "7"
  },
  {
    "name": "Rondo",
    "title": "Rondo Bob Triples",
    "notation": "3.167.5.123.7.12345.7,127",
    "stage": "7"
  },
  {
    "name": "Pythagorean",
    "title": "Pythagorean Bob Triples",
    "notation": "3.167.5.123.7.125.7,127",
    "stage": "7"
  },
  {
    "name": "Toccata",
    "title": "Toccata Bob Triples",
    "notation": "3.167.5.123.7.345.7,127",
    "stage": "7"
  },
  {
    "name": "Marylebone",
    "title": "Marylebone Bob Triples",
    "notation": "3.167.5.123.7.5.7,127",
    "stage": "7"
  },
  {
    "name": "Palestrina",
    "title": "Palestrina Bob Triples",
    "notation": "3.167.5.3.127.345.7,127",
    "stage": "7"
  },
  {
    "name": "Century",
    "title": "Century Bob Triples",
    "notation": "3.167.5.3.127.5.7,127",
    "stage": "7"
  },
  {
    "name": "Facade",
    "title": "Facade Bob Triples",
    "notation": "3.167.5.3.7.12345.7,127",
    "stage": "7"
  },
  {
    "name": "Lundy",
    "title": "Lundy Bob Triples",
    "notation": "3.167.5.3.7.125.7,127",
    "stage": "7"
  },
  {
    "name": "Passacaglia",
    "title": "Passacaglia Bob Triples",
    "notation": "3.167.5.3.7.345.7,127",
    "stage": "7"
  },
  {
    "name": "Tinsley",
    "title": "Tinsley Bob Triples",
    "notation": "3.167.5.3.7.5.7,127",
    "stage": "7"
  },
  {
    "name": "East Ilsley",
    "title": "East Ilsley Bob Triples",
    "notation": "345.1.127.123.7.12345.7,125",
    "stage": "7"
  },
  {
    "name": "Plaza",
    "title": "Plaza Bob Triples",
    "notation": "345.1.5.123.7.12345.7,127",
    "stage": "7"
  },
  {
    "name": "Salford",
    "title": "Salford Bob Triples",
    "notation": "345.1.5.123.7.125.7,127",
    "stage": "7"
  },
  {
    "name": "Robert",
    "title": "Robert Bob Triples",
    "notation": "345.1.5.123.7.345.7,127",
    "stage": "7"
  },
  {
    "name": "Abba",
    "title": "Abba Bob Triples",
    "notation": "345.1.5.123.7.5.7,127",
    "stage": "7"
  },
  {
    "name": "Biryani",
    "title": "Biryani Bob Triples",
    "notation": "345.1.5.3.127.345.7,127",
    "stage": "7"
  },
  {
    "name": "Flat-iron",
    "title": "Flat-iron Bob Triples",
    "notation": "345.1.5.3.127.5.7,127",
    "stage": "7"
  },
  {
    "name": "Marcus",
    "title": "Marcus Bob Triples",
    "notation": "345.1.5.3.7.12345.7,127",
    "stage": "7"
  },
  {
    "name": "Thermopylae",
    "title": "Thermopylae Bob Triples",
    "notation": "345.1.5.3.7.125.7,127",
    "stage": "7"
  },
  {
    "name": "Ian",
    "title": "Ian Bob Triples",
    "notation": "345.1.5.3.7.345.7,127",
    "stage": "7"
  },
  {
    "name": "Trafalgar",
    "title": "Trafalgar Bob Triples",
    "notation": "345.1.5.3.7.5.7,127",
    "stage": "7"
  },
  {
    "name": "Tyne",
    "title": "Tyne Bob Triples",
    "notation": "345.1.567.123.7.12345.7,127",
    "stage": "7"
  },
  {
    "name": "Attercliffe",
    "title": "Attercliffe Bob Triples",
    "notation": "345.1.567.123.7.125.7,127",
    "stage": "7"
  },
  {
    "name": "Ronaldsway",
    "title": "Ronaldsway Bob Triples",
    "notation": "345.1.567.123.7.345.7,127",
    "stage": "7"
  },
  {
    "name": "Brightside",
    "title": "Brightside Bob Triples",
    "notation": "345.1.567.123.7.5.7,127",
    "stage": "7"
  },
  {
    "name": "Shannon",
    "title": "Shannon Bob Triples",
    "notation": "345.1.567.3.127.345.7,127",
    "stage": "7"
  },
  {
    "name": "Darnall",
    "title": "Darnall Bob Triples",
    "notation": "345.1.567.3.127.5.7,127",
    "stage": "7"
  },
  {
    "name": "Finnisterre",
    "title": "Finnisterre Bob Triples",
    "notation": "345.1.567.3.7.12345.7,127",
    "stage": "7"
  },
  {
    "name": "Aldewarke",
    "title": "Aldewarke Bob Triples",
    "notation": "345.1.567.3.7.125.7,127",
    "stage": "7"
  },
  {
    "name": "Patmos",
    "title": "Patmos Bob Triples",
    "notation": "345.1.567.3.7.345.7,127",
    "stage": "7"
  },
  {
    "name": "Roundwood",
    "title": "Roundwood Bob Triples",
    "notation": "345.1.567.3.7.5.7,127",
    "stage": "7"
  },
  {
    "name": "St Peter Port",
    "title": "St Peter Port Bob Triples",
    "notation": "345.1.7.1.7.1.7,125",
    "stage": "7"
  },
  {
    "name": "Highclere New",
    "title": "Highclere New Bob Triples",
    "notation": "345.1.7.123.7.12345.7,125",
    "stage": "7"
  },
  {
    "name": "Hungerford New",
    "title": "Hungerford New Bob Triples",
    "notation": "345.1.7.123.7.5.7,125",
    "stage": "7"
  },
  {
    "name": "Ashmore Green",
    "title": "Ashmore Green Bob Triples",
    "notation": "345.1.7.3.7.5.7,125",
    "stage": "7"
  },
  {
    "name": "Lune",
    "title": "Lune Bob Triples",
    "notation": "345.167.5.123.7.12345.7,127",
    "stage": "7"
  },
  {
    "name": "Wye",
    "title": "Wye Bob Triples",
    "notation": "345.167.5.123.7.125.7,127",
    "stage": "7"
  },
  {
    "name": "Healey",
    "title": "Healey Bob Triples",
    "notation": "345.167.5.123.7.345.7,127",
    "stage": "7"
  },
  {
    "name": "Humber",
    "title": "Humber Bob Triples",
    "notation": "345.167.5.123.7.5.7,127",
    "stage": "7"
  },
  {
    "name": "Heywood",
    "title": "Heywood Bob Triples",
    "notation": "345.167.5.12367.7.5.7,127",
    "stage": "7"
  },
  {
    "name": "Ceviche",
    "title": "Ceviche Bob Triples",
    "notation": "345.167.5.3.127.345.7,127",
    "stage": "7"
  },
  {
    "name": "Trent",
    "title": "Trent Bob Triples",
    "notation": "345.167.5.3.127.5.7,127",
    "stage": "7"
  },
  {
    "name": "Shawclough",
    "title": "Shawclough Bob Triples",
    "notation": "345.167.5.3.7.12345.7,127",
    "stage": "7"
  },
  {
    "name": "Severn",
    "title": "Severn Bob Triples",
    "notation": "345.167.5.3.7.125.7,127",
    "stage": "7"
  },
  {
    "name": "Ellwoodii",
    "title": "Ellwoodii Bob Triples",
    "notation": "345.167.5.3.7.345.7,127",
    "stage": "7"
  },
  {
    "name": "Avon",
    "title": "Avon Bob Triples",
    "notation": "345.167.5.3.7.5.7,127",
    "stage": "7"
  },
  {
    "name": "Westminster Abbey Coronation",
    "title": "Westminster Abbey Coronation Place Triples",
    "notation": "34567.1.127.123.127.123.7,127",
    "stage": "7"
  },
  {
    "name": "Balmoral on Royal Deeside",
    "title": "Balmoral on Royal Deeside Bob Triples",
    "notation": "34567.1.127.123.127.3.7,127",
    "stage": "7"
  },
  {
    "name": "Jane's New",
    "title": "Jane's New Place Triples",
    "notation": "34567.1.127.123.7.123.7,127",
    "stage": "7"
  },
  {
    "name": "Jakeman's",
    "title": "Jakeman's Bob Triples",
    "notation": "34567.1.127.123.7.3.7,127",
    "stage": "7"
  },
  {
    "name": "Windsor Platinum",
    "title": "Windsor Platinum Place Triples",
    "notation": "34567.1.127.3.127.123.7,127",
    "stage": "7"
  },
  {
    "name": "Gloucestershire Golden Oldies",
    "title": "Gloucestershire Golden Oldies Bob Triples",
    "notation": "34567.1.127.3.127.3.7,127",
    "stage": "7"
  },
  {
    "name": "Golden Year",
    "title": "Golden Year Bob Triples",
    "notation": "34567.1.127.3.7.123.7,127",
    "stage": "7"
  },
  {
    "name": "Charlotte",
    "title": "Charlotte Bob Triples",
    "notation": "34567.1.127.3.7.3.7,127",
    "stage": "7"
  },
  {
    "name": "Snoopy",
    "title": "Snoopy Bob Triples",
    "notation": "34567.1.5.123.7.12345.7,127",
    "stage": "7"
  },
  {
    "name": "Peatling Parva",
    "title": "Peatling Parva Bob Triples",
    "notation": "34567.1.5.123.7.125.7,127",
    "stage": "7"
  },
  {
    "name": "Bramble",
    "title": "Bramble Bob Triples",
    "notation": "34567.1.5.123.7.345.7,127",
    "stage": "7"
  },
  {
    "name": "Hanover",
    "title": "Hanover Bob Triples",
    "notation": "34567.1.5.123.7.5.7,127",
    "stage": "7"
  },
  {
    "name": "Woodstock",
    "title": "Woodstock Bob Triples",
    "notation": "34567.1.5.3.127.345.7,127",
    "stage": "7"
  },
  {
    "name": "Anstey",
    "title": "Anstey Bob Triples",
    "notation": "34567.1.5.3.127.5.7,127",
    "stage": "7"
  },
  {
    "name": "Pushkin",
    "title": "Pushkin Bob Triples",
    "notation": "34567.1.5.3.7.12345.7,127",
    "stage": "7"
  },
  {
    "name": "Brunswick",
    "title": "Brunswick Bob Triples",
    "notation": "34567.1.5.3.7.125.7,127",
    "stage": "7"
  },
  {
    "name": "Sundance",
    "title": "Sundance Bob Triples",
    "notation": "34567.1.5.3.7.345.7,127",
    "stage": "7"
  },
  {
    "name": "Willoughby Waterleys",
    "title": "Willoughby Waterleys Bob Triples",
    "notation": "34567.1.5.3.7.5.7,127",
    "stage": "7"
  },
  {
    "name": "Guisborough",
    "title": "Guisborough Place Triples",
    "notation": "34567.1.567.123.7.12345.7,127",
    "stage": "7"
  },
  {
    "name": "Ashfell",
    "title": "Ashfell Bob Triples",
    "notation": "34567.1.567.123.7.125.7,127",
    "stage": "7"
  },
  {
    "name": "Marske-by-the-Sea",
    "title": "Marske-by-the-Sea Bob Triples",
    "notation": "34567.1.567.123.7.345.7,127",
    "stage": "7"
  },
  {
    "name": "Chorlton-cum-Hardy",
    "title": "Chorlton-cum-Hardy Bob Triples",
    "notation": "34567.1.567.123.7.5.7,127",
    "stage": "7"
  },
  {
    "name": "Dormanstown",
    "title": "Dormanstown Bob Triples",
    "notation": "34567.1.567.3.127.345.7,127",
    "stage": "7"
  },
  {
    "name": "Newlands",
    "title": "Newlands Bob Triples",
    "notation": "34567.1.567.3.127.5.7,127",
    "stage": "7"
  },
  {
    "name": "Redcar",
    "title": "Redcar Bob Triples",
    "notation": "34567.1.567.3.7.12345.7,127",
    "stage": "7"
  },
  {
    "name": "Ikaria",
    "title": "Ikaria Bob Triples",
    "notation": "34567.1.567.3.7.125.7,127",
    "stage": "7"
  },
  {
    "name": "Grangetown",
    "title": "Grangetown Bob Triples",
    "notation": "34567.1.567.3.7.345.7,127",
    "stage": "7"
  },
  {
    "name": "Egerton",
    "title": "Egerton Bob Triples",
    "notation": "34567.1.567.3.7.5.7,127",
    "stage": "7"
  },
  {
    "name": "Aberdare St Elvan",
    "title": "Aberdare St Elvan Place Triples",
    "notation": "34567.1.7.1.7.1.7,127",
    "stage": "7"
  },
  {
    "name": "Magnis Campanis",
    "title": "Magnis Campanis Place Triples",
    "notation": "34567.1.7.123.127.123.7,127",
    "stage": "7"
  },
  {
    "name": "Dewbys Bells",
    "title": "Dewbys Bells Bob Triples",
    "notation": "34567.1.7.123.127.3.7,127",
    "stage": "7"
  },
  {
    "name": "Bishop of Monmouth",
    "title": "Bishop of Monmouth Place Triples",
    "notation": "34567.1.7.123.7.123.7,127",
    "stage": "7"
  },
  {
    "name": "Malling Diamond",
    "title": "Malling Diamond Bob Triples",
    "notation": "34567.1.7.123.7.3.7,127",
    "stage": "7"
  },
  {
    "name": "St Laurence",
    "title": "St Laurence Bob Triples",
    "notation": "34567.1.7.3.127.123.7,127",
    "stage": "7"
  },
  {
    "name": "Pukerua Bay",
    "title": "Pukerua Bay Bob Triples",
    "notation": "34567.1.7.3.127.3.7,127",
    "stage": "7"
  },
  {
    "name": "90th Birthday",
    "title": "90th Birthday Bob Triples",
    "notation": "34567.1.7.3.7.123.7,127",
    "stage": "7"
  },
  {
    "name": "Holy Trinity",
    "title": "Holy Trinity Bob Triples",
    "notation": "34567.1.7.3.7.3.7,127",
    "stage": "7"
  },
  {
    "name": "St Michael and All Angels",
    "title": "St Michael and All Angels Bob Triples",
    "notation": "347.1.127.123.127.123.7,127",
    "stage": "7"
  },
  {
    "name": "St Philip",
    "title": "St Philip Bob Triples",
    "notation": "347.1.127.123.7.123.7,127",
    "stage": "7"
  },
  {
    "name": "Wakeman's",
    "title": "Wakeman's Bob Triples",
    "notation": "347.1.127.123.7.3.7,127",
    "stage": "7"
  },
  {
    "name": "Madeira Island",
    "title": "Madeira Island Bob Triples",
    "notation": "347.1.127.3.127.123.7,127",
    "stage": "7"
  },
  {
    "name": "St Lawrence's",
    "title": "St Lawrence's Bob Triples",
    "notation": "347.1.127.3.7.123.7,127",
    "stage": "7"
  },
  {
    "name": "Rockall",
    "title": "Rockall Bob Triples",
    "notation": "347.1.127.3.7.3.7,127",
    "stage": "7"
  },
  {
    "name": "Canterbury Pleasure",
    "title": "Canterbury Pleasure Bob Triples",
    "notation": "347.1.7.1.7.1.7,127",
    "stage": "7"
  },
  {
    "name": "Drellingore",
    "title": "Drellingore Place Triples",
    "notation": "347.1.7.1.7.123.7,125",
    "stage": "7"
  },
  {
    "name": "The Bees",
    "title": "The Bees Bob Triples",
    "notation": "347.1.7.1.7.145.7,127",
    "stage": "7"
  },
  {
    "name": "Samphire Hoe",
    "title": "Samphire Hoe Bob Triples",
    "notation": "347.1.7.1.7.3.7,125",
    "stage": "7"
  },
  {
    "name": "Gallybagger",
    "title": "Gallybagger Bob Triples",
    "notation": "347.1.7.1.7.3.7,127",
    "stage": "7"
  },
  {
    "name": "St Luke",
    "title": "St Luke Bob Triples",
    "notation": "347.1.7.123.127.123.7,127",
    "stage": "7"
  },
  {
    "name": "St Matthew",
    "title": "St Matthew Bob Triples",
    "notation": "347.1.7.123.127.3.7,127",
    "stage": "7"
  },
  {
    "name": "Temple Ewell",
    "title": "Temple Ewell Place Triples",
    "notation": "347.1.7.123.7.123.7,125",
    "stage": "7"
  },
  {
    "name": "Winchendon",
    "title": "Winchendon Bob Triples",
    "notation": "347.1.7.123.7.123.7,127",
    "stage": "7"
  },
  {
    "name": "Aldbourne",
    "title": "Aldbourne Bob Triples",
    "notation": "347.1.7.123.7.125.7,127",
    "stage": "7"
  },
  {
    "name": "Western Heights",
    "title": "Western Heights Bob Triples",
    "notation": "347.1.7.123.7.3.7,125",
    "stage": "7"
  },
  {
    "name": "St Bernadette",
    "title": "St Bernadette Bob Triples",
    "notation": "347.1.7.123.7.3.7,127",
    "stage": "7"
  },
  {
    "name": "Romsey",
    "title": "Romsey Bob Triples",
    "notation": "347.1.7.123.7.5.7,127",
    "stage": "7"
  },
  {
    "name": "Warden Hill",
    "title": "Warden Hill Bob Triples",
    "notation": "347.1.7.3.127.123.7,127",
    "stage": "7"
  },
  {
    "name": "Kearsney Abbey",
    "title": "Kearsney Abbey Bob Triples",
    "notation": "347.1.7.3.127.3.7,125",
    "stage": "7"
  },
  {
    "name": "St Agatha",
    "title": "St Agatha Bob Triples",
    "notation": "347.1.7.3.127.3.7,127",
    "stage": "7"
  },
  {
    "name": "Nolan",
    "title": "Nolan Bob Triples",
    "notation": "347.1.7.3.7.123.7,125",
    "stage": "7"
  },
  {
    "name": "St Margaret",
    "title": "St Margaret Bob Triples",
    "notation": "347.1.7.3.7.123.7,127",
    "stage": "7"
  },
  {
    "name": "Downton",
    "title": "Downton Bob Triples",
    "notation": "347.1.7.3.7.125.7,127",
    "stage": "7"
  },
  {
    "name": "Maison Dieu",
    "title": "Maison Dieu Bob Triples",
    "notation": "347.1.7.3.7.3.7,125",
    "stage": "7"
  },
  {
    "name": "St Nicholas",
    "title": "St Nicholas Bob Triples",
    "notation": "347.1.7.3.7.3.7,127",
    "stage": "7"
  },
  {
    "name": "St Merwenna",
    "title": "St Merwenna Bob Triples",
    "notation": "347.1.7.3.7.5.7,127",
    "stage": "7"
  },
  {
    "name": "Philadelphus",
    "title": "Philadelphus Bob Triples",
    "notation": "367.1.5.123.7.12345.7,127",
    "stage": "7"
  },
  {
    "name": "Superlation",
    "title": "Superlation Bob Triples",
    "notation": "367.1.5.123.7.125.7,127",
    "stage": "7"
  },
  {
    "name": "Chrysanthemum",
    "title": "Chrysanthemum Bob Triples",
    "notation": "367.1.5.123.7.345.7,127",
    "stage": "7"
  },
  {
    "name": "Bunter",
    "title": "Bunter Bob Triples",
    "notation": "367.1.5.123.7.5.7,127",
    "stage": "7"
  },
  {
    "name": "Buddleia",
    "title": "Buddleia Bob Triples",
    "notation": "367.1.5.3.127.345.7,127",
    "stage": "7"
  },
  {
    "name": "Kea",
    "title": "Kea Bob Triples",
    "notation": "367.1.5.3.127.5.7,127",
    "stage": "7"
  },
  {
    "name": "Rhododendron",
    "title": "Rhododendron Bob Triples",
    "notation": "367.1.5.3.7.12345.7,127",
    "stage": "7"
  },
  {
    "name": "Wimsey",
    "title": "Wimsey Bob Triples",
    "notation": "367.1.5.3.7.125.7,127",
    "stage": "7"
  },
  {
    "name": "Astilbe",
    "title": "Astilbe Bob Triples",
    "notation": "367.1.5.3.7.345.7,127",
    "stage": "7"
  },
  {
    "name": "Sayers",
    "title": "Sayers Bob Triples",
    "notation": "367.1.5.3.7.5.7,127",
    "stage": "7"
  },
  {
    "name": "Middlesbrough",
    "title": "Middlesbrough Bob Triples",
    "notation": "367.1.567.123.7.12345.7,127",
    "stage": "7"
  },
  {
    "name": "Chalfont",
    "title": "Chalfont Bob Triples",
    "notation": "367.1.567.123.7.125.7,127",
    "stage": "7"
  },
  {
    "name": "Teeside",
    "title": "Teeside Bob Triples",
    "notation": "367.1.567.123.7.345.7,127",
    "stage": "7"
  },
  {
    "name": "Craythorne",
    "title": "Craythorne Bob Triples",
    "notation": "367.1.567.123.7.5.7,127",
    "stage": "7"
  },
  {
    "name": "South Bank",
    "title": "South Bank Bob Triples",
    "notation": "367.1.567.3.127.345.7,127",
    "stage": "7"
  },
  {
    "name": "Brampton",
    "title": "Brampton Bob Triples",
    "notation": "367.1.567.3.127.5.7,127",
    "stage": "7"
  },
  {
    "name": "Cleveland",
    "title": "Cleveland Bob Triples",
    "notation": "367.1.567.3.7.12345.7,127",
    "stage": "7"
  },
  {
    "name": "Kench Hill",
    "title": "Kench Hill Bob Triples",
    "notation": "367.1.567.3.7.125.7,127",
    "stage": "7"
  },
  {
    "name": "Saltburn",
    "title": "Saltburn Bob Triples",
    "notation": "367.1.567.3.7.345.7,127",
    "stage": "7"
  },
  {
    "name": "Beresford",
    "title": "Beresford Bob Triples",
    "notation": "367.1.567.3.7.5.7,127",
    "stage": "7"
  },
  {
    "name": "Kintbury New",
    "title": "Kintbury New Bob Triples",
    "notation": "5.1.127.123.7.5.7,125",
    "stage": "7"
  },
  {
    "name": "Cringleford",
    "title": "Cringleford Bob Triples",
    "notation": "5.1.5.1.347.125.7,127",
    "stage": "7"
  },
  {
    "name": "Dereham",
    "title": "Dereham Bob Triples",
    "notation": "5.1.5.1.347.5.7,127",
    "stage": "7"
  },
  {
    "name": "Kingsclere",
    "title": "Kingsclere Bob Triples",
    "notation": "5.1.5.1.7.1.7,125",
    "stage": "7"
  },
  {
    "name": "Carshalton",
    "title": "Carshalton Bob Triples",
    "notation": "5.1.5.1.7.5.7,127",
    "stage": "7"
  },
  {
    "name": "Little Orchard",
    "title": "Little Orchard Bob Triples",
    "notation": "5.1.5.123.7.145.7,127",
    "stage": "7"
  },
  {
    "name": "St Ethelflaeda",
    "title": "St Ethelflaeda Bob Triples",
    "notation": "5.1.5.3.127.3.7,127",
    "stage": "7"
  },
  {
    "name": "Aquarius",
    "title": "Aquarius Bob Triples",
    "notation": "5.1.5.3.7.123.7,127",
    "stage": "7"
  },
  {
    "name": "Hurstbourne Priors",
    "title": "Hurstbourne Priors Bob Triples",
    "notation": "5.1.5.3.7.3.7,125",
    "stage": "7"
  },
  {
    "name": "St Edmundsbury",
    "title": "St Edmundsbury Bob Triples",
    "notation": "5.1.5.3.7.3.7,127",
    "stage": "7"
  },
  {
    "name": "Middlesex",
    "title": "Middlesex Bob Triples",
    "notation": "5.1.7.1.7.1.7,125",
    "stage": "7"
  },
  {
    "name": "Hawkhurst",
    "title": "Hawkhurst Bob Triples",
    "notation": "5.1.7.1.7.3.7,127",
    "stage": "7"
  },
  {
    "name": "Chieveley",
    "title": "Chieveley Bob Triples",
    "notation": "5.1.7.123.7.12345.7,125",
    "stage": "7"
  },
  {
    "name": "Bucklebury",
    "title": "Bucklebury Bob Triples",
    "notation": "5.1.7.123.7.5.7,125",
    "stage": "7"
  },
  {
    "name": "Golden Gate",
    "title": "Golden Gate Bob Triples",
    "notation": "5.1.7.3.347.3.7,125",
    "stage": "7"
  },
  {
    "name": "Cold Ash",
    "title": "Cold Ash Bob Triples",
    "notation": "5.1.7.3.7.5.7,125",
    "stage": "7"
  },
  {
    "name": "Penning's",
    "title": "Penning's Bob Triples",
    "notation": "5.147.5.3.147.3.7,127",
    "stage": "7"
  },
  {
    "name": "Aluminium",
    "title": "Aluminium Bob Triples",
    "notation": "5.147.5.3.7.123.7,127",
    "stage": "7"
  },
  {
    "name": "Clavis",
    "title": "Clavis Bob Triples",
    "notation": "5.147.5.3.7.3.7,127",
    "stage": "7"
  },
  {
    "name": "Wyatts Yard",
    "title": "Wyatts Yard Bob Triples",
    "notation": "567.1.127.123.127.123.7,127",
    "stage": "7"
  },
  {
    "name": "God Save the King!",
    "title": "God Save the King! Bob Triples",
    "notation": "567.1.127.123.7.123.7,127",
    "stage": "7"
  },
  {
    "name": "Mythering",
    "title": "Mythering Bob Triples",
    "notation": "567.1.127.123.7.3.7,127",
    "stage": "7"
  },
  {
    "name": "Treetops",
    "title": "Treetops Bob Triples",
    "notation": "567.1.127.3.127.123.7,127",
    "stage": "7"
  },
  {
    "name": "Alta Kabano",
    "title": "Alta Kabano Bob Triples",
    "notation": "567.1.127.3.7.123.7,127",
    "stage": "7"
  },
  {
    "name": "Hermitage",
    "title": "Hermitage Bob Triples",
    "notation": "567.1.127.3.7.3.7,127",
    "stage": "7"
  },
  {
    "name": "Banstead",
    "title": "Banstead Bob Triples",
    "notation": "567.1.7.1.7.1.7,125",
    "stage": "7"
  },
  {
    "name": "Hunslet",
    "title": "Hunslet Bob Triples",
    "notation": "567.1.7.1.7.1.7,127",
    "stage": "7"
  },
  {
    "name": "St Peter's College",
    "title": "St Peter's College Bob Triples",
    "notation": "567.1.7.1.7.145.7,127",
    "stage": "7"
  },
  {
    "name": "St Mary's",
    "title": "St Mary's Bob Triples",
    "notation": "567.1.7.1.7.3.7,127",
    "stage": "7"
  },
  {
    "name": "Wilderness",
    "title": "Wilderness Bob Triples",
    "notation": "567.1.7.123.127.123.7,127",
    "stage": "7"
  },
  {
    "name": "Erica Magnis",
    "title": "Erica Magnis Bob Triples",
    "notation": "567.1.7.123.127.3.7,127",
    "stage": "7"
  },
  {
    "name": "Crossways",
    "title": "Crossways Bob Triples",
    "notation": "567.1.7.123.7.123.7,127",
    "stage": "7"
  },
  {
    "name": "Devonport Naval Base",
    "title": "Devonport Naval Base Bob Triples",
    "notation": "567.1.7.123.7.125.7,127",
    "stage": "7"
  },
  {
    "name": "Wellington",
    "title": "Wellington Bob Triples",
    "notation": "567.1.7.123.7.3.7,127",
    "stage": "7"
  },
  {
    "name": "Owl",
    "title": "Owl Bob Triples",
    "notation": "567.1.7.123.7.345.7,127",
    "stage": "7"
  },
  {
    "name": "Bicycle Ring on Tour",
    "title": "Bicycle Ring on Tour Bob Triples",
    "notation": "567.1.7.3.127.123.7,127",
    "stage": "7"
  },
  {
    "name": "Bicycle Ring",
    "title": "Bicycle Ring Bob Triples",
    "notation": "567.1.7.3.127.3.7,127",
    "stage": "7"
  },
  {
    "name": "Robin",
    "title": "Robin Bob Triples",
    "notation": "567.1.7.3.127.345.7,127",
    "stage": "7"
  },
  {
    "name": "Stoke Minster",
    "title": "Stoke Minster Bob Triples",
    "notation": "567.1.7.3.7.123.7,127",
    "stage": "7"
  },
  {
    "name": "Blackbird",
    "title": "Blackbird Bob Triples",
    "notation": "567.1.7.3.7.125.7,127",
    "stage": "7"
  },
  {
    "name": "20th Birthday",
    "title": "20th Birthday Bob Triples",
    "notation": "567.1.7.3.7.345.7,127",
    "stage": "7"
  },
  {
    "name": "Albatross",
    "title": "Albatross Bob Triples",
    "notation": "567.1.7.3.7.5.7,127",
    "stage": "7"
  },
  {
    "name": "Pudsey",
    "title": "Pudsey Bob Triples",
    "notation": "567.167.7.1.7.1.7,125",
    "stage": "7"
  },
  {
    "name": "St Anne's",
    "title": "St Anne's Bob Triples",
    "notation": "7.1.127.123.127.123.7,127",
    "stage": "7"
  },
  {
    "name": "Finlay",
    "title": "Finlay Bob Triples",
    "notation": "7.1.127.123.127.3.7,127",
    "stage": "7"
  },
  {
    "name": "Dame Vera Lynn New",
    "title": "Dame Vera Lynn New Bob Triples",
    "notation": "7.1.127.123.7.123.7,125",
    "stage": "7"
  },
  {
    "name": "Eynesbury",
    "title": "Eynesbury Bob Triples",
    "notation": "7.1.127.123.7.123.7,127",
    "stage": "7"
  },
  {
    "name": "St John the Baptist",
    "title": "St John the Baptist Bob Triples",
    "notation": "7.1.127.123.7.3.7,127",
    "stage": "7"
  },
  {
    "name": "St Helena",
    "title": "St Helena Bob Triples",
    "notation": "7.1.127.3.127.123.7,127",
    "stage": "7"
  },
  {
    "name": "St Patrick's",
    "title": "St Patrick's Bob Triples",
    "notation": "7.1.127.3.127.3.7,127",
    "stage": "7"
  },
  {
    "name": "St Piran",
    "title": "St Piran Bob Triples",
    "notation": "7.1.127.3.7.123.7,127",
    "stage": "7"
  },
  {
    "name": "St Osmund",
    "title": "St Osmund Bob Triples",
    "notation": "7.1.127.3.7.3.7,127",
    "stage": "7"
  },
  {
    "name": "Dordrecht",
    "title": "Dordrecht Bob Triples",
    "notation": "7.1.5.1.7.145.7,127",
    "stage": "7"
  },
  {
    "name": "Hammersmith",
    "title": "Hammersmith Bob Triples",
    "notation": "7.1.5.123.7.345.7,127",
    "stage": "7"
  },
  {
    "name": "St Thomas's",
    "title": "St Thomas's Bob Triples",
    "notation": "7.1.5.123.7.5.7,127",
    "stage": "7"
  },
  {
    "name": "Horringer",
    "title": "Horringer Bob Triples",
    "notation": "7.1.5.3.127.5.7,127",
    "stage": "7"
  },
  {
    "name": "Baker Street",
    "title": "Baker Street Bob Triples",
    "notation": "7.1.5.3.7.125.7,127",
    "stage": "7"
  },
  {
    "name": "Kings Cross",
    "title": "Kings Cross Bob Triples",
    "notation": "7.1.5.3.7.345.7,127",
    "stage": "7"
  },
  {
    "name": "St Pancras",
    "title": "St Pancras Bob Triples",
    "notation": "7.1.5.3.7.5.7,127",
    "stage": "7"
  },
  {
    "name": "Brue",
    "title": "Brue Bob Triples",
    "notation": "7.1.567.3.7.125.7,127",
    "stage": "7"
  },
  {
    "name": "Axe",
    "title": "Axe Bob Triples",
    "notation": "7.1.567.3.7.5.7,127",
    "stage": "7"
  },
  {
    "name": "Fork Handles",
    "title": "Fork Handles Bob Triples",
    "notation": "7.1.7.1.347.5.7,125",
    "stage": "7"
  },
  {
    "name": "Reverse",
    "title": "Reverse Bob Triples",
    "notation": "7.1.7.1.7.1.167,1",
    "stage": "7"
  },
  {
    "name": "Plain",
    "title": "Plain Bob Triples",
    "notation": "7.1.7.1.7.1.7,127",
    "stage": "7"
  },
  {
    "name": "Farthingloe",
    "title": "Farthingloe Bob Triples",
    "notation": "7.1.7.1.7.123.7,125",
    "stage": "7"
  },
  {
    "name": "Owen C R Webster",
    "title": "Owen C R Webster Bob Triples",
    "notation": "7.1.7.1.7.3.7,125",
    "stage": "7"
  },
  {
    "name": "Quasimodo",
    "title": "Quasimodo Bob Triples",
    "notation": "7.1.7.1.7.3.7,127",
    "stage": "7"
  },
  {
    "name": "Four Candles",
    "title": "Four Candles Bob Triples",
    "notation": "7.1.7.1.7.345.7,125",
    "stage": "7"
  },
  {
    "name": "Ray Morgan",
    "title": "Ray Morgan Bob Triples",
    "notation": "7.1.7.1.7.5.7,125",
    "stage": "7"
  },
  {
    "name": "St Barnabas",
    "title": "St Barnabas Bob Triples",
    "notation": "7.1.7.123.127.123.7,127",
    "stage": "7"
  },
  {
    "name": "Garnet",
    "title": "Garnet Bob Triples",
    "notation": "7.1.7.123.127.3.7,127",
    "stage": "7"
  },
  {
    "name": "Dover White Cliffs",
    "title": "Dover White Cliffs Bob Triples",
    "notation": "7.1.7.123.7.123.7,125",
    "stage": "7"
  },
  {
    "name": "St Martin's",
    "title": "St Martin's Bob Triples",
    "notation": "7.1.7.123.7.123.7,127",
    "stage": "7"
  },
  {
    "name": "Egret",
    "title": "Egret Bob Triples",
    "notation": "7.1.7.123.7.125.7,127",
    "stage": "7"
  },
  {
    "name": "Bluebells Over",
    "title": "Bluebells Over Bob Triples",
    "notation": "7.1.7.123.7.3.7,125",
    "stage": "7"
  },
  {
    "name": "St Andrew",
    "title": "St Andrew Bob Triples",
    "notation": "7.1.7.123.7.3.7,127",
    "stage": "7"
  },
  {
    "name": "Greenfinch",
    "title": "Greenfinch Bob Triples",
    "notation": "7.1.7.123.7.5.7,127",
    "stage": "7"
  },
  {
    "name": "St Mary the Virgin",
    "title": "St Mary the Virgin Bob Triples",
    "notation": "7.1.7.3.127.123.7,127",
    "stage": "7"
  },
  {
    "name": "Alfreton",
    "title": "Alfreton Bob Triples",
    "notation": "7.1.7.3.127.3.7,125",
    "stage": "7"
  },
  {
    "name": "St Alkmund",
    "title": "St Alkmund Bob Triples",
    "notation": "7.1.7.3.127.3.7,127",
    "stage": "7"
  },
  {
    "name": "Alkham Valley",
    "title": "Alkham Valley Bob Triples",
    "notation": "7.1.7.3.147.3.7,127",
    "stage": "7"
  },
  {
    "name": "Crabble Mill",
    "title": "Crabble Mill Bob Triples",
    "notation": "7.1.7.3.147.5.7,127",
    "stage": "7"
  },
  {
    "name": "Julie McDonnell New",
    "title": "Julie McDonnell New Bob Triples",
    "notation": "7.1.7.3.7.123.7,125",
    "stage": "7"
  },
  {
    "name": "St Peter",
    "title": "St Peter Bob Triples",
    "notation": "7.1.7.3.7.123.7,127",
    "stage": "7"
  },
  {
    "name": "Dotterel",
    "title": "Dotterel Bob Triples",
    "notation": "7.1.7.3.7.125.7,127",
    "stage": "7"
  },
  {
    "name": "Quadruple Double Extreme",
    "title": "Quadruple Double Extreme Bob Triples",
    "notation": "7.1.7.3.7.145.7,127",
    "stage": "7"
  },
  {
    "name": "Royal Holloway College",
    "title": "Royal Holloway College Bob Triples",
    "notation": "7.1.7.3.7.3.7,125",
    "stage": "7"
  },
  {
    "name": "St Simon's",
    "title": "St Simon's Bob Triples",
    "notation": "7.1.7.3.7.3.7,127",
    "stage": "7"
  },
  {
    "name": "Capercaillie",
    "title": "Capercaillie Bob Triples",
    "notation": "7.1.7.3.7.5.7,127",
    "stage": "7"
  },
  {
    "name": "Diamond",
    "title": "Diamond Bob Triples",
    "notation": "7.145.7.3.7.123.7,127",
    "stage": "7"
  },
  {
    "name": "Amethyst",
    "title": "Amethyst Bob Triples",
    "notation": "7.145.7.3.7.3.7,127",
    "stage": "7"
  },
  {
    "name": "Platinum",
    "title": "Platinum Bob Triples",
    "notation": "7.147.7.3.7.345.7,127",
    "stage": "7"
  },
  {
    "name": "Bistow",
    "title": "Bistow Little Bob Triples",
    "notation": "7.127,1",
    "stage": "7"
  },
  {
    "name": "Ashford",
    "title": "Ashford Little Bob Triples",
    "notation": "7.1.3,127",
    "stage": "7"
  },
  {
    "name": "Axminster",
    "title": "Axminster Little Bob Triples",
    "notation": "345.1.5.1.5,127",
    "stage": "7"
  },
  {
    "name": "Octopod",
    "title": "Octopod Little Bob Triples",
    "notation": "345.1.5.3.5,127",
    "stage": "7"
  },
  {
    "name": "Century",
    "title": "Century Little Bob Triples",
    "notation": "5.1.5.1.5,127",
    "stage": "7"
  },
  {
    "name": "West Sussex",
    "title": "West Sussex Little Bob Triples",
    "notation": "5.1.5.3.5,127",
    "stage": "7"
  },
  {
    "name": "Strike-Back",
    "title": "Strike-Back Little Bob Triples",
    "notation": "5.167.5.167.5,127",
    "stage": "7"
  },
  {
    "name": "Sherlock",
    "title": "Sherlock Little Bob Triples",
    "notation": "7.1.5.1.5,127",
    "stage": "7"
  },
  {
    "name": "Hever",
    "title": "Hever Little Bob Triples",
    "notation": "7.1.5.3.5,127",
    "stage": "7"
  },
  {
    "name": "St Simon's",
    "title": "St Simon's Little Bob Triples",
    "notation": "7.1.7.3.5,127",
    "stage": "7"
  },
  {
    "name": "Sherborne Abbey",
    "title": "Sherborne Abbey Little Bob Triples",
    "notation": "7.145.5.3.5,127",
    "stage": "7"
  },
  {
    "name": "Jane Austen",
    "title": "Jane Austen Little Bob Triples",
    "notation": "5.1.5.1.7.167,1",
    "stage": "7"
  },
  {
    "name": "Little Little Little Little Little Penultimus",
    "title": "Little Little Little Little Little Penultimus Little Place Triples",
    "notation": "7.1.7.1.7.167,1",
    "stage": "7"
  },
  {
    "name": "Single Oxford",
    "title": "Single Oxford Bob Triples",
    "notation": "3,1.5.1.7.1.7.1",
    "stage": "7"
  },
  {
    "name": "Hereward",
    "title": "Hereward Bob Triples",
    "notation": "3,1.5.1.7.3.7.1",
    "stage": "7"
  },
  {
    "name": "Stanstead",
    "title": "Stanstead Bob Triples",
    "notation": "3,1.5.1.7.3.7.3",
    "stage": "7"
  },
  {
    "name": "Double Oxford",
    "title": "Double Oxford Bob Triples",
    "notation": "3,1.5.1.7.3.7.5",
    "stage": "7"
  },
  {
    "name": "Grandsire",
    "title": "Grandsire Triples",
    "notation": "3,1.7.1.7.1.7.1",
    "stage": "7"
  },
  {
    "name": "London New",
    "title": "London New Bob Triples",
    "notation": "3,1.7.1.7.1.7.3",
    "stage": "7"
  },
  {
    "name": "Double Grandsire",
    "title": "Double Grandsire Triples",
    "notation": "3,1.7.1.7.1.7.5",
    "stage": "7"
  },
  {
    "name": "Aldington Pleasure",
    "title": "Aldington Pleasure Bob Triples",
    "notation": "3,1.7.1.7.3.7.1",
    "stage": "7"
  },
  {
    "name": "St Clement's College",
    "title": "St Clement's College Bob Triples",
    "notation": "3,1.7.1.7.3.7.3",
    "stage": "7"
  },
  {
    "name": "Single Darlaston",
    "title": "Single Darlaston Bob Triples",
    "notation": "5,1.5.1.7.1.7.1",
    "stage": "7"
  },
  {
    "name": "Ledbury",
    "title": "Ledbury Bob Triples",
    "notation": "5,1.5.1.7.1.7.3",
    "stage": "7"
  },
  {
    "name": "Albion Delight",
    "title": "Albion Delight Bob Triples",
    "notation": "5,1.5.1.7.3.7.5",
    "stage": "7"
  },
  {
    "name": "London Delight",
    "title": "London Delight Bob Triples",
    "notation": "5,1.7.1.7.1.7.5",
    "stage": "7"
  },
  {
    "name": "Single Court",
    "title": "Single Court Bob Triples",
    "notation": "7,1.5.1.7.1.7.1",
    "stage": "7"
  },
  {
    "name": "Wenlock",
    "title": "Wenlock Bob Triples",
    "notation": "7,1.5.1.7.1.7.5",
    "stage": "7"
  },
  {
    "name": "Double Court",
    "title": "Double Court Bob Triples",
    "notation": "7,1.5.1.7.3.7.1",
    "stage": "7"
  },
  {
    "name": "London",
    "title": "London Bob Triples",
    "notation": "7,1.5.1.7.3.7.5",
    "stage": "7"
  },
  {
    "name": "Reverse Grandsire",
    "title": "Reverse Grandsire Triples",
    "notation": "7,1.7.1.7.1.7.5",
    "stage": "7"
  },
  {
    "name": "Bridge's Pleasure",
    "title": "Bridge's Pleasure Bob Triples",
    "notation": "7,1.7.1.7.3.7.1",
    "stage": "7"
  },
  {
    "name": "College",
    "title": "College Bob Triples",
    "notation": "7,1.7.1.7.3.7.3",
    "stage": "7"
  },
  {
    "name": "Dewsbury",
    "title": "Dewsbury Bob Triples",
    "notation": "7,1.7.1.7.3.7.5",
    "stage": "7"
  },
  {
    "name": "Little Grandsire",
    "title": "Little Grandsire Triples",
    "notation": "3,1.7.1.5.1",
    "stage": "7"
  },
  {
    "name": "Poyle",
    "title": "Poyle Slow Course Triples",
    "notation": "3.1.7.1.7.1.567,123",
    "stage": "7"
  },
  {
    "name": "Da Staines-upon-Thames Massive",
    "title": "Da Staines-upon-Thames Massive Slow Course Triples",
    "notation": "345.1.7.1.7.1.567,123",
    "stage": "7"
  },
  {
    "name": "Candlesby",
    "title": "Candlesby Slow Course Triples",
    "notation": "7.1.7.1.7.1.567,127",
    "stage": "7"
  },
  {
    "name": "Rugby",
    "title": "Rugby Slow Course Triples",
    "notation": "7.1.7.3.7.3.127,127",
    "stage": "7"
  },
  {
    "name": "Canny",
    "title": "Canny Bob Triples",
    "notation": "7.1.7.1.7.1.7,147",
    "stage": "7"
  },
  {
    "name": "St Hugh",
    "title": "St Hugh Bob Triples",
    "notation": "3.1.7.1.7.1.7.1.7.1.7.1.7.123",
    "stage": "7"
  },
  {
    "name": "Barrow-upon-Humber",
    "title": "Barrow-upon-Humber Bob Triples",
    "notation": "3.1.7.1.7.1.7.1.7.1.7.1.7.127",
    "stage": "7"
  },
  {
    "name": "John David",
    "title": "John David Bob Triples",
    "notation": "3.1.7.1.7.3.7.3.7.3.7.1.7.123",
    "stage": "7"
  },
  {
    "name": "Holy Orders",
    "title": "Holy Orders Bob Triples",
    "notation": "7.1.7.1.7.1.7.1.7.1.7.1.3.123",
    "stage": "7"
  },
  {
    "name": "Elizabeth Regina",
    "title": "Elizabeth Regina Bob Triples",
    "notation": "7.1.7.123.7.3.7.3.127.3.7.1.7.127",
    "stage": "7"
  },
  {
    "name": "Clun",
    "title": "Clun Bob Triples",
    "notation": "7.1.7.3.127.3.7.3.7.123.7.1.7.127",
    "stage": "7"
  },
  {
    "name": "Lenton",
    "title": "Lenton Bob Triples",
    "notation": "7.1.7.3.7.3.7.3.7.3.7.1.3.123",
    "stage": "7"
  },
  {
    "name": "Single Cambridge Cyclic",
    "title": "Single Cambridge Cyclic Bob Triples",
    "notation": "3.1.5.1.7.1.7.1.7.1.7.1.7.1",
    "stage": "7"
  },
  {
    "name": "Camberwell",
    "title": "Camberwell Bob Triples",
    "notation": "3.1.5.1.7.1.7.3.7.3.7.1.5.1",
    "stage": "7"
  },
  {
    "name": "Greenwich",
    "title": "Greenwich Bob Triples",
    "notation": "3.1.5.1.7.1.7.5.7.3.7.1.5.1",
    "stage": "7"
  },
  {
    "name": "Double Cambridge Cyclic",
    "title": "Double Cambridge Cyclic Bob Triples",
    "notation": "3.1.5.1.7.1.7.5.7.3.7.1.7.1",
    "stage": "7"
  },
  {
    "name": "Yorkshire Court",
    "title": "Yorkshire Court Bob Triples",
    "notation": "3.1.5.1.7.3.7.1.7.1.7.1.7.1",
    "stage": "7"
  },
  {
    "name": "Hackney",
    "title": "Hackney Bob Triples",
    "notation": "3.1.5.1.7.3.7.3.7.1.7.1.5.1",
    "stage": "7"
  },
  {
    "name": "Chiswick",
    "title": "Chiswick Bob Triples",
    "notation": "3.1.5.1.7.3.7.5.7.1.7.1.5.1",
    "stage": "7"
  },
  {
    "name": "Pearl",
    "title": "Pearl Bob Triples",
    "notation": "3.1.5.1.7.3.7.5.7.3.7.1.7.1",
    "stage": "7"
  },
  {
    "name": "Union",
    "title": "Union Triples",
    "notation": "3.1.7.1.7.1.7.1.7.1.7.1.5.1",
    "stage": "7"
  },
  {
    "name": "Calvary",
    "title": "Calvary Bob Triples",
    "notation": "3.1.7.1.7.1.7.1.7.3.7.1.5.1",
    "stage": "7"
  },
  {
    "name": "Tottenham",
    "title": "Tottenham Bob Triples",
    "notation": "3.1.7.1.7.3.7.3.7.1.7.1.7.1",
    "stage": "7"
  },
  {
    "name": "Annable's Diamond",
    "title": "Annable's Diamond Bob Triples",
    "notation": "3.1.7.1.7.3.7.5.7.3.7.1.5.1",
    "stage": "7"
  },
  {
    "name": "Brillig",
    "title": "Brillig Bob Triples",
    "notation": "3.1.7.1.7.5.7.5.7.1.5.1.7.1",
    "stage": "7"
  },
  {
    "name": "Glastonbury",
    "title": "Glastonbury Bob Triples",
    "notation": "3.1.7.1.7.5.7.5.7.3.5.1.5.1",
    "stage": "7"
  },
  {
    "name": "Winford",
    "title": "Winford Bob Triples",
    "notation": "3.1.7.3.7.3.7.1.7.1.5.1.5.1",
    "stage": "7"
  },
  {
    "name": "Kensington",
    "title": "Kensington Bob Triples",
    "notation": "5.1.5.1.7.1.7.1.7.3.7.1.5.1",
    "stage": "7"
  },
  {
    "name": "St Mary Bourne",
    "title": "St Mary Bourne Bob Triples",
    "notation": "5.1.5.1.7.1.7.5.7.1.7.1.7.1",
    "stage": "7"
  },
  {
    "name": "Annable's Richmond",
    "title": "Annable's Richmond Bob Triples",
    "notation": "5.1.5.1.7.3.7.1.7.1.7.1.5.1",
    "stage": "7"
  },
  {
    "name": "Wallers' Goodwill",
    "title": "Wallers' Goodwill Bob Triples",
    "notation": "5.1.5.1.7.3.7.1.7.1.7.1.7.1",
    "stage": "7"
  },
  {
    "name": "Stephen Bateman",
    "title": "Stephen Bateman Bob Triples",
    "notation": "5.1.5.3.7.3.7.1.7.3.5.1.5.1",
    "stage": "7"
  },
  {
    "name": "Hankinson's Goodwill",
    "title": "Hankinson's Goodwill Bob Triples",
    "notation": "5.1.7.1.7.1.7.1.7.3.7.1.5.1",
    "stage": "7"
  },
  {
    "name": "Hornmead",
    "title": "Hornmead Bob Triples",
    "notation": "5.1.7.1.7.3.7.5.7.3.7.1.5.1",
    "stage": "7"
  },
  {
    "name": "Evening Exercise",
    "title": "Evening Exercise Bob Triples",
    "notation": "7.1.5.1.7.3.7.1.7.1.7.1.7.1",
    "stage": "7"
  },
  {
    "name": "Longparish",
    "title": "Longparish Bob Triples",
    "notation": "7.1.5.1.7.3.7.3.7.1.7.1.7.1",
    "stage": "7"
  },
  {
    "name": "Battersea",
    "title": "Battersea Bob Triples",
    "notation": "7.1.5.1.7.3.7.3.7.3.7.1.7.1",
    "stage": "7"
  },
  {
    "name": "Evening Delight",
    "title": "Evening Delight Bob Triples",
    "notation": "7.1.7.1.7.1.7.1.7.3.7.1.5.1",
    "stage": "7"
  },
  {
    "name": "Peasemore",
    "title": "Peasemore Bob Triples",
    "notation": "7.1.7.1.7.1.7.3.7.3.7.1.5.1",
    "stage": "7"
  },
  {
    "name": "Surfleet Reverse",
    "title": "Surfleet Reverse Bob Triples",
    "notation": "7.1.7.1.7.1.7.5.7.3.7.1.7.1",
    "stage": "7"
  },
  {
    "name": "Annable's Chelsea",
    "title": "Annable's Chelsea Bob Triples",
    "notation": "7.1.7.1.7.3.7.3.7.3.7.1.5.1",
    "stage": "7"
  },
  {
    "name": "Reverse Union",
    "title": "Reverse Union Triples",
    "notation": "7.1.7.1.7.3.7.5.7.1.7.1.7.1",
    "stage": "7"
  },
  {
    "name": "Christ Church",
    "title": "Christ Church Little Bob Triples",
    "notation": "3.1.7.1.5.1.5.1.5.1",
    "stage": "7"
  },
  {
    "name": "Berkeley",
    "title": "Berkeley Alliance Triples",
    "notation": "7.1.5.3.7.345.5.345.7,127",
    "stage": "7"
  },
  {
    "name": "Barbury",
    "title": "Barbury Alliance Triples",
    "notation": "7.1.5.3.7.5.345.5.7,127",
    "stage": "7"
  },
  {
    "name": "Buckfast Abbey",
    "title": "Buckfast Abbey Alliance Triples",
    "notation": "7.145.5.3.7.345.5.345.7,127",
    "stage": "7"
  },
  {
    "name": "Blunsdon Abbey",
    "title": "Blunsdon Abbey Alliance Triples",
    "notation": "7.145.5.3.7.5.345.5.7,127",
    "stage": "7"
  },
  {
    "name": "J R Hartley's",
    "title": "J R Hartley's Alliance Triples",
    "notation": "7.1.7.127.7.1.7.127.7.1.7.127,1",
    "stage": "7"
  },
  {
    "name": "Kent",
    "title": "Kent Treble Place Triples",
    "notation": "347.7.347.1.7.127.7.1.7.127.7.1.7.127,1",
    "stage": "7"
  },
  {
    "name": "Oxford",
    "title": "Oxford Treble Place Triples",
    "notation": "7.347.7.1.7.127.7.1.7.127.7.1.7.127,1",
    "stage": "7"
  },
  {
    "name": "Candlesby",
    "title": "Candlesby Treble Place Triples",
    "notation": "7.1.7.1.7.1.567.1.7.1.7.1.7.1,127",
    "stage": "7"
  },
  {
    "name": "Bushey",
    "title": "Bushey Treble Place Triples",
    "notation": "5.347.5.1.5.127.5.1.5.7.5.123.5.167,127",
    "stage": "7"
  },
  {
    "name": "Tadgel Short Course",
    "title": "Tadgel Short Course Treble Place Triples",
    "notation": "7.1.7.1.7.1.7.1.7.1.7.1.7.123,127",
    "stage": "7"
  },
  {
    "name": "Original",
    "title": "Original Triples",
    "notation": "7.1",
    "stage": "7"
  },
  {
    "name": "Titanic",
    "title": "Titanic Triples",
    "notation": "7.1.7.3",
    "stage": "7"
  },
  {
    "name": "Erin",
    "title": "Erin Triples",
    "notation": "7.3.1.3.1.3",
    "stage": "7"
  },
  {
    "name": "Stedman",
    "title": "Stedman Triples",
    "notation": "3.1.7.3.1.3.1.3.7.1.3.1",
    "stage": "7"
  },
  {
    "name": "Birmingham Carter",
    "title": "Birmingham Carter Triples",
    "notation": "3.1.7.3.1.3.1.3.7.1.3.7",
    "stage": "7"
  },
  {
    "name": "Reverse Stedman",
    "title": "Reverse Stedman Triples",
    "notation": "5.7.1.5.7.5.7.5.1.7.5.7",
    "stage": "7"
  },
  {
    "name": "Carter",
    "title": "Carter Triples",
    "notation": "7.3.1.3.7.1.3.5.3.5.3.1",
    "stage": "7"
  },
  {
    "name": "Orpheus",
    "title": "Orpheus Triples",
    "notation": "3.123.1.123.7.123.3.123.1.123.3.123.1.123.3.123.7.123.1.123.3.123.1.123",
    "stage": "7"
  },
  {
    "name": "Scientific",
    "title": "Scientific Triples",
    "notation": "3.1.7.1.5.1.7.1.7.5.1.7.1.7.1.7.1.7.1.5.1.5.1.7.1.7.1.7.1.7",
    "stage": "7"
  },
  {
    "name": "Martin's",
    "title": "Martin's Triples",
    "notation": "5.3.1.7.1.7.3.1.7.3.7.1.3.1.7.1.7.3.1.3.1.3.7.1.7.3.1.3.7.1",
    "stage": "7"
  },
  {
    "name": "Artistic",
    "title": "Artistic Triples",
    "notation": "7.1.7.1.7.3.7.3.7.1.3.1.7.3.7.3.1.3.1.3.7.3.1.3.1.3.7.1.7.1",
    "stage": "7"
  },
  {
    "name": "Upham",
    "title": "Upham Differential Triples",
    "notation": "5.3.7.5.147.5.3.145.3.5.127.5.3.7.3.5.1.7.3.5.1.5.3.1.3.5.1.5.3.7.5.1.5.1.7.1.5.1.5.7.3.5.1.5.3.1.3.5.1.5.3.7.1.5.3.7.3.5.127.5.3.145.3.5.147.5.7.3.5.147",
    "stage": "7"
  },
  {
    "name": "St Dunstan's",
    "title": "St Dunstan's Differential Bob Triples",
    "notation": "3.1.5.3.7.1.7,1",
    "stage": "7"
  },
  {
    "name": "Single College",
    "title": "Single College Differential Bob Triples",
    "notation": "5.1.5.1.7.1.7,1",
    "stage": "7"
  },
  {
    "name": "Double College",
    "title": "Double College Differential Bob Triples",
    "notation": "5.1.5.3.7.3.7,1",
    "stage": "7"
  },
  {
    "name": "Single Fulham",
    "title": "Single Fulham Differential Bob Triples",
    "notation": "7.1.5.1.7.1.7,1",
    "stage": "7"
  },
  {
    "name": "Two Towers",
    "title": "Two Towers Differential Bob Triples",
    "notation": "7.1.5.3.7.5.7,1",
    "stage": "7"
  },
  {
    "name": "Sole",
    "title": "Sole Differential Bob Triples",
    "notation": "7.147.7.3.7.345.7,1",
    "stage": "7"
  },
  {
    "name": "Darling",
    "title": "Darling Differential Little Bob Triples",
    "notation": "347.1.7.147,127",
    "stage": "7"
  },
  {
    "name": "Baldrick",
    "title": "Baldrick Differential Little Bob Triples",
    "notation": "7.1.7.147,127",
    "stage": "7"
  },
  {
    "name": "Middlesex",
    "title": "Middlesex Differential Little Bob Triples",
    "notation": "5.1.7.1.567,125",
    "stage": "7"
  },
  {
    "name": "Return of the King",
    "title": "Return of the King Differential Little Bob Triples",
    "notation": "7.1.5.3.5,1",
    "stage": "7"
  },
  {
    "name": "Twerton",
    "title": "Twerton Differential Little Bob Triples",
    "notation": "7.1.7.1.5,127",
    "stage": "7"
  },
  {
    "name": "Bob Palin",
    "title": "Bob Palin Differential Little Bob Triples",
    "notation": "7.1.7.1.7.167,127",
    "stage": "7"
  },
  {
    "name": "Blackadder",
    "title": "Blackadder Differential Alliance Triples",
    "notation": "7.1.7.1.7.347.7.1.7.347,127",
    "stage": "7"
  },
  {
    "name": "Fellowship of the Ring",
    "title": "Fellowship of the Ring Differential Alliance Triples",
    "notation": "7.1.5.3.7.5.3.5.7,1",
    "stage": "7"
  }
]
